User ID,Daily Steps,Calories Burned,Hours of Sleep,Recommended Activity
User 1,5100,1550,7,"Activity 1, Activity 2"
User 2,5200,1600,8,"Activity 2, Activity 3"
User 3,5300,1650,6,"Activity 3, Activity 4"
User 4,5400,1700,7,"Activity 4, Activity 0"
User 5,5500,1750,8,"Activity 0, Activity 1"
User 6,5600,1800,6,"Activity 1, Activity 2"
User 7,5700,1850,7,"Activity 2, Activity 3"
User 8,5800,1900,8,"Activity 3, Activity 4"
User 9,5900,1950,6,"Activity 4, Activity 0"
User 10,6000,2000,7,"Activity 0, Activity 1"
User 11,6100,2050,8,"Activity 1, Activity 2"
User 12,6200,2100,6,"Activity 2, Activity 3"
User 13,6300,2150,7,"Activity 3, Activity 4"
User 14,6400,2200,8,"Activity 4, Activity 0"
User 15,6500,2250,6,"Activity 0, Activity 1"
User 16,6600,2300,7,"Activity 1, Activity 2"
User 17,6700,2350,8,"Activity 2, Activity 3"
User 18,6800,2400,6,"Activity 3, Activity 4"
User 19,6900,2450,7,"Activity 4, Activity 0"
User 20,7000,2500,8,"Activity 0, Activity 1"
User 21,7100,2550,6,"Activity 1, Activity 2"
User 22,7200,2600,7,"Activity 2, Activity 3"
User 23,7300,2650,8,"Activity 3, Activity 4"
User 24,7400,2700,6,"Activity 4, Activity 0"
User 25,7500,2750,7,"Activity 0, Activity 1"
User 26,7600,2800,8,"Activity 1, Activity 2"
User 27,7700,2850,6,"Activity 2, Activity 3"
User 28,7800,2900,7,"Activity 3, Activity 4"
User 29,7900,2950,8,"Activity 4, Activity 0"
User 30,8000,3000,6,"Activity 0, Activity 1"
User 31,8100,3050,7,"Activity 1, Activity 2"
User 32,8200,3100,8,"Activity 2, Activity 3"
User 33,8300,3150,6,"Activity 3, Activity 4"
User 34,8400,3200,7,"Activity 4, Activity 0"
User 35,8500,3250,8,"Activity 0, Activity 1"
User 36,8600,3300,6,"Activity 1, Activity 2"
User 37,8700,3350,7,"Activity 2, Activity 3"
User 38,8800,3400,8,"Activity 3, Activity 4"
User 39,8900,3450,6,"Activity 4, Activity 0"
User 40,9000,3500,7,"Activity 0, Activity 1"
User 41,9100,3550,8,"Activity 1, Activity 2"
User 42,9200,3600,6,"Activity 2, Activity 3"
User 43,9300,3650,7,"Activity 3, Activity 4"
User 44,9400,3700,8,"Activity 4, Activity 0"
User 45,9500,3750,6,"Activity 0, Activity 1"
User 46,9600,3800,7,"Activity 1, Activity 2"
User 47,9700,3850,8,"Activity 2, Activity 3"
User 48,9800,3900,6,"Activity 3, Activity 4"
User 49,9900,3950,7,"Activity 4, Activity 0"
User 50,10000,4000,8,"Activity 0, Activity 1"
User 51,10100,4050,6,"Activity 1, Activity 2"
User 52,10200,4100,7,"Activity 2, Activity 3"
User 53,10300,4150,8,"Activity 3, Activity 4"
User 54,10400,4200,6,"Activity 4, Activity 0"
User 55,10500,4250,7,"Activity 0, Activity 1"
User 56,10600,4300,8,"Activity 1, Activity 2"
User 57,10700,4350,6,"Activity 2, Activity 3"
User 58,10800,4400,7,"Activity 3, Activity 4"
User 59,10900,4450,8,"Activity 4, Activity 0"
User 60,11000,4500,6,"Activity 0, Activity 1"
User 61,11100,4550,7,"Activity 1, Activity 2"
User 62,11200,4600,8,"Activity 2, Activity 3"
User 63,11300,4650,6,"Activity 3, Activity 4"
User 64,11400,4700,7,"Activity 4, Activity 0"
User 65,11500,4750,8,"Activity 0, Activity 1"
User 66,11600,4800,6,"Activity 1, Activity 2"
User 67,11700,4850,7,"Activity 2, Activity 3"
User 68,11800,4900,8,"Activity 3, Activity 4"
User 69,11900,4950,6,"Activity 4, Activity 0"
User 70,12000,5000,7,"Activity 0, Activity 1"
User 71,12100,5050,8,"Activity 1, Activity 2"
User 72,12200,5100,6,"Activity 2, Activity 3"
User 73,12300,5150,7,"Activity 3, Activity 4"
User 74,12400,5200,8,"Activity 4, Activity 0"
User 75,12500,5250,6,"Activity 0, Activity 1"
User 76,12600,5300,7,"Activity 1, Activity 2"
User 77,12700,5350,8,"Activity 2, Activity 3"
User 78,12800,5400,6,"Activity 3, Activity 4"
User 79,12900,5450,7,"Activity 4, Activity 0"
User 80,13000,5500,8,"Activity 0, Activity 1"
User 81,13100,5550,6,"Activity 1, Activity 2"
User 82,13200,5600,7,"Activity 2, Activity 3"
User 83,13300,5650,8,"Activity 3, Activity 4"
User 84,13400,5700,6,"Activity 4, Activity 0"
User 85,13500,5750,7,"Activity 0, Activity 1"
User 86,13600,5800,8,"Activity 1, Activity 2"
User 87,13700,5850,6,"Activity 2, Activity 3"
User 88,13800,5900,7,"Activity 3, Activity 4"
User 89,13900,5950,8,"Activity 4, Activity 0"
User 90,14000,6000,6,"Activity 0, Activity 1"
User 91,14100,6050,7,"Activity 1, Activity 2"
User 92,14200,6100,8,"Activity 2, Activity 3"
User 93,14300,6150,6,"Activity 3, Activity 4"
User 94,14400,6200,7,"Activity 4, Activity 0"
User 95,14500,6250,8,"Activity 0, Activity 1"
User 96,14600,6300,6,"Activity 1, Activity 2"
User 97,14700,6350,7,"Activity 2, Activity 3"
User 98,14800,6400,8,"Activity 3, Activity 4"
User 99,14900,6450,6,"Activity 4, Activity 0"
User 100,15000,6500,7,"Activity 0, Activity 1"
User 101,15100,6550,8,"Activity 1, Activity 2"
User 102,15200,6600,6,"Activity 2, Activity 3"
User 103,15300,6650,7,"Activity 3, Activity 4"
User 104,15400,6700,8,"Activity 4, Activity 0"
User 105,15500,6750,6,"Activity 0, Activity 1"
User 106,15600,6800,7,"Activity 1, Activity 2"
User 107,15700,6850,8,"Activity 2, Activity 3"
User 108,15800,6900,6,"Activity 3, Activity 4"
User 109,15900,6950,7,"Activity 4, Activity 0"
User 110,16000,7000,8,"Activity 0, Activity 1"
User 111,16100,7050,6,"Activity 1, Activity 2"
User 112,16200,7100,7,"Activity 2, Activity 3"
User 113,16300,7150,8,"Activity 3, Activity 4"
User 114,16400,7200,6,"Activity 4, Activity 0"
User 115,16500,7250,7,"Activity 0, Activity 1"
User 116,16600,7300,8,"Activity 1, Activity 2"
User 117,16700,7350,6,"Activity 2, Activity 3"
User 118,16800,7400,7,"Activity 3, Activity 4"
User 119,16900,7450,8,"Activity 4, Activity 0"
User 120,17000,7500,6,"Activity 0, Activity 1"
User 121,17100,7550,7,"Activity 1, Activity 2"
User 122,17200,7600,8,"Activity 2, Activity 3"
User 123,17300,7650,6,"Activity 3, Activity 4"
User 124,17400,7700,7,"Activity 4, Activity 0"
User 125,17500,7750,8,"Activity 0, Activity 1"
User 126,17600,7800,6,"Activity 1, Activity 2"
User 127,17700,7850,7,"Activity 2, Activity 3"
User 128,17800,7900,8,"Activity 3, Activity 4"
User 129,17900,7950,6,"Activity 4, Activity 0"
User 130,18000,8000,7,"Activity 0, Activity 1"
User 131,18100,8050,8,"Activity 1, Activity 2"
User 132,18200,8100,6,"Activity 2, Activity 3"
User 133,18300,8150,7,"Activity 3, Activity 4"
User 134,18400,8200,8,"Activity 4, Activity 0"
User 135,18500,8250,6,"Activity 0, Activity 1"
User 136,18600,8300,7,"Activity 1, Activity 2"
User 137,18700,8350,8,"Activity 2, Activity 3"
User 138,18800,8400,6,"Activity 3, Activity 4"
User 139,18900,8450,7,"Activity 4, Activity 0"
User 140,19000,8500,8,"Activity 0, Activity 1"
User 141,19100,8550,6,"Activity 1, Activity 2"
User 142,19200,8600,7,"Activity 2, Activity 3"
User 143,19300,8650,8,"Activity 3, Activity 4"
User 144,19400,8700,6,"Activity 4, Activity 0"
User 145,19500,8750,7,"Activity 0, Activity 1"
User 146,19600,8800,8,"Activity 1, Activity 2"
User 147,19700,8850,6,"Activity 2, Activity 3"
User 148,19800,8900,7,"Activity 3, Activity 4"
User 149,19900,8950,8,"Activity 4, Activity 0"
User 150,20000,9000,6,"Activity 0, Activity 1"
User 151,20100,9050,7,"Activity 1, Activity 2"
User 152,20200,9100,8,"Activity 2, Activity 3"
User 153,20300,9150,6,"Activity 3, Activity 4"
User 154,20400,9200,7,"Activity 4, Activity 0"
User 155,20500,9250,8,"Activity 0, Activity 1"
User 156,20600,9300,6,"Activity 1, Activity 2"
User 157,20700,9350,7,"Activity 2, Activity 3"
User 158,20800,9400,8,"Activity 3, Activity 4"
User 159,20900,9450,6,"Activity 4, Activity 0"
User 160,21000,9500,7,"Activity 0, Activity 1"
User 161,21100,9550,8,"Activity 1, Activity 2"
User 162,21200,9600,6,"Activity 2, Activity 3"
User 163,21300,9650,7,"Activity 3, Activity 4"
User 164,21400,9700,8,"Activity 4, Activity 0"
User 165,21500,9750,6,"Activity 0, Activity 1"
User 166,21600,9800,7,"Activity 1, Activity 2"
User 167,21700,9850,8,"Activity 2, Activity 3"
User 168,21800,9900,6,"Activity 3, Activity 4"
User 169,21900,9950,7,"Activity 4, Activity 0"
User 170,22000,10000,8,"Activity 0, Activity 1"
User 171,22100,10050,6,"Activity 1, Activity 2"
User 172,22200,10100,7,"Activity 2, Activity 3"
User 173,22300,10150,8,"Activity 3, Activity 4"
User 174,22400,10200,6,"Activity 4, Activity 0"
User 175,22500,10250,7,"Activity 0, Activity 1"
User 176,22600,10300,8,"Activity 1, Activity 2"
User 177,22700,10350,6,"Activity 2, Activity 3"
User 178,22800,10400,7,"Activity 3, Activity 4"
User 179,22900,10450,8,"Activity 4, Activity 0"
User 180,23000,10500,6,"Activity 0, Activity 1"
User 181,23100,10550,7,"Activity 1, Activity 2"
User 182,23200,10600,8,"Activity 2, Activity 3"
User 183,23300,10650,6,"Activity 3, Activity 4"
User 184,23400,10700,7,"Activity 4, Activity 0"
User 185,23500,10750,8,"Activity 0, Activity 1"
User 186,23600,10800,6,"Activity 1, Activity 2"
User 187,23700,10850,7,"Activity 2, Activity 3"
User 188,23800,10900,8,"Activity 3, Activity 4"
User 189,23900,10950,6,"Activity 4, Activity 0"
User 190,24000,11000,7,"Activity 0, Activity 1"
User 191,24100,11050,8,"Activity 1, Activity 2"
User 192,24200,11100,6,"Activity 2, Activity 3"
User 193,24300,11150,7,"Activity 3, Activity 4"
User 194,24400,11200,8,"Activity 4, Activity 0"
User 195,24500,11250,6,"Activity 0, Activity 1"
User 196,24600,11300,7,"Activity 1, Activity 2"
User 197,24700,11350,8,"Activity 2, Activity 3"
User 198,24800,11400,6,"Activity 3, Activity 4"
User 199,24900,11450,7,"Activity 4, Activity 0"
User 200,25000,11500,8,"Activity 0, Activity 1"
User 201,25100,11550,6,"Activity 1, Activity 2"
User 202,25200,11600,7,"Activity 2, Activity 3"
User 203,25300,11650,8,"Activity 3, Activity 4"
User 204,25400,11700,6,"Activity 4, Activity 0"
User 205,25500,11750,7,"Activity 0, Activity 1"
User 206,25600,11800,8,"Activity 1, Activity 2"
User 207,25700,11850,6,"Activity 2, Activity 3"
User 208,25800,11900,7,"Activity 3, Activity 4"
User 209,25900,11950,8,"Activity 4, Activity 0"
User 210,26000,12000,6,"Activity 0, Activity 1"
User 211,26100,12050,7,"Activity 1, Activity 2"
User 212,26200,12100,8,"Activity 2, Activity 3"
User 213,26300,12150,6,"Activity 3, Activity 4"
User 214,26400,12200,7,"Activity 4, Activity 0"
User 215,26500,12250,8,"Activity 0, Activity 1"
User 216,26600,12300,6,"Activity 1, Activity 2"
User 217,26700,12350,7,"Activity 2, Activity 3"
User 218,26800,12400,8,"Activity 3, Activity 4"
User 219,26900,12450,6,"Activity 4, Activity 0"
User 220,27000,12500,7,"Activity 0, Activity 1"
User 221,27100,12550,8,"Activity 1, Activity 2"
User 222,27200,12600,6,"Activity 2, Activity 3"
User 223,27300,12650,7,"Activity 3, Activity 4"
User 224,27400,12700,8,"Activity 4, Activity 0"
User 225,27500,12750,6,"Activity 0, Activity 1"
User 226,27600,12800,7,"Activity 1, Activity 2"
User 227,27700,12850,8,"Activity 2, Activity 3"
User 228,27800,12900,6,"Activity 3, Activity 4"
User 229,27900,12950,7,"Activity 4, Activity 0"
User 230,28000,13000,8,"Activity 0, Activity 1"
User 231,28100,13050,6,"Activity 1, Activity 2"
User 232,28200,13100,7,"Activity 2, Activity 3"
User 233,28300,13150,8,"Activity 3, Activity 4"
User 234,28400,13200,6,"Activity 4, Activity 0"
User 235,28500,13250,7,"Activity 0, Activity 1"
User 236,28600,13300,8,"Activity 1, Activity 2"
User 237,28700,13350,6,"Activity 2, Activity 3"
User 238,28800,13400,7,"Activity 3, Activity 4"
User 239,28900,13450,8,"Activity 4, Activity 0"
User 240,29000,13500,6,"Activity 0, Activity 1"
User 241,29100,13550,7,"Activity 1, Activity 2"
User 242,29200,13600,8,"Activity 2, Activity 3"
User 243,29300,13650,6,"Activity 3, Activity 4"
User 244,29400,13700,7,"Activity 4, Activity 0"
User 245,29500,13750,8,"Activity 0, Activity 1"
User 246,29600,13800,6,"Activity 1, Activity 2"
User 247,29700,13850,7,"Activity 2, Activity 3"
User 248,29800,13900,8,"Activity 3, Activity 4"
User 249,29900,13950,6,"Activity 4, Activity 0"
User 250,30000,14000,7,"Activity 0, Activity 1"
User 251,30100,14050,8,"Activity 1, Activity 2"
User 252,30200,14100,6,"Activity 2, Activity 3"
User 253,30300,14150,7,"Activity 3, Activity 4"
User 254,30400,14200,8,"Activity 4, Activity 0"
User 255,30500,14250,6,"Activity 0, Activity 1"
User 256,30600,14300,7,"Activity 1, Activity 2"
User 257,30700,14350,8,"Activity 2, Activity 3"
User 258,30800,14400,6,"Activity 3, Activity 4"
User 259,30900,14450,7,"Activity 4, Activity 0"
User 260,31000,14500,8,"Activity 0, Activity 1"
User 261,31100,14550,6,"Activity 1, Activity 2"
User 262,31200,14600,7,"Activity 2, Activity 3"
User 263,31300,14650,8,"Activity 3, Activity 4"
User 264,31400,14700,6,"Activity 4, Activity 0"
User 265,31500,14750,7,"Activity 0, Activity 1"
User 266,31600,14800,8,"Activity 1, Activity 2"
User 267,31700,14850,6,"Activity 2, Activity 3"
User 268,31800,14900,7,"Activity 3, Activity 4"
User 269,31900,14950,8,"Activity 4, Activity 0"
User 270,32000,15000,6,"Activity 0, Activity 1"
User 271,32100,15050,7,"Activity 1, Activity 2"
User 272,32200,15100,8,"Activity 2, Activity 3"
User 273,32300,15150,6,"Activity 3, Activity 4"
User 274,32400,15200,7,"Activity 4, Activity 0"
User 275,32500,15250,8,"Activity 0, Activity 1"
User 276,32600,15300,6,"Activity 1, Activity 2"
User 277,32700,15350,7,"Activity 2, Activity 3"
User 278,32800,15400,8,"Activity 3, Activity 4"
User 279,32900,15450,6,"Activity 4, Activity 0"
User 280,33000,15500,7,"Activity 0, Activity 1"
User 281,33100,15550,8,"Activity 1, Activity 2"
User 282,33200,15600,6,"Activity 2, Activity 3"
User 283,33300,15650,7,"Activity 3, Activity 4"
User 284,33400,15700,8,"Activity 4, Activity 0"
User 285,33500,15750,6,"Activity 0, Activity 1"
User 286,33600,15800,7,"Activity 1, Activity 2"
User 287,33700,15850,8,"Activity 2, Activity 3"
User 288,33800,15900,6,"Activity 3, Activity 4"
User 289,33900,15950,7,"Activity 4, Activity 0"
User 290,34000,16000,8,"Activity 0, Activity 1"
User 291,34100,16050,6,"Activity 1, Activity 2"
User 292,34200,16100,7,"Activity 2, Activity 3"
User 293,34300,16150,8,"Activity 3, Activity 4"
User 294,34400,16200,6,"Activity 4, Activity 0"
User 295,34500,16250,7,"Activity 0, Activity 1"
User 296,34600,16300,8,"Activity 1, Activity 2"
User 297,34700,16350,6,"Activity 2, Activity 3"
User 298,34800,16400,7,"Activity 3, Activity 4"
User 299,34900,16450,8,"Activity 4, Activity 0"
User 300,35000,16500,6,"Activity 0, Activity 1"
User 301,35100,16550,7,"Activity 1, Activity 2"
User 302,35200,16600,8,"Activity 2, Activity 3"
User 303,35300,16650,6,"Activity 3, Activity 4"
User 304,35400,16700,7,"Activity 4, Activity 0"
User 305,35500,16750,8,"Activity 0, Activity 1"
User 306,35600,16800,6,"Activity 1, Activity 2"
User 307,35700,16850,7,"Activity 2, Activity 3"
User 308,35800,16900,8,"Activity 3, Activity 4"
User 309,35900,16950,6,"Activity 4, Activity 0"
User 310,36000,17000,7,"Activity 0, Activity 1"
User 311,36100,17050,8,"Activity 1, Activity 2"
User 312,36200,17100,6,"Activity 2, Activity 3"
User 313,36300,17150,7,"Activity 3, Activity 4"
User 314,36400,17200,8,"Activity 4, Activity 0"
User 315,36500,17250,6,"Activity 0, Activity 1"
User 316,36600,17300,7,"Activity 1, Activity 2"
User 317,36700,17350,8,"Activity 2, Activity 3"
User 318,36800,17400,6,"Activity 3, Activity 4"
User 319,36900,17450,7,"Activity 4, Activity 0"
User 320,37000,17500,8,"Activity 0, Activity 1"
User 321,37100,17550,6,"Activity 1, Activity 2"
User 322,37200,17600,7,"Activity 2, Activity 3"
User 323,37300,17650,8,"Activity 3, Activity 4"
User 324,37400,17700,6,"Activity 4, Activity 0"
User 325,37500,17750,7,"Activity 0, Activity 1"
User 326,37600,17800,8,"Activity 1, Activity 2"
User 327,37700,17850,6,"Activity 2, Activity 3"
User 328,37800,17900,7,"Activity 3, Activity 4"
User 329,37900,17950,8,"Activity 4, Activity 0"
User 330,38000,18000,6,"Activity 0, Activity 1"
User 331,38100,18050,7,"Activity 1, Activity 2"
User 332,38200,18100,8,"Activity 2, Activity 3"
User 333,38300,18150,6,"Activity 3, Activity 4"
User 334,38400,18200,7,"Activity 4, Activity 0"
User 335,38500,18250,8,"Activity 0, Activity 1"
User 336,38600,18300,6,"Activity 1, Activity 2"
User 337,38700,18350,7,"Activity 2, Activity 3"
User 338,38800,18400,8,"Activity 3, Activity 4"
User 339,38900,18450,6,"Activity 4, Activity 0"
User 340,39000,18500,7,"Activity 0, Activity 1"
User 341,39100,18550,8,"Activity 1, Activity 2"
User 342,39200,18600,6,"Activity 2, Activity 3"
User 343,39300,18650,7,"Activity 3, Activity 4"
User 344,39400,18700,8,"Activity 4, Activity 0"
User 345,39500,18750,6,"Activity 0, Activity 1"
User 346,39600,18800,7,"Activity 1, Activity 2"
User 347,39700,18850,8,"Activity 2, Activity 3"
User 348,39800,18900,6,"Activity 3, Activity 4"
User 349,39900,18950,7,"Activity 4, Activity 0"
User 350,40000,19000,8,"Activity 0, Activity 1"
User 351,40100,19050,6,"Activity 1, Activity 2"
User 352,40200,19100,7,"Activity 2, Activity 3"
User 353,40300,19150,8,"Activity 3, Activity 4"
User 354,40400,19200,6,"Activity 4, Activity 0"
User 355,40500,19250,7,"Activity 0, Activity 1"
User 356,40600,19300,8,"Activity 1, Activity 2"
User 357,40700,19350,6,"Activity 2, Activity 3"
User 358,40800,19400,7,"Activity 3, Activity 4"
User 359,40900,19450,8,"Activity 4, Activity 0"
User 360,41000,19500,6,"Activity 0, Activity 1"
User 361,41100,19550,7,"Activity 1, Activity 2"
User 362,41200,19600,8,"Activity 2, Activity 3"
User 363,41300,19650,6,"Activity 3, Activity 4"
User 364,41400,19700,7,"Activity 4, Activity 0"
User 365,41500,19750,8,"Activity 0, Activity 1"
User 366,41600,19800,6,"Activity 1, Activity 2"
User 367,41700,19850,7,"Activity 2, Activity 3"
User 368,41800,19900,8,"Activity 3, Activity 4"
User 369,41900,19950,6,"Activity 4, Activity 0"
User 370,42000,20000,7,"Activity 0, Activity 1"
User 371,42100,20050,8,"Activity 1, Activity 2"
User 372,42200,20100,6,"Activity 2, Activity 3"
User 373,42300,20150,7,"Activity 3, Activity 4"
User 374,42400,20200,8,"Activity 4, Activity 0"
User 375,42500,20250,6,"Activity 0, Activity 1"
User 376,42600,20300,7,"Activity 1, Activity 2"
User 377,42700,20350,8,"Activity 2, Activity 3"
User 378,42800,20400,6,"Activity 3, Activity 4"
User 379,42900,20450,7,"Activity 4, Activity 0"
User 380,43000,20500,8,"Activity 0, Activity 1"
User 381,43100,20550,6,"Activity 1, Activity 2"
User 382,43200,20600,7,"Activity 2, Activity 3"
User 383,43300,20650,8,"Activity 3, Activity 4"
User 384,43400,20700,6,"Activity 4, Activity 0"
User 385,43500,20750,7,"Activity 0, Activity 1"
User 386,43600,20800,8,"Activity 1, Activity 2"
User 387,43700,20850,6,"Activity 2, Activity 3"
User 388,43800,20900,7,"Activity 3, Activity 4"
User 389,43900,20950,8,"Activity 4, Activity 0"
User 390,44000,21000,6,"Activity 0, Activity 1"
User 391,44100,21050,7,"Activity 1, Activity 2"
User 392,44200,21100,8,"Activity 2, Activity 3"
User 393,44300,21150,6,"Activity 3, Activity 4"
User 394,44400,21200,7,"Activity 4, Activity 0"
User 395,44500,21250,8,"Activity 0, Activity 1"
User 396,44600,21300,6,"Activity 1, Activity 2"
User 397,44700,21350,7,"Activity 2, Activity 3"
User 398,44800,21400,8,"Activity 3, Activity 4"
User 399,44900,21450,6,"Activity 4, Activity 0"
User 400,45000,21500,7,"Activity 0, Activity 1"
User 401,45100,21550,8,"Activity 1, Activity 2"
User 402,45200,21600,6,"Activity 2, Activity 3"
User 403,45300,21650,7,"Activity 3, Activity 4"
User 404,45400,21700,8,"Activity 4, Activity 0"
User 405,45500,21750,6,"Activity 0, Activity 1"
User 406,45600,21800,7,"Activity 1, Activity 2"
User 407,45700,21850,8,"Activity 2, Activity 3"
User 408,45800,21900,6,"Activity 3, Activity 4"
User 409,45900,21950,7,"Activity 4, Activity 0"
User 410,46000,22000,8,"Activity 0, Activity 1"
User 411,46100,22050,6,"Activity 1, Activity 2"
User 412,46200,22100,7,"Activity 2, Activity 3"
User 413,46300,22150,8,"Activity 3, Activity 4"
User 414,46400,22200,6,"Activity 4, Activity 0"
User 415,46500,22250,7,"Activity 0, Activity 1"
User 416,46600,22300,8,"Activity 1, Activity 2"
User 417,46700,22350,6,"Activity 2, Activity 3"
User 418,46800,22400,7,"Activity 3, Activity 4"
User 419,46900,22450,8,"Activity 4, Activity 0"
User 420,47000,22500,6,"Activity 0, Activity 1"
User 421,47100,22550,7,"Activity 1, Activity 2"
User 422,47200,22600,8,"Activity 2, Activity 3"
User 423,47300,22650,6,"Activity 3, Activity 4"
User 424,47400,22700,7,"Activity 4, Activity 0"
User 425,47500,22750,8,"Activity 0, Activity 1"
User 426,47600,22800,6,"Activity 1, Activity 2"
User 427,47700,22850,7,"Activity 2, Activity 3"
User 428,47800,22900,8,"Activity 3, Activity 4"
User 429,47900,22950,6,"Activity 4, Activity 0"
User 430,48000,23000,7,"Activity 0, Activity 1"
User 431,48100,23050,8,"Activity 1, Activity 2"
User 432,48200,23100,6,"Activity 2, Activity 3"
User 433,48300,23150,7,"Activity 3, Activity 4"
User 434,48400,23200,8,"Activity 4, Activity 0"
User 435,48500,23250,6,"Activity 0, Activity 1"
User 436,48600,23300,7,"Activity 1, Activity 2"
User 437,48700,23350,8,"Activity 2, Activity 3"
User 438,48800,23400,6,"Activity 3, Activity 4"
User 439,48900,23450,7,"Activity 4, Activity 0"
User 440,49000,23500,8,"Activity 0, Activity 1"
User 441,49100,23550,6,"Activity 1, Activity 2"
User 442,49200,23600,7,"Activity 2, Activity 3"
User 443,49300,23650,8,"Activity 3, Activity 4"
User 444,49400,23700,6,"Activity 4, Activity 0"
User 445,49500,23750,7,"Activity 0, Activity 1"
User 446,49600,23800,8,"Activity 1, Activity 2"
User 447,49700,23850,6,"Activity 2, Activity 3"
User 448,49800,23900,7,"Activity 3, Activity 4"
User 449,49900,23950,8,"Activity 4, Activity 0"
User 450,50000,24000,6,"Activity 0, Activity 1"
User 451,50100,24050,7,"Activity 1, Activity 2"
User 452,50200,24100,8,"Activity 2, Activity 3"
User 453,50300,24150,6,"Activity 3, Activity 4"
User 454,50400,24200,7,"Activity 4, Activity 0"
User 455,50500,24250,8,"Activity 0, Activity 1"
User 456,50600,24300,6,"Activity 1, Activity 2"
User 457,50700,24350,7,"Activity 2, Activity 3"
User 458,50800,24400,8,"Activity 3, Activity 4"
User 459,50900,24450,6,"Activity 4, Activity 0"
User 460,51000,24500,7,"Activity 0, Activity 1"
User 461,51100,24550,8,"Activity 1, Activity 2"
User 462,51200,24600,6,"Activity 2, Activity 3"
User 463,51300,24650,7,"Activity 3, Activity 4"
User 464,51400,24700,8,"Activity 4, Activity 0"
User 465,51500,24750,6,"Activity 0, Activity 1"
User 466,51600,24800,7,"Activity 1, Activity 2"
User 467,51700,24850,8,"Activity 2, Activity 3"
User 468,51800,24900,6,"Activity 3, Activity 4"
User 469,51900,24950,7,"Activity 4, Activity 0"
User 470,52000,25000,8,"Activity 0, Activity 1"
User 471,52100,25050,6,"Activity 1, Activity 2"
User 472,52200,25100,7,"Activity 2, Activity 3"
User 473,52300,25150,8,"Activity 3, Activity 4"
User 474,52400,25200,6,"Activity 4, Activity 0"
User 475,52500,25250,7,"Activity 0, Activity 1"
User 476,52600,25300,8,"Activity 1, Activity 2"
User 477,52700,25350,6,"Activity 2, Activity 3"
User 478,52800,25400,7,"Activity 3, Activity 4"
User 479,52900,25450,8,"Activity 4, Activity 0"
User 480,53000,25500,6,"Activity 0, Activity 1"
User 481,53100,25550,7,"Activity 1, Activity 2"
User 482,53200,25600,8,"Activity 2, Activity 3"
User 483,53300,25650,6,"Activity 3, Activity 4"
User 484,53400,25700,7,"Activity 4, Activity 0"
User 485,53500,25750,8,"Activity 0, Activity 1"
User 486,53600,25800,6,"Activity 1, Activity 2"
User 487,53700,25850,7,"Activity 2, Activity 3"
User 488,53800,25900,8,"Activity 3, Activity 4"
User 489,53900,25950,6,"Activity 4, Activity 0"
User 490,54000,26000,7,"Activity 0, Activity 1"
User 491,54100,26050,8,"Activity 1, Activity 2"
User 492,54200,26100,6,"Activity 2, Activity 3"
User 493,54300,26150,7,"Activity 3, Activity 4"
User 494,54400,26200,8,"Activity 4, Activity 0"
User 495,54500,26250,6,"Activity 0, Activity 1"
User 496,54600,26300,7,"Activity 1, Activity 2"
User 497,54700,26350,8,"Activity 2, Activity 3"
User 498,54800,26400,6,"Activity 3, Activity 4"
User 499,54900,26450,7,"Activity 4, Activity 0"
User 500,55000,26500,8,"Activity 0, Activity 1"
User 501,55100,26550,6,"Activity 1, Activity 2"
User 502,55200,26600,7,"Activity 2, Activity 3"
User 503,55300,26650,8,"Activity 3, Activity 4"
User 504,55400,26700,6,"Activity 4, Activity 0"
User 505,55500,26750,7,"Activity 0, Activity 1"
User 506,55600,26800,8,"Activity 1, Activity 2"
User 507,55700,26850,6,"Activity 2, Activity 3"
User 508,55800,26900,7,"Activity 3, Activity 4"
User 509,55900,26950,8,"Activity 4, Activity 0"
User 510,56000,27000,6,"Activity 0, Activity 1"
User 511,56100,27050,7,"Activity 1, Activity 2"
User 512,56200,27100,8,"Activity 2, Activity 3"
User 513,56300,27150,6,"Activity 3, Activity 4"
User 514,56400,27200,7,"Activity 4, Activity 0"
User 515,56500,27250,8,"Activity 0, Activity 1"
User 516,56600,27300,6,"Activity 1, Activity 2"
User 517,56700,27350,7,"Activity 2, Activity 3"
User 518,56800,27400,8,"Activity 3, Activity 4"
User 519,56900,27450,6,"Activity 4, Activity 0"
User 520,57000,27500,7,"Activity 0, Activity 1"
User 521,57100,27550,8,"Activity 1, Activity 2"
User 522,57200,27600,6,"Activity 2, Activity 3"
User 523,57300,27650,7,"Activity 3, Activity 4"
User 524,57400,27700,8,"Activity 4, Activity 0"
User 525,57500,27750,6,"Activity 0, Activity 1"
User 526,57600,27800,7,"Activity 1, Activity 2"
User 527,57700,27850,8,"Activity 2, Activity 3"
User 528,57800,27900,6,"Activity 3, Activity 4"
User 529,57900,27950,7,"Activity 4, Activity 0"
User 530,58000,28000,8,"Activity 0, Activity 1"
User 531,58100,28050,6,"Activity 1, Activity 2"
User 532,58200,28100,7,"Activity 2, Activity 3"
User 533,58300,28150,8,"Activity 3, Activity 4"
User 534,58400,28200,6,"Activity 4, Activity 0"
User 535,58500,28250,7,"Activity 0, Activity 1"
User 536,58600,28300,8,"Activity 1, Activity 2"
User 537,58700,28350,6,"Activity 2, Activity 3"
User 538,58800,28400,7,"Activity 3, Activity 4"
User 539,58900,28450,8,"Activity 4, Activity 0"
User 540,59000,28500,6,"Activity 0, Activity 1"
User 541,59100,28550,7,"Activity 1, Activity 2"
User 542,59200,28600,8,"Activity 2, Activity 3"
User 543,59300,28650,6,"Activity 3, Activity 4"
User 544,59400,28700,7,"Activity 4, Activity 0"
User 545,59500,28750,8,"Activity 0, Activity 1"
User 546,59600,28800,6,"Activity 1, Activity 2"
User 547,59700,28850,7,"Activity 2, Activity 3"
User 548,59800,28900,8,"Activity 3, Activity 4"
User 549,59900,28950,6,"Activity 4, Activity 0"
User 550,60000,29000,7,"Activity 0, Activity 1"
User 551,60100,29050,8,"Activity 1, Activity 2"
User 552,60200,29100,6,"Activity 2, Activity 3"
User 553,60300,29150,7,"Activity 3, Activity 4"
User 554,60400,29200,8,"Activity 4, Activity 0"
User 555,60500,29250,6,"Activity 0, Activity 1"
User 556,60600,29300,7,"Activity 1, Activity 2"
User 557,60700,29350,8,"Activity 2, Activity 3"
User 558,60800,29400,6,"Activity 3, Activity 4"
User 559,60900,29450,7,"Activity 4, Activity 0"
User 560,61000,29500,8,"Activity 0, Activity 1"
User 561,61100,29550,6,"Activity 1, Activity 2"
User 562,61200,29600,7,"Activity 2, Activity 3"
User 563,61300,29650,8,"Activity 3, Activity 4"
User 564,61400,29700,6,"Activity 4, Activity 0"
User 565,61500,29750,7,"Activity 0, Activity 1"
User 566,61600,29800,8,"Activity 1, Activity 2"
User 567,61700,29850,6,"Activity 2, Activity 3"
User 568,61800,29900,7,"Activity 3, Activity 4"
User 569,61900,29950,8,"Activity 4, Activity 0"
User 570,62000,30000,6,"Activity 0, Activity 1"
User 571,62100,30050,7,"Activity 1, Activity 2"
User 572,62200,30100,8,"Activity 2, Activity 3"
User 573,62300,30150,6,"Activity 3, Activity 4"
User 574,62400,30200,7,"Activity 4, Activity 0"
User 575,62500,30250,8,"Activity 0, Activity 1"
User 576,62600,30300,6,"Activity 1, Activity 2"
User 577,62700,30350,7,"Activity 2, Activity 3"
User 578,62800,30400,8,"Activity 3, Activity 4"
User 579,62900,30450,6,"Activity 4, Activity 0"
User 580,63000,30500,7,"Activity 0, Activity 1"
User 581,63100,30550,8,"Activity 1, Activity 2"
User 582,63200,30600,6,"Activity 2, Activity 3"
User 583,63300,30650,7,"Activity 3, Activity 4"
User 584,63400,30700,8,"Activity 4, Activity 0"
User 585,63500,30750,6,"Activity 0, Activity 1"
User 586,63600,30800,7,"Activity 1, Activity 2"
User 587,63700,30850,8,"Activity 2, Activity 3"
User 588,63800,30900,6,"Activity 3, Activity 4"
User 589,63900,30950,7,"Activity 4, Activity 0"
User 590,64000,31000,8,"Activity 0, Activity 1"
User 591,64100,31050,6,"Activity 1, Activity 2"
User 592,64200,31100,7,"Activity 2, Activity 3"
User 593,64300,31150,8,"Activity 3, Activity 4"
User 594,64400,31200,6,"Activity 4, Activity 0"
User 595,64500,31250,7,"Activity 0, Activity 1"
User 596,64600,31300,8,"Activity 1, Activity 2"
User 597,64700,31350,6,"Activity 2, Activity 3"
User 598,64800,31400,7,"Activity 3, Activity 4"
User 599,64900,31450,8,"Activity 4, Activity 0"
User 600,65000,31500,6,"Activity 0, Activity 1"
User 601,65100,31550,7,"Activity 1, Activity 2"
User 602,65200,31600,8,"Activity 2, Activity 3"
User 603,65300,31650,6,"Activity 3, Activity 4"
User 604,65400,31700,7,"Activity 4, Activity 0"
User 605,65500,31750,8,"Activity 0, Activity 1"
User 606,65600,31800,6,"Activity 1, Activity 2"
User 607,65700,31850,7,"Activity 2, Activity 3"
User 608,65800,31900,8,"Activity 3, Activity 4"
User 609,65900,31950,6,"Activity 4, Activity 0"
User 610,66000,32000,7,"Activity 0, Activity 1"
User 611,66100,32050,8,"Activity 1, Activity 2"
User 612,66200,32100,6,"Activity 2, Activity 3"
User 613,66300,32150,7,"Activity 3, Activity 4"
User 614,66400,32200,8,"Activity 4, Activity 0"
User 615,66500,32250,6,"Activity 0, Activity 1"
User 616,66600,32300,7,"Activity 1, Activity 2"
User 617,66700,32350,8,"Activity 2, Activity 3"
User 618,66800,32400,6,"Activity 3, Activity 4"
User 619,66900,32450,7,"Activity 4, Activity 0"
User 620,67000,32500,8,"Activity 0, Activity 1"
User 621,67100,32550,6,"Activity 1, Activity 2"
User 622,67200,32600,7,"Activity 2, Activity 3"
User 623,67300,32650,8,"Activity 3, Activity 4"
User 624,67400,32700,6,"Activity 4, Activity 0"
User 625,67500,32750,7,"Activity 0, Activity 1"
User 626,67600,32800,8,"Activity 1, Activity 2"
User 627,67700,32850,6,"Activity 2, Activity 3"
User 628,67800,32900,7,"Activity 3, Activity 4"
User 629,67900,32950,8,"Activity 4, Activity 0"
User 630,68000,33000,6,"Activity 0, Activity 1"
User 631,68100,33050,7,"Activity 1, Activity 2"
User 632,68200,33100,8,"Activity 2, Activity 3"
User 633,68300,33150,6,"Activity 3, Activity 4"
User 634,68400,33200,7,"Activity 4, Activity 0"
User 635,68500,33250,8,"Activity 0, Activity 1"
User 636,68600,33300,6,"Activity 1, Activity 2"
User 637,68700,33350,7,"Activity 2, Activity 3"
User 638,68800,33400,8,"Activity 3, Activity 4"
User 639,68900,33450,6,"Activity 4, Activity 0"
User 640,69000,33500,7,"Activity 0, Activity 1"
User 641,69100,33550,8,"Activity 1, Activity 2"
User 642,69200,33600,6,"Activity 2, Activity 3"
User 643,69300,33650,7,"Activity 3, Activity 4"
User 644,69400,33700,8,"Activity 4, Activity 0"
User 645,69500,33750,6,"Activity 0, Activity 1"
User 646,69600,33800,7,"Activity 1, Activity 2"
User 647,69700,33850,8,"Activity 2, Activity 3"
User 648,69800,33900,6,"Activity 3, Activity 4"
User 649,69900,33950,7,"Activity 4, Activity 0"
User 650,70000,34000,8,"Activity 0, Activity 1"
User 651,70100,34050,6,"Activity 1, Activity 2"
User 652,70200,34100,7,"Activity 2, Activity 3"
User 653,70300,34150,8,"Activity 3, Activity 4"
User 654,70400,34200,6,"Activity 4, Activity 0"
User 655,70500,34250,7,"Activity 0, Activity 1"
User 656,70600,34300,8,"Activity 1, Activity 2"
User 657,70700,34350,6,"Activity 2, Activity 3"
User 658,70800,34400,7,"Activity 3, Activity 4"
User 659,70900,34450,8,"Activity 4, Activity 0"
User 660,71000,34500,6,"Activity 0, Activity 1"
User 661,71100,34550,7,"Activity 1, Activity 2"
User 662,71200,34600,8,"Activity 2, Activity 3"
User 663,71300,34650,6,"Activity 3, Activity 4"
User 664,71400,34700,7,"Activity 4, Activity 0"
User 665,71500,34750,8,"Activity 0, Activity 1"
User 666,71600,34800,6,"Activity 1, Activity 2"
User 667,71700,34850,7,"Activity 2, Activity 3"
User 668,71800,34900,8,"Activity 3, Activity 4"
User 669,71900,34950,6,"Activity 4, Activity 0"
User 670,72000,35000,7,"Activity 0, Activity 1"
User 671,72100,35050,8,"Activity 1, Activity 2"
User 672,72200,35100,6,"Activity 2, Activity 3"
User 673,72300,35150,7,"Activity 3, Activity 4"
User 674,72400,35200,8,"Activity 4, Activity 0"
User 675,72500,35250,6,"Activity 0, Activity 1"
User 676,72600,35300,7,"Activity 1, Activity 2"
User 677,72700,35350,8,"Activity 2, Activity 3"
User 678,72800,35400,6,"Activity 3, Activity 4"
User 679,72900,35450,7,"Activity 4, Activity 0"
User 680,73000,35500,8,"Activity 0, Activity 1"
User 681,73100,35550,6,"Activity 1, Activity 2"
User 682,73200,35600,7,"Activity 2, Activity 3"
User 683,73300,35650,8,"Activity 3, Activity 4"
User 684,73400,35700,6,"Activity 4, Activity 0"
User 685,73500,35750,7,"Activity 0, Activity 1"
User 686,73600,35800,8,"Activity 1, Activity 2"
User 687,73700,35850,6,"Activity 2, Activity 3"
User 688,73800,35900,7,"Activity 3, Activity 4"
User 689,73900,35950,8,"Activity 4, Activity 0"
User 690,74000,36000,6,"Activity 0, Activity 1"
User 691,74100,36050,7,"Activity 1, Activity 2"
User 692,74200,36100,8,"Activity 2, Activity 3"
User 693,74300,36150,6,"Activity 3, Activity 4"
User 694,74400,36200,7,"Activity 4, Activity 0"
User 695,74500,36250,8,"Activity 0, Activity 1"
User 696,74600,36300,6,"Activity 1, Activity 2"
User 697,74700,36350,7,"Activity 2, Activity 3"
User 698,74800,36400,8,"Activity 3, Activity 4"
User 699,74900,36450,6,"Activity 4, Activity 0"
User 700,75000,36500,7,"Activity 0, Activity 1"
User 701,75100,36550,8,"Activity 1, Activity 2"
User 702,75200,36600,6,"Activity 2, Activity 3"
User 703,75300,36650,7,"Activity 3, Activity 4"
User 704,75400,36700,8,"Activity 4, Activity 0"
User 705,75500,36750,6,"Activity 0, Activity 1"
User 706,75600,36800,7,"Activity 1, Activity 2"
User 707,75700,36850,8,"Activity 2, Activity 3"
User 708,75800,36900,6,"Activity 3, Activity 4"
User 709,75900,36950,7,"Activity 4, Activity 0"
User 710,76000,37000,8,"Activity 0, Activity 1"
User 711,76100,37050,6,"Activity 1, Activity 2"
User 712,76200,37100,7,"Activity 2, Activity 3"
User 713,76300,37150,8,"Activity 3, Activity 4"
User 714,76400,37200,6,"Activity 4, Activity 0"
User 715,76500,37250,7,"Activity 0, Activity 1"
User 716,76600,37300,8,"Activity 1, Activity 2"
User 717,76700,37350,6,"Activity 2, Activity 3"
User 718,76800,37400,7,"Activity 3, Activity 4"
User 719,76900,37450,8,"Activity 4, Activity 0"
User 720,77000,37500,6,"Activity 0, Activity 1"
User 721,77100,37550,7,"Activity 1, Activity 2"
User 722,77200,37600,8,"Activity 2, Activity 3"
User 723,77300,37650,6,"Activity 3, Activity 4"
User 724,77400,37700,7,"Activity 4, Activity 0"
User 725,77500,37750,8,"Activity 0, Activity 1"
User 726,77600,37800,6,"Activity 1, Activity 2"
User 727,77700,37850,7,"Activity 2, Activity 3"
User 728,77800,37900,8,"Activity 3, Activity 4"
User 729,77900,37950,6,"Activity 4, Activity 0"
User 730,78000,38000,7,"Activity 0, Activity 1"
User 731,78100,38050,8,"Activity 1, Activity 2"
User 732,78200,38100,6,"Activity 2, Activity 3"
User 733,78300,38150,7,"Activity 3, Activity 4"
User 734,78400,38200,8,"Activity 4, Activity 0"
User 735,78500,38250,6,"Activity 0, Activity 1"
User 736,78600,38300,7,"Activity 1, Activity 2"
User 737,78700,38350,8,"Activity 2, Activity 3"
User 738,78800,38400,6,"Activity 3, Activity 4"
User 739,78900,38450,7,"Activity 4, Activity 0"
User 740,79000,38500,8,"Activity 0, Activity 1"
User 741,79100,38550,6,"Activity 1, Activity 2"
User 742,79200,38600,7,"Activity 2, Activity 3"
User 743,79300,38650,8,"Activity 3, Activity 4"
User 744,79400,38700,6,"Activity 4, Activity 0"
User 745,79500,38750,7,"Activity 0, Activity 1"
User 746,79600,38800,8,"Activity 1, Activity 2"
User 747,79700,38850,6,"Activity 2, Activity 3"
User 748,79800,38900,7,"Activity 3, Activity 4"
User 749,79900,38950,8,"Activity 4, Activity 0"
User 750,80000,39000,6,"Activity 0, Activity 1"
User 751,80100,39050,7,"Activity 1, Activity 2"
User 752,80200,39100,8,"Activity 2, Activity 3"
User 753,80300,39150,6,"Activity 3, Activity 4"
User 754,80400,39200,7,"Activity 4, Activity 0"
User 755,80500,39250,8,"Activity 0, Activity 1"
User 756,80600,39300,6,"Activity 1, Activity 2"
User 757,80700,39350,7,"Activity 2, Activity 3"
User 758,80800,39400,8,"Activity 3, Activity 4"
User 759,80900,39450,6,"Activity 4, Activity 0"
User 760,81000,39500,7,"Activity 0, Activity 1"
User 761,81100,39550,8,"Activity 1, Activity 2"
User 762,81200,39600,6,"Activity 2, Activity 3"
User 763,81300,39650,7,"Activity 3, Activity 4"
User 764,81400,39700,8,"Activity 4, Activity 0"
User 765,81500,39750,6,"Activity 0, Activity 1"
User 766,81600,39800,7,"Activity 1, Activity 2"
User 767,81700,39850,8,"Activity 2, Activity 3"
User 768,81800,39900,6,"Activity 3, Activity 4"
User 769,81900,39950,7,"Activity 4, Activity 0"
User 770,82000,40000,8,"Activity 0, Activity 1"
User 771,82100,40050,6,"Activity 1, Activity 2"
User 772,82200,40100,7,"Activity 2, Activity 3"
User 773,82300,40150,8,"Activity 3, Activity 4"
User 774,82400,40200,6,"Activity 4, Activity 0"
User 775,82500,40250,7,"Activity 0, Activity 1"
User 776,82600,40300,8,"Activity 1, Activity 2"
User 777,82700,40350,6,"Activity 2, Activity 3"
User 778,82800,40400,7,"Activity 3, Activity 4"
User 779,82900,40450,8,"Activity 4, Activity 0"
User 780,83000,40500,6,"Activity 0, Activity 1"
User 781,83100,40550,7,"Activity 1, Activity 2"
User 782,83200,40600,8,"Activity 2, Activity 3"
User 783,83300,40650,6,"Activity 3, Activity 4"
User 784,83400,40700,7,"Activity 4, Activity 0"
User 785,83500,40750,8,"Activity 0, Activity 1"
User 786,83600,40800,6,"Activity 1, Activity 2"
User 787,83700,40850,7,"Activity 2, Activity 3"
User 788,83800,40900,8,"Activity 3, Activity 4"
User 789,83900,40950,6,"Activity 4, Activity 0"
User 790,84000,41000,7,"Activity 0, Activity 1"
User 791,84100,41050,8,"Activity 1, Activity 2"
User 792,84200,41100,6,"Activity 2, Activity 3"
User 793,84300,41150,7,"Activity 3, Activity 4"
User 794,84400,41200,8,"Activity 4, Activity 0"
User 795,84500,41250,6,"Activity 0, Activity 1"
User 796,84600,41300,7,"Activity 1, Activity 2"
User 797,84700,41350,8,"Activity 2, Activity 3"
User 798,84800,41400,6,"Activity 3, Activity 4"
User 799,84900,41450,7,"Activity 4, Activity 0"
User 800,85000,41500,8,"Activity 0, Activity 1"
User 801,85100,41550,6,"Activity 1, Activity 2"
User 802,85200,41600,7,"Activity 2, Activity 3"
User 803,85300,41650,8,"Activity 3, Activity 4"
User 804,85400,41700,6,"Activity 4, Activity 0"
User 805,85500,41750,7,"Activity 0, Activity 1"
User 806,85600,41800,8,"Activity 1, Activity 2"
User 807,85700,41850,6,"Activity 2, Activity 3"
User 808,85800,41900,7,"Activity 3, Activity 4"
User 809,85900,41950,8,"Activity 4, Activity 0"
User 810,86000,42000,6,"Activity 0, Activity 1"
User 811,86100,42050,7,"Activity 1, Activity 2"
User 812,86200,42100,8,"Activity 2, Activity 3"
User 813,86300,42150,6,"Activity 3, Activity 4"
User 814,86400,42200,7,"Activity 4, Activity 0"
User 815,86500,42250,8,"Activity 0, Activity 1"
User 816,86600,42300,6,"Activity 1, Activity 2"
User 817,86700,42350,7,"Activity 2, Activity 3"
User 818,86800,42400,8,"Activity 3, Activity 4"
User 819,86900,42450,6,"Activity 4, Activity 0"
User 820,87000,42500,7,"Activity 0, Activity 1"
User 821,87100,42550,8,"Activity 1, Activity 2"
User 822,87200,42600,6,"Activity 2, Activity 3"
User 823,87300,42650,7,"Activity 3, Activity 4"
User 824,87400,42700,8,"Activity 4, Activity 0"
User 825,87500,42750,6,"Activity 0, Activity 1"
User 826,87600,42800,7,"Activity 1, Activity 2"
User 827,87700,42850,8,"Activity 2, Activity 3"
User 828,87800,42900,6,"Activity 3, Activity 4"
User 829,87900,42950,7,"Activity 4, Activity 0"
User 830,88000,43000,8,"Activity 0, Activity 1"
User 831,88100,43050,6,"Activity 1, Activity 2"
User 832,88200,43100,7,"Activity 2, Activity 3"
User 833,88300,43150,8,"Activity 3, Activity 4"
User 834,88400,43200,6,"Activity 4, Activity 0"
User 835,88500,43250,7,"Activity 0, Activity 1"
User 836,88600,43300,8,"Activity 1, Activity 2"
User 837,88700,43350,6,"Activity 2, Activity 3"
User 838,88800,43400,7,"Activity 3, Activity 4"
User 839,88900,43450,8,"Activity 4, Activity 0"
User 840,89000,43500,6,"Activity 0, Activity 1"
User 841,89100,43550,7,"Activity 1, Activity 2"
User 842,89200,43600,8,"Activity 2, Activity 3"
User 843,89300,43650,6,"Activity 3, Activity 4"
User 844,89400,43700,7,"Activity 4, Activity 0"
User 845,89500,43750,8,"Activity 0, Activity 1"
User 846,89600,43800,6,"Activity 1, Activity 2"
User 847,89700,43850,7,"Activity 2, Activity 3"
User 848,89800,43900,8,"Activity 3, Activity 4"
User 849,89900,43950,6,"Activity 4, Activity 0"
User 850,90000,44000,7,"Activity 0, Activity 1"
User 851,90100,44050,8,"Activity 1, Activity 2"
User 852,90200,44100,6,"Activity 2, Activity 3"
User 853,90300,44150,7,"Activity 3, Activity 4"
User 854,90400,44200,8,"Activity 4, Activity 0"
User 855,90500,44250,6,"Activity 0, Activity 1"
User 856,90600,44300,7,"Activity 1, Activity 2"
User 857,90700,44350,8,"Activity 2, Activity 3"
User 858,90800,44400,6,"Activity 3, Activity 4"
User 859,90900,44450,7,"Activity 4, Activity 0"
User 860,91000,44500,8,"Activity 0, Activity 1"
User 861,91100,44550,6,"Activity 1, Activity 2"
User 862,91200,44600,7,"Activity 2, Activity 3"
User 863,91300,44650,8,"Activity 3, Activity 4"
User 864,91400,44700,6,"Activity 4, Activity 0"
User 865,91500,44750,7,"Activity 0, Activity 1"
User 866,91600,44800,8,"Activity 1, Activity 2"
User 867,91700,44850,6,"Activity 2, Activity 3"
User 868,91800,44900,7,"Activity 3, Activity 4"
User 869,91900,44950,8,"Activity 4, Activity 0"
User 870,92000,45000,6,"Activity 0, Activity 1"
User 871,92100,45050,7,"Activity 1, Activity 2"
User 872,92200,45100,8,"Activity 2, Activity 3"
User 873,92300,45150,6,"Activity 3, Activity 4"
User 874,92400,45200,7,"Activity 4, Activity 0"
User 875,92500,45250,8,"Activity 0, Activity 1"
User 876,92600,45300,6,"Activity 1, Activity 2"
User 877,92700,45350,7,"Activity 2, Activity 3"
User 878,92800,45400,8,"Activity 3, Activity 4"
User 879,92900,45450,6,"Activity 4, Activity 0"
User 880,93000,45500,7,"Activity 0, Activity 1"
User 881,93100,45550,8,"Activity 1, Activity 2"
User 882,93200,45600,6,"Activity 2, Activity 3"
User 883,93300,45650,7,"Activity 3, Activity 4"
User 884,93400,45700,8,"Activity 4, Activity 0"
User 885,93500,45750,6,"Activity 0, Activity 1"
User 886,93600,45800,7,"Activity 1, Activity 2"
User 887,93700,45850,8,"Activity 2, Activity 3"
User 888,93800,45900,6,"Activity 3, Activity 4"
User 889,93900,45950,7,"Activity 4, Activity 0"
User 890,94000,46000,8,"Activity 0, Activity 1"
User 891,94100,46050,6,"Activity 1, Activity 2"
User 892,94200,46100,7,"Activity 2, Activity 3"
User 893,94300,46150,8,"Activity 3, Activity 4"
User 894,94400,46200,6,"Activity 4, Activity 0"
User 895,94500,46250,7,"Activity 0, Activity 1"
User 896,94600,46300,8,"Activity 1, Activity 2"
User 897,94700,46350,6,"Activity 2, Activity 3"
User 898,94800,46400,7,"Activity 3, Activity 4"
User 899,94900,46450,8,"Activity 4, Activity 0"
User 900,95000,46500,6,"Activity 0, Activity 1"
User 901,95100,46550,7,"Activity 1, Activity 2"
User 902,95200,46600,8,"Activity 2, Activity 3"
User 903,95300,46650,6,"Activity 3, Activity 4"
User 904,95400,46700,7,"Activity 4, Activity 0"
User 905,95500,46750,8,"Activity 0, Activity 1"
User 906,95600,46800,6,"Activity 1, Activity 2"
User 907,95700,46850,7,"Activity 2, Activity 3"
User 908,95800,46900,8,"Activity 3, Activity 4"
User 909,95900,46950,6,"Activity 4, Activity 0"
User 910,96000,47000,7,"Activity 0, Activity 1"
User 911,96100,47050,8,"Activity 1, Activity 2"
User 912,96200,47100,6,"Activity 2, Activity 3"
User 913,96300,47150,7,"Activity 3, Activity 4"
User 914,96400,47200,8,"Activity 4, Activity 0"
User 915,96500,47250,6,"Activity 0, Activity 1"
User 916,96600,47300,7,"Activity 1, Activity 2"
User 917,96700,47350,8,"Activity 2, Activity 3"
User 918,96800,47400,6,"Activity 3, Activity 4"
User 919,96900,47450,7,"Activity 4, Activity 0"
User 920,97000,47500,8,"Activity 0, Activity 1"
User 921,97100,47550,6,"Activity 1, Activity 2"
User 922,97200,47600,7,"Activity 2, Activity 3"
User 923,97300,47650,8,"Activity 3, Activity 4"
User 924,97400,47700,6,"Activity 4, Activity 0"
User 925,97500,47750,7,"Activity 0, Activity 1"
User 926,97600,47800,8,"Activity 1, Activity 2"
User 927,97700,47850,6,"Activity 2, Activity 3"
User 928,97800,47900,7,"Activity 3, Activity 4"
User 929,97900,47950,8,"Activity 4, Activity 0"
User 930,98000,48000,6,"Activity 0, Activity 1"
User 931,98100,48050,7,"Activity 1, Activity 2"
User 932,98200,48100,8,"Activity 2, Activity 3"
User 933,98300,48150,6,"Activity 3, Activity 4"
User 934,98400,48200,7,"Activity 4, Activity 0"
User 935,98500,48250,8,"Activity 0, Activity 1"
User 936,98600,48300,6,"Activity 1, Activity 2"
User 937,98700,48350,7,"Activity 2, Activity 3"
User 938,98800,48400,8,"Activity 3, Activity 4"
User 939,98900,48450,6,"Activity 4, Activity 0"
User 940,99000,48500,7,"Activity 0, Activity 1"
User 941,99100,48550,8,"Activity 1, Activity 2"
User 942,99200,48600,6,"Activity 2, Activity 3"
User 943,99300,48650,7,"Activity 3, Activity 4"
User 944,99400,48700,8,"Activity 4, Activity 0"
User 945,99500,48750,6,"Activity 0, Activity 1"
User 946,99600,48800,7,"Activity 1, Activity 2"
User 947,99700,48850,8,"Activity 2, Activity 3"
User 948,99800,48900,6,"Activity 3, Activity 4"
User 949,99900,48950,7,"Activity 4, Activity 0"
User 950,100000,49000,8,"Activity 0, Activity 1"
User 951,100100,49050,6,"Activity 1, Activity 2"
User 952,100200,49100,7,"Activity 2, Activity 3"
User 953,100300,49150,8,"Activity 3, Activity 4"
User 954,100400,49200,6,"Activity 4, Activity 0"
User 955,100500,49250,7,"Activity 0, Activity 1"
User 956,100600,49300,8,"Activity 1, Activity 2"
User 957,100700,49350,6,"Activity 2, Activity 3"
User 958,100800,49400,7,"Activity 3, Activity 4"
User 959,100900,49450,8,"Activity 4, Activity 0"
User 960,101000,49500,6,"Activity 0, Activity 1"
User 961,101100,49550,7,"Activity 1, Activity 2"
User 962,101200,49600,8,"Activity 2, Activity 3"
User 963,101300,49650,6,"Activity 3, Activity 4"
User 964,101400,49700,7,"Activity 4, Activity 0"
User 965,101500,49750,8,"Activity 0, Activity 1"
User 966,101600,49800,6,"Activity 1, Activity 2"
User 967,101700,49850,7,"Activity 2, Activity 3"
User 968,101800,49900,8,"Activity 3, Activity 4"
User 969,101900,49950,6,"Activity 4, Activity 0"
User 970,102000,50000,7,"Activity 0, Activity 1"
User 971,102100,50050,8,"Activity 1, Activity 2"
User 972,102200,50100,6,"Activity 2, Activity 3"
User 973,102300,50150,7,"Activity 3, Activity 4"
User 974,102400,50200,8,"Activity 4, Activity 0"
User 975,102500,50250,6,"Activity 0, Activity 1"
User 976,102600,50300,7,"Activity 1, Activity 2"
User 977,102700,50350,8,"Activity 2, Activity 3"
User 978,102800,50400,6,"Activity 3, Activity 4"
User 979,102900,50450,7,"Activity 4, Activity 0"
User 980,103000,50500,8,"Activity 0, Activity 1"
User 981,103100,50550,6,"Activity 1, Activity 2"
User 982,103200,50600,7,"Activity 2, Activity 3"
User 983,103300,50650,8,"Activity 3, Activity 4"
User 984,103400,50700,6,"Activity 4, Activity 0"
User 985,103500,50750,7,"Activity 0, Activity 1"
User 986,103600,50800,8,"Activity 1, Activity 2"
User 987,103700,50850,6,"Activity 2, Activity 3"
User 988,103800,50900,7,"Activity 3, Activity 4"
User 989,103900,50950,8,"Activity 4, Activity 0"
User 990,104000,51000,6,"Activity 0, Activity 1"
User 991,104100,51050,7,"Activity 1, Activity 2"
User 992,104200,51100,8,"Activity 2, Activity 3"
User 993,104300,51150,6,"Activity 3, Activity 4"
User 994,104400,51200,7,"Activity 4, Activity 0"
User 995,104500,51250,8,"Activity 0, Activity 1"
User 996,104600,51300,6,"Activity 1, Activity 2"
User 997,104700,51350,7,"Activity 2, Activity 3"
User 998,104800,51400,8,"Activity 3, Activity 4"
User 999,104900,51450,6,"Activity 4, Activity 0"
User 1000,105000,51500,7,"Activity 0, Activity 1"
