Genre,Plot
Action,Plot for a Action movie involving unique twists.
Romance,Plot for a Romance movie involving unique twists.
Sci-Fi,Plot for a Sci-Fi movie involving unique twists.
Drama,Plot for a Drama movie involving unique twists.
Horror,Plot for a Horror movie involving unique twists.
Action,Plot for a Action movie involving unique twists.
Romance,Plot for a Romance movie involving unique twists.
Sci-Fi,Plot for a Sci-Fi movie involving unique twists.
Drama,Plot for a Drama movie involving unique twists.
Horror,Plot for a Horror movie involving unique twists.
Action,Plot for a Action movie involving unique twists.
Romance,Plot for a Romance movie involving unique twists.
Sci-Fi,Plot for a Sci-Fi movie involving unique twists.
Drama,Plot for a Drama movie involving unique twists.
Horror,Plot for a Horror movie involving unique twists.
Action,Plot for a Action movie involving unique twists.
Romance,Plot for a Romance movie involving unique twists.
Sci-Fi,Plot for a Sci-Fi movie involving unique twists.
Drama,Plot for a Drama movie involving unique twists.
Horror,Plot for a Horror movie involving unique twists.
Action,Plot for a Action movie involving unique twists.
Romance,Plot for a Romance movie involving unique twists.
Sci-Fi,Plot for a Sci-Fi movie involving unique twists.
Drama,Plot for a Drama movie involving unique twists.
Horror,Plot for a Horror movie involving unique twists.
Action,Plot for a Action movie involving unique twists.
Romance,Plot for a Romance movie involving unique twists.
Sci-Fi,Plot for a Sci-Fi movie involving unique twists.
Drama,Plot for a Drama movie involving unique twists.
Horror,Plot for a Horror movie involving unique twists.
Action,Plot for a Action movie involving unique twists.
Romance,Plot for a Romance movie involving unique twists.
Sci-Fi,Plot for a Sci-Fi movie involving unique twists.
Drama,Plot for a Drama movie involving unique twists.
Horror,Plot for a Horror movie involving unique twists.
Action,Plot for a Action movie involving unique twists.
Romance,Plot for a Romance movie involving unique twists.
Sci-Fi,Plot for a Sci-Fi movie involving unique twists.
Drama,Plot for a Drama movie involving unique twists.
Horror,Plot for a Horror movie involving unique twists.
Action,Plot for a Action movie involving unique twists.
Romance,Plot for a Romance movie involving unique twists.
Sci-Fi,Plot for a Sci-Fi movie involving unique twists.
Drama,Plot for a Drama movie involving unique twists.
Horror,Plot for a Horror movie involving unique twists.
Action,Plot for a Action movie involving unique twists.
Romance,Plot for a Romance movie involving unique twists.
Sci-Fi,Plot for a Sci-Fi movie involving unique twists.
Drama,Plot for a Drama movie involving unique twists.
Horror,Plot for a Horror movie involving unique twists.
Action,Plot for a Action movie involving unique twists.
Romance,Plot for a Romance movie involving unique twists.
Sci-Fi,Plot for a Sci-Fi movie involving unique twists.
Drama,Plot for a Drama movie involving unique twists.
Horror,Plot for a Horror movie involving unique twists.
Action,Plot for a Action movie involving unique twists.
Romance,Plot for a Romance movie involving unique twists.
Sci-Fi,Plot for a Sci-Fi movie involving unique twists.
Drama,Plot for a Drama movie involving unique twists.
Horror,Plot for a Horror movie involving unique twists.
Action,Plot for a Action movie involving unique twists.
Romance,Plot for a Romance movie involving unique twists.
Sci-Fi,Plot for a Sci-Fi movie involving unique twists.
Drama,Plot for a Drama movie involving unique twists.
Horror,Plot for a Horror movie involving unique twists.
Action,Plot for a Action movie involving unique twists.
Romance,Plot for a Romance movie involving unique twists.
Sci-Fi,Plot for a Sci-Fi movie involving unique twists.
Drama,Plot for a Drama movie involving unique twists.
Horror,Plot for a Horror movie involving unique twists.
Action,Plot for a Action movie involving unique twists.
Romance,Plot for a Romance movie involving unique twists.
Sci-Fi,Plot for a Sci-Fi movie involving unique twists.
Drama,Plot for a Drama movie involving unique twists.
Horror,Plot for a Horror movie involving unique twists.
Action,Plot for a Action movie involving unique twists.
Romance,Plot for a Romance movie involving unique twists.
Sci-Fi,Plot for a Sci-Fi movie involving unique twists.
Drama,Plot for a Drama movie involving unique twists.
Horror,Plot for a Horror movie involving unique twists.
Action,Plot for a Action movie involving unique twists.
Romance,Plot for a Romance movie involving unique twists.
Sci-Fi,Plot for a Sci-Fi movie involving unique twists.
Drama,Plot for a Drama movie involving unique twists.
Horror,Plot for a Horror movie involving unique twists.
Action,Plot for a Action movie involving unique twists.
Romance,Plot for a Romance movie involving unique twists.
Sci-Fi,Plot for a Sci-Fi movie involving unique twists.
Drama,Plot for a Drama movie involving unique twists.
Horror,Plot for a Horror movie involving unique twists.
Action,Plot for a Action movie involving unique twists.
Romance,Plot for a Romance movie involving unique twists.
Sci-Fi,Plot for a Sci-Fi movie involving unique twists.
Drama,Plot for a Drama movie involving unique twists.
Horror,Plot for a Horror movie involving unique twists.
Action,Plot for a Action movie involving unique twists.
Romance,Plot for a Romance movie involving unique twists.
Sci-Fi,Plot for a Sci-Fi movie involving unique twists.
Drama,Plot for a Drama movie involving unique twists.
Horror,Plot for a Horror movie involving unique twists.
Action,Plot for a Action movie involving unique twists.
Romance,Plot for a Romance movie involving unique twists.
Sci-Fi,Plot for a Sci-Fi movie involving unique twists.
Drama,Plot for a Drama movie involving unique twists.
Horror,Plot for a Horror movie involving unique twists.
Action,Plot for a Action movie involving unique twists.
Romance,Plot for a Romance movie involving unique twists.
Sci-Fi,Plot for a Sci-Fi movie involving unique twists.
Drama,Plot for a Drama movie involving unique twists.
Horror,Plot for a Horror movie involving unique twists.
Action,Plot for a Action movie involving unique twists.
Romance,Plot for a Romance movie involving unique twists.
Sci-Fi,Plot for a Sci-Fi movie involving unique twists.
Drama,Plot for a Drama movie involving unique twists.
Horror,Plot for a Horror movie involving unique twists.
Action,Plot for a Action movie involving unique twists.
Romance,Plot for a Romance movie involving unique twists.
Sci-Fi,Plot for a Sci-Fi movie involving unique twists.
Drama,Plot for a Drama movie involving unique twists.
Horror,Plot for a Horror movie involving unique twists.
Action,Plot for a Action movie involving unique twists.
Romance,Plot for a Romance movie involving unique twists.
Sci-Fi,Plot for a Sci-Fi movie involving unique twists.
Drama,Plot for a Drama movie involving unique twists.
Horror,Plot for a Horror movie involving unique twists.
Action,Plot for a Action movie involving unique twists.
Romance,Plot for a Romance movie involving unique twists.
Sci-Fi,Plot for a Sci-Fi movie involving unique twists.
Drama,Plot for a Drama movie involving unique twists.
Horror,Plot for a Horror movie involving unique twists.
Action,Plot for a Action movie involving unique twists.
Romance,Plot for a Romance movie involving unique twists.
Sci-Fi,Plot for a Sci-Fi movie involving unique twists.
Drama,Plot for a Drama movie involving unique twists.
Horror,Plot for a Horror movie involving unique twists.
Action,Plot for a Action movie involving unique twists.
Romance,Plot for a Romance movie involving unique twists.
Sci-Fi,Plot for a Sci-Fi movie involving unique twists.
Drama,Plot for a Drama movie involving unique twists.
Horror,Plot for a Horror movie involving unique twists.
Action,Plot for a Action movie involving unique twists.
Romance,Plot for a Romance movie involving unique twists.
Sci-Fi,Plot for a Sci-Fi movie involving unique twists.
Drama,Plot for a Drama movie involving unique twists.
Horror,Plot for a Horror movie involving unique twists.
Action,Plot for a Action movie involving unique twists.
Romance,Plot for a Romance movie involving unique twists.
Sci-Fi,Plot for a Sci-Fi movie involving unique twists.
Drama,Plot for a Drama movie involving unique twists.
Horror,Plot for a Horror movie involving unique twists.
Action,Plot for a Action movie involving unique twists.
Romance,Plot for a Romance movie involving unique twists.
Sci-Fi,Plot for a Sci-Fi movie involving unique twists.
Drama,Plot for a Drama movie involving unique twists.
Horror,Plot for a Horror movie involving unique twists.
Action,Plot for a Action movie involving unique twists.
Romance,Plot for a Romance movie involving unique twists.
Sci-Fi,Plot for a Sci-Fi movie involving unique twists.
Drama,Plot for a Drama movie involving unique twists.
Horror,Plot for a Horror movie involving unique twists.
Action,Plot for a Action movie involving unique twists.
Romance,Plot for a Romance movie involving unique twists.
Sci-Fi,Plot for a Sci-Fi movie involving unique twists.
Drama,Plot for a Drama movie involving unique twists.
Horror,Plot for a Horror movie involving unique twists.
Action,Plot for a Action movie involving unique twists.
Romance,Plot for a Romance movie involving unique twists.
Sci-Fi,Plot for a Sci-Fi movie involving unique twists.
Drama,Plot for a Drama movie involving unique twists.
Horror,Plot for a Horror movie involving unique twists.
Action,Plot for a Action movie involving unique twists.
Romance,Plot for a Romance movie involving unique twists.
Sci-Fi,Plot for a Sci-Fi movie involving unique twists.
Drama,Plot for a Drama movie involving unique twists.
Horror,Plot for a Horror movie involving unique twists.
Action,Plot for a Action movie involving unique twists.
Romance,Plot for a Romance movie involving unique twists.
Sci-Fi,Plot for a Sci-Fi movie involving unique twists.
Drama,Plot for a Drama movie involving unique twists.
Horror,Plot for a Horror movie involving unique twists.
Action,Plot for a Action movie involving unique twists.
Romance,Plot for a Romance movie involving unique twists.
Sci-Fi,Plot for a Sci-Fi movie involving unique twists.
Drama,Plot for a Drama movie involving unique twists.
Horror,Plot for a Horror movie involving unique twists.
Action,Plot for a Action movie involving unique twists.
Romance,Plot for a Romance movie involving unique twists.
Sci-Fi,Plot for a Sci-Fi movie involving unique twists.
Drama,Plot for a Drama movie involving unique twists.
Horror,Plot for a Horror movie involving unique twists.
Action,Plot for a Action movie involving unique twists.
Romance,Plot for a Romance movie involving unique twists.
Sci-Fi,Plot for a Sci-Fi movie involving unique twists.
Drama,Plot for a Drama movie involving unique twists.
Horror,Plot for a Horror movie involving unique twists.
Action,Plot for a Action movie involving unique twists.
Romance,Plot for a Romance movie involving unique twists.
Sci-Fi,Plot for a Sci-Fi movie involving unique twists.
Drama,Plot for a Drama movie involving unique twists.
Horror,Plot for a Horror movie involving unique twists.
Action,Plot for a Action movie involving unique twists.
Romance,Plot for a Romance movie involving unique twists.
Sci-Fi,Plot for a Sci-Fi movie involving unique twists.
Drama,Plot for a Drama movie involving unique twists.
Horror,Plot for a Horror movie involving unique twists.
Action,Plot for a Action movie involving unique twists.
Romance,Plot for a Romance movie involving unique twists.
Sci-Fi,Plot for a Sci-Fi movie involving unique twists.
Drama,Plot for a Drama movie involving unique twists.
Horror,Plot for a Horror movie involving unique twists.
Action,Plot for a Action movie involving unique twists.
Romance,Plot for a Romance movie involving unique twists.
Sci-Fi,Plot for a Sci-Fi movie involving unique twists.
Drama,Plot for a Drama movie involving unique twists.
Horror,Plot for a Horror movie involving unique twists.
Action,Plot for a Action movie involving unique twists.
Romance,Plot for a Romance movie involving unique twists.
Sci-Fi,Plot for a Sci-Fi movie involving unique twists.
Drama,Plot for a Drama movie involving unique twists.
Horror,Plot for a Horror movie involving unique twists.
Action,Plot for a Action movie involving unique twists.
Romance,Plot for a Romance movie involving unique twists.
Sci-Fi,Plot for a Sci-Fi movie involving unique twists.
Drama,Plot for a Drama movie involving unique twists.
Horror,Plot for a Horror movie involving unique twists.
Action,Plot for a Action movie involving unique twists.
Romance,Plot for a Romance movie involving unique twists.
Sci-Fi,Plot for a Sci-Fi movie involving unique twists.
Drama,Plot for a Drama movie involving unique twists.
Horror,Plot for a Horror movie involving unique twists.
Action,Plot for a Action movie involving unique twists.
Romance,Plot for a Romance movie involving unique twists.
Sci-Fi,Plot for a Sci-Fi movie involving unique twists.
Drama,Plot for a Drama movie involving unique twists.
Horror,Plot for a Horror movie involving unique twists.
Action,Plot for a Action movie involving unique twists.
Romance,Plot for a Romance movie involving unique twists.
Sci-Fi,Plot for a Sci-Fi movie involving unique twists.
Drama,Plot for a Drama movie involving unique twists.
Horror,Plot for a Horror movie involving unique twists.
Action,Plot for a Action movie involving unique twists.
Romance,Plot for a Romance movie involving unique twists.
Sci-Fi,Plot for a Sci-Fi movie involving unique twists.
Drama,Plot for a Drama movie involving unique twists.
Horror,Plot for a Horror movie involving unique twists.
Action,Plot for a Action movie involving unique twists.
Romance,Plot for a Romance movie involving unique twists.
Sci-Fi,Plot for a Sci-Fi movie involving unique twists.
Drama,Plot for a Drama movie involving unique twists.
Horror,Plot for a Horror movie involving unique twists.
Action,Plot for a Action movie involving unique twists.
Romance,Plot for a Romance movie involving unique twists.
Sci-Fi,Plot for a Sci-Fi movie involving unique twists.
Drama,Plot for a Drama movie involving unique twists.
Horror,Plot for a Horror movie involving unique twists.
Action,Plot for a Action movie involving unique twists.
Romance,Plot for a Romance movie involving unique twists.
Sci-Fi,Plot for a Sci-Fi movie involving unique twists.
Drama,Plot for a Drama movie involving unique twists.
Horror,Plot for a Horror movie involving unique twists.
Action,Plot for a Action movie involving unique twists.
Romance,Plot for a Romance movie involving unique twists.
Sci-Fi,Plot for a Sci-Fi movie involving unique twists.
Drama,Plot for a Drama movie involving unique twists.
Horror,Plot for a Horror movie involving unique twists.
Action,Plot for a Action movie involving unique twists.
Romance,Plot for a Romance movie involving unique twists.
Sci-Fi,Plot for a Sci-Fi movie involving unique twists.
Drama,Plot for a Drama movie involving unique twists.
Horror,Plot for a Horror movie involving unique twists.
Action,Plot for a Action movie involving unique twists.
Romance,Plot for a Romance movie involving unique twists.
Sci-Fi,Plot for a Sci-Fi movie involving unique twists.
Drama,Plot for a Drama movie involving unique twists.
Horror,Plot for a Horror movie involving unique twists.
Action,Plot for a Action movie involving unique twists.
Romance,Plot for a Romance movie involving unique twists.
Sci-Fi,Plot for a Sci-Fi movie involving unique twists.
Drama,Plot for a Drama movie involving unique twists.
Horror,Plot for a Horror movie involving unique twists.
Action,Plot for a Action movie involving unique twists.
Romance,Plot for a Romance movie involving unique twists.
Sci-Fi,Plot for a Sci-Fi movie involving unique twists.
Drama,Plot for a Drama movie involving unique twists.
Horror,Plot for a Horror movie involving unique twists.
Action,Plot for a Action movie involving unique twists.
Romance,Plot for a Romance movie involving unique twists.
Sci-Fi,Plot for a Sci-Fi movie involving unique twists.
Drama,Plot for a Drama movie involving unique twists.
Horror,Plot for a Horror movie involving unique twists.
Action,Plot for a Action movie involving unique twists.
Romance,Plot for a Romance movie involving unique twists.
Sci-Fi,Plot for a Sci-Fi movie involving unique twists.
Drama,Plot for a Drama movie involving unique twists.
Horror,Plot for a Horror movie involving unique twists.
Action,Plot for a Action movie involving unique twists.
Romance,Plot for a Romance movie involving unique twists.
Sci-Fi,Plot for a Sci-Fi movie involving unique twists.
Drama,Plot for a Drama movie involving unique twists.
Horror,Plot for a Horror movie involving unique twists.
Action,Plot for a Action movie involving unique twists.
Romance,Plot for a Romance movie involving unique twists.
Sci-Fi,Plot for a Sci-Fi movie involving unique twists.
Drama,Plot for a Drama movie involving unique twists.
Horror,Plot for a Horror movie involving unique twists.
Action,Plot for a Action movie involving unique twists.
Romance,Plot for a Romance movie involving unique twists.
Sci-Fi,Plot for a Sci-Fi movie involving unique twists.
Drama,Plot for a Drama movie involving unique twists.
Horror,Plot for a Horror movie involving unique twists.
Action,Plot for a Action movie involving unique twists.
Romance,Plot for a Romance movie involving unique twists.
Sci-Fi,Plot for a Sci-Fi movie involving unique twists.
Drama,Plot for a Drama movie involving unique twists.
Horror,Plot for a Horror movie involving unique twists.
Action,Plot for a Action movie involving unique twists.
Romance,Plot for a Romance movie involving unique twists.
Sci-Fi,Plot for a Sci-Fi movie involving unique twists.
Drama,Plot for a Drama movie involving unique twists.
Horror,Plot for a Horror movie involving unique twists.
Action,Plot for a Action movie involving unique twists.
Romance,Plot for a Romance movie involving unique twists.
Sci-Fi,Plot for a Sci-Fi movie involving unique twists.
Drama,Plot for a Drama movie involving unique twists.
Horror,Plot for a Horror movie involving unique twists.
Action,Plot for a Action movie involving unique twists.
Romance,Plot for a Romance movie involving unique twists.
Sci-Fi,Plot for a Sci-Fi movie involving unique twists.
Drama,Plot for a Drama movie involving unique twists.
Horror,Plot for a Horror movie involving unique twists.
Action,Plot for a Action movie involving unique twists.
Romance,Plot for a Romance movie involving unique twists.
Sci-Fi,Plot for a Sci-Fi movie involving unique twists.
Drama,Plot for a Drama movie involving unique twists.
Horror,Plot for a Horror movie involving unique twists.
Action,Plot for a Action movie involving unique twists.
Romance,Plot for a Romance movie involving unique twists.
Sci-Fi,Plot for a Sci-Fi movie involving unique twists.
Drama,Plot for a Drama movie involving unique twists.
Horror,Plot for a Horror movie involving unique twists.
Action,Plot for a Action movie involving unique twists.
Romance,Plot for a Romance movie involving unique twists.
Sci-Fi,Plot for a Sci-Fi movie involving unique twists.
Drama,Plot for a Drama movie involving unique twists.
Horror,Plot for a Horror movie involving unique twists.
Action,Plot for a Action movie involving unique twists.
Romance,Plot for a Romance movie involving unique twists.
Sci-Fi,Plot for a Sci-Fi movie involving unique twists.
Drama,Plot for a Drama movie involving unique twists.
Horror,Plot for a Horror movie involving unique twists.
Action,Plot for a Action movie involving unique twists.
Romance,Plot for a Romance movie involving unique twists.
Sci-Fi,Plot for a Sci-Fi movie involving unique twists.
Drama,Plot for a Drama movie involving unique twists.
Horror,Plot for a Horror movie involving unique twists.
Action,Plot for a Action movie involving unique twists.
Romance,Plot for a Romance movie involving unique twists.
Sci-Fi,Plot for a Sci-Fi movie involving unique twists.
Drama,Plot for a Drama movie involving unique twists.
Horror,Plot for a Horror movie involving unique twists.
Action,Plot for a Action movie involving unique twists.
Romance,Plot for a Romance movie involving unique twists.
Sci-Fi,Plot for a Sci-Fi movie involving unique twists.
Drama,Plot for a Drama movie involving unique twists.
Horror,Plot for a Horror movie involving unique twists.
Action,Plot for a Action movie involving unique twists.
Romance,Plot for a Romance movie involving unique twists.
Sci-Fi,Plot for a Sci-Fi movie involving unique twists.
Drama,Plot for a Drama movie involving unique twists.
Horror,Plot for a Horror movie involving unique twists.
Action,Plot for a Action movie involving unique twists.
Romance,Plot for a Romance movie involving unique twists.
Sci-Fi,Plot for a Sci-Fi movie involving unique twists.
Drama,Plot for a Drama movie involving unique twists.
Horror,Plot for a Horror movie involving unique twists.
Action,Plot for a Action movie involving unique twists.
Romance,Plot for a Romance movie involving unique twists.
Sci-Fi,Plot for a Sci-Fi movie involving unique twists.
Drama,Plot for a Drama movie involving unique twists.
Horror,Plot for a Horror movie involving unique twists.
Action,Plot for a Action movie involving unique twists.
Romance,Plot for a Romance movie involving unique twists.
Sci-Fi,Plot for a Sci-Fi movie involving unique twists.
Drama,Plot for a Drama movie involving unique twists.
Horror,Plot for a Horror movie involving unique twists.
Action,Plot for a Action movie involving unique twists.
Romance,Plot for a Romance movie involving unique twists.
Sci-Fi,Plot for a Sci-Fi movie involving unique twists.
Drama,Plot for a Drama movie involving unique twists.
Horror,Plot for a Horror movie involving unique twists.
Action,Plot for a Action movie involving unique twists.
Romance,Plot for a Romance movie involving unique twists.
Sci-Fi,Plot for a Sci-Fi movie involving unique twists.
Drama,Plot for a Drama movie involving unique twists.
Horror,Plot for a Horror movie involving unique twists.
Action,Plot for a Action movie involving unique twists.
Romance,Plot for a Romance movie involving unique twists.
Sci-Fi,Plot for a Sci-Fi movie involving unique twists.
Drama,Plot for a Drama movie involving unique twists.
Horror,Plot for a Horror movie involving unique twists.
Action,Plot for a Action movie involving unique twists.
Romance,Plot for a Romance movie involving unique twists.
Sci-Fi,Plot for a Sci-Fi movie involving unique twists.
Drama,Plot for a Drama movie involving unique twists.
Horror,Plot for a Horror movie involving unique twists.
Action,Plot for a Action movie involving unique twists.
Romance,Plot for a Romance movie involving unique twists.
Sci-Fi,Plot for a Sci-Fi movie involving unique twists.
Drama,Plot for a Drama movie involving unique twists.
Horror,Plot for a Horror movie involving unique twists.
Action,Plot for a Action movie involving unique twists.
Romance,Plot for a Romance movie involving unique twists.
Sci-Fi,Plot for a Sci-Fi movie involving unique twists.
Drama,Plot for a Drama movie involving unique twists.
Horror,Plot for a Horror movie involving unique twists.
Action,Plot for a Action movie involving unique twists.
Romance,Plot for a Romance movie involving unique twists.
Sci-Fi,Plot for a Sci-Fi movie involving unique twists.
Drama,Plot for a Drama movie involving unique twists.
Horror,Plot for a Horror movie involving unique twists.
Action,Plot for a Action movie involving unique twists.
Romance,Plot for a Romance movie involving unique twists.
Sci-Fi,Plot for a Sci-Fi movie involving unique twists.
Drama,Plot for a Drama movie involving unique twists.
Horror,Plot for a Horror movie involving unique twists.
Action,Plot for a Action movie involving unique twists.
Romance,Plot for a Romance movie involving unique twists.
Sci-Fi,Plot for a Sci-Fi movie involving unique twists.
Drama,Plot for a Drama movie involving unique twists.
Horror,Plot for a Horror movie involving unique twists.
Action,Plot for a Action movie involving unique twists.
Romance,Plot for a Romance movie involving unique twists.
Sci-Fi,Plot for a Sci-Fi movie involving unique twists.
Drama,Plot for a Drama movie involving unique twists.
Horror,Plot for a Horror movie involving unique twists.
Action,Plot for a Action movie involving unique twists.
Romance,Plot for a Romance movie involving unique twists.
Sci-Fi,Plot for a Sci-Fi movie involving unique twists.
Drama,Plot for a Drama movie involving unique twists.
Horror,Plot for a Horror movie involving unique twists.
Action,Plot for a Action movie involving unique twists.
Romance,Plot for a Romance movie involving unique twists.
Sci-Fi,Plot for a Sci-Fi movie involving unique twists.
Drama,Plot for a Drama movie involving unique twists.
Horror,Plot for a Horror movie involving unique twists.
Action,Plot for a Action movie involving unique twists.
Romance,Plot for a Romance movie involving unique twists.
Sci-Fi,Plot for a Sci-Fi movie involving unique twists.
Drama,Plot for a Drama movie involving unique twists.
Horror,Plot for a Horror movie involving unique twists.
Action,Plot for a Action movie involving unique twists.
Romance,Plot for a Romance movie involving unique twists.
Sci-Fi,Plot for a Sci-Fi movie involving unique twists.
Drama,Plot for a Drama movie involving unique twists.
Horror,Plot for a Horror movie involving unique twists.
Action,Plot for a Action movie involving unique twists.
Romance,Plot for a Romance movie involving unique twists.
Sci-Fi,Plot for a Sci-Fi movie involving unique twists.
Drama,Plot for a Drama movie involving unique twists.
Horror,Plot for a Horror movie involving unique twists.
Action,Plot for a Action movie involving unique twists.
Romance,Plot for a Romance movie involving unique twists.
Sci-Fi,Plot for a Sci-Fi movie involving unique twists.
Drama,Plot for a Drama movie involving unique twists.
Horror,Plot for a Horror movie involving unique twists.
Action,Plot for a Action movie involving unique twists.
Romance,Plot for a Romance movie involving unique twists.
Sci-Fi,Plot for a Sci-Fi movie involving unique twists.
Drama,Plot for a Drama movie involving unique twists.
Horror,Plot for a Horror movie involving unique twists.
Action,Plot for a Action movie involving unique twists.
Romance,Plot for a Romance movie involving unique twists.
Sci-Fi,Plot for a Sci-Fi movie involving unique twists.
Drama,Plot for a Drama movie involving unique twists.
Horror,Plot for a Horror movie involving unique twists.
Action,Plot for a Action movie involving unique twists.
Romance,Plot for a Romance movie involving unique twists.
Sci-Fi,Plot for a Sci-Fi movie involving unique twists.
Drama,Plot for a Drama movie involving unique twists.
Horror,Plot for a Horror movie involving unique twists.
Action,Plot for a Action movie involving unique twists.
Romance,Plot for a Romance movie involving unique twists.
Sci-Fi,Plot for a Sci-Fi movie involving unique twists.
Drama,Plot for a Drama movie involving unique twists.
Horror,Plot for a Horror movie involving unique twists.
Action,Plot for a Action movie involving unique twists.
Romance,Plot for a Romance movie involving unique twists.
Sci-Fi,Plot for a Sci-Fi movie involving unique twists.
Drama,Plot for a Drama movie involving unique twists.
Horror,Plot for a Horror movie involving unique twists.
Action,Plot for a Action movie involving unique twists.
Romance,Plot for a Romance movie involving unique twists.
Sci-Fi,Plot for a Sci-Fi movie involving unique twists.
Drama,Plot for a Drama movie involving unique twists.
Horror,Plot for a Horror movie involving unique twists.
Action,Plot for a Action movie involving unique twists.
Romance,Plot for a Romance movie involving unique twists.
Sci-Fi,Plot for a Sci-Fi movie involving unique twists.
Drama,Plot for a Drama movie involving unique twists.
Horror,Plot for a Horror movie involving unique twists.
Action,Plot for a Action movie involving unique twists.
Romance,Plot for a Romance movie involving unique twists.
Sci-Fi,Plot for a Sci-Fi movie involving unique twists.
Drama,Plot for a Drama movie involving unique twists.
Horror,Plot for a Horror movie involving unique twists.
Action,Plot for a Action movie involving unique twists.
Romance,Plot for a Romance movie involving unique twists.
Sci-Fi,Plot for a Sci-Fi movie involving unique twists.
Drama,Plot for a Drama movie involving unique twists.
Horror,Plot for a Horror movie involving unique twists.
Action,Plot for a Action movie involving unique twists.
Romance,Plot for a Romance movie involving unique twists.
Sci-Fi,Plot for a Sci-Fi movie involving unique twists.
Drama,Plot for a Drama movie involving unique twists.
Horror,Plot for a Horror movie involving unique twists.
Action,Plot for a Action movie involving unique twists.
Romance,Plot for a Romance movie involving unique twists.
Sci-Fi,Plot for a Sci-Fi movie involving unique twists.
Drama,Plot for a Drama movie involving unique twists.
Horror,Plot for a Horror movie involving unique twists.
Action,Plot for a Action movie involving unique twists.
Romance,Plot for a Romance movie involving unique twists.
Sci-Fi,Plot for a Sci-Fi movie involving unique twists.
Drama,Plot for a Drama movie involving unique twists.
Horror,Plot for a Horror movie involving unique twists.
Action,Plot for a Action movie involving unique twists.
Romance,Plot for a Romance movie involving unique twists.
Sci-Fi,Plot for a Sci-Fi movie involving unique twists.
Drama,Plot for a Drama movie involving unique twists.
Horror,Plot for a Horror movie involving unique twists.
Action,Plot for a Action movie involving unique twists.
Romance,Plot for a Romance movie involving unique twists.
Sci-Fi,Plot for a Sci-Fi movie involving unique twists.
Drama,Plot for a Drama movie involving unique twists.
Horror,Plot for a Horror movie involving unique twists.
Action,Plot for a Action movie involving unique twists.
Romance,Plot for a Romance movie involving unique twists.
Sci-Fi,Plot for a Sci-Fi movie involving unique twists.
Drama,Plot for a Drama movie involving unique twists.
Horror,Plot for a Horror movie involving unique twists.
Action,Plot for a Action movie involving unique twists.
Romance,Plot for a Romance movie involving unique twists.
Sci-Fi,Plot for a Sci-Fi movie involving unique twists.
Drama,Plot for a Drama movie involving unique twists.
Horror,Plot for a Horror movie involving unique twists.
Action,Plot for a Action movie involving unique twists.
Romance,Plot for a Romance movie involving unique twists.
Sci-Fi,Plot for a Sci-Fi movie involving unique twists.
Drama,Plot for a Drama movie involving unique twists.
Horror,Plot for a Horror movie involving unique twists.
Action,Plot for a Action movie involving unique twists.
Romance,Plot for a Romance movie involving unique twists.
Sci-Fi,Plot for a Sci-Fi movie involving unique twists.
Drama,Plot for a Drama movie involving unique twists.
Horror,Plot for a Horror movie involving unique twists.
Action,Plot for a Action movie involving unique twists.
Romance,Plot for a Romance movie involving unique twists.
Sci-Fi,Plot for a Sci-Fi movie involving unique twists.
Drama,Plot for a Drama movie involving unique twists.
Horror,Plot for a Horror movie involving unique twists.
Action,Plot for a Action movie involving unique twists.
Romance,Plot for a Romance movie involving unique twists.
Sci-Fi,Plot for a Sci-Fi movie involving unique twists.
Drama,Plot for a Drama movie involving unique twists.
Horror,Plot for a Horror movie involving unique twists.
Action,Plot for a Action movie involving unique twists.
Romance,Plot for a Romance movie involving unique twists.
Sci-Fi,Plot for a Sci-Fi movie involving unique twists.
Drama,Plot for a Drama movie involving unique twists.
Horror,Plot for a Horror movie involving unique twists.
Action,Plot for a Action movie involving unique twists.
Romance,Plot for a Romance movie involving unique twists.
Sci-Fi,Plot for a Sci-Fi movie involving unique twists.
Drama,Plot for a Drama movie involving unique twists.
Horror,Plot for a Horror movie involving unique twists.
Action,Plot for a Action movie involving unique twists.
Romance,Plot for a Romance movie involving unique twists.
Sci-Fi,Plot for a Sci-Fi movie involving unique twists.
Drama,Plot for a Drama movie involving unique twists.
Horror,Plot for a Horror movie involving unique twists.
Action,Plot for a Action movie involving unique twists.
Romance,Plot for a Romance movie involving unique twists.
Sci-Fi,Plot for a Sci-Fi movie involving unique twists.
Drama,Plot for a Drama movie involving unique twists.
Horror,Plot for a Horror movie involving unique twists.
Action,Plot for a Action movie involving unique twists.
Romance,Plot for a Romance movie involving unique twists.
Sci-Fi,Plot for a Sci-Fi movie involving unique twists.
Drama,Plot for a Drama movie involving unique twists.
Horror,Plot for a Horror movie involving unique twists.
Action,Plot for a Action movie involving unique twists.
Romance,Plot for a Romance movie involving unique twists.
Sci-Fi,Plot for a Sci-Fi movie involving unique twists.
Drama,Plot for a Drama movie involving unique twists.
Horror,Plot for a Horror movie involving unique twists.
Action,Plot for a Action movie involving unique twists.
Romance,Plot for a Romance movie involving unique twists.
Sci-Fi,Plot for a Sci-Fi movie involving unique twists.
Drama,Plot for a Drama movie involving unique twists.
Horror,Plot for a Horror movie involving unique twists.
Action,Plot for a Action movie involving unique twists.
Romance,Plot for a Romance movie involving unique twists.
Sci-Fi,Plot for a Sci-Fi movie involving unique twists.
Drama,Plot for a Drama movie involving unique twists.
Horror,Plot for a Horror movie involving unique twists.
Action,Plot for a Action movie involving unique twists.
Romance,Plot for a Romance movie involving unique twists.
Sci-Fi,Plot for a Sci-Fi movie involving unique twists.
Drama,Plot for a Drama movie involving unique twists.
Horror,Plot for a Horror movie involving unique twists.
Action,Plot for a Action movie involving unique twists.
Romance,Plot for a Romance movie involving unique twists.
Sci-Fi,Plot for a Sci-Fi movie involving unique twists.
Drama,Plot for a Drama movie involving unique twists.
Horror,Plot for a Horror movie involving unique twists.
Action,Plot for a Action movie involving unique twists.
Romance,Plot for a Romance movie involving unique twists.
Sci-Fi,Plot for a Sci-Fi movie involving unique twists.
Drama,Plot for a Drama movie involving unique twists.
Horror,Plot for a Horror movie involving unique twists.
Action,Plot for a Action movie involving unique twists.
Romance,Plot for a Romance movie involving unique twists.
Sci-Fi,Plot for a Sci-Fi movie involving unique twists.
Drama,Plot for a Drama movie involving unique twists.
Horror,Plot for a Horror movie involving unique twists.
Action,Plot for a Action movie involving unique twists.
Romance,Plot for a Romance movie involving unique twists.
Sci-Fi,Plot for a Sci-Fi movie involving unique twists.
Drama,Plot for a Drama movie involving unique twists.
Horror,Plot for a Horror movie involving unique twists.
Action,Plot for a Action movie involving unique twists.
Romance,Plot for a Romance movie involving unique twists.
Sci-Fi,Plot for a Sci-Fi movie involving unique twists.
Drama,Plot for a Drama movie involving unique twists.
Horror,Plot for a Horror movie involving unique twists.
Action,Plot for a Action movie involving unique twists.
Romance,Plot for a Romance movie involving unique twists.
Sci-Fi,Plot for a Sci-Fi movie involving unique twists.
Drama,Plot for a Drama movie involving unique twists.
Horror,Plot for a Horror movie involving unique twists.
Action,Plot for a Action movie involving unique twists.
Romance,Plot for a Romance movie involving unique twists.
Sci-Fi,Plot for a Sci-Fi movie involving unique twists.
Drama,Plot for a Drama movie involving unique twists.
Horror,Plot for a Horror movie involving unique twists.
Action,Plot for a Action movie involving unique twists.
Romance,Plot for a Romance movie involving unique twists.
Sci-Fi,Plot for a Sci-Fi movie involving unique twists.
Drama,Plot for a Drama movie involving unique twists.
Horror,Plot for a Horror movie involving unique twists.
Action,Plot for a Action movie involving unique twists.
Romance,Plot for a Romance movie involving unique twists.
Sci-Fi,Plot for a Sci-Fi movie involving unique twists.
Drama,Plot for a Drama movie involving unique twists.
Horror,Plot for a Horror movie involving unique twists.
Action,Plot for a Action movie involving unique twists.
Romance,Plot for a Romance movie involving unique twists.
Sci-Fi,Plot for a Sci-Fi movie involving unique twists.
Drama,Plot for a Drama movie involving unique twists.
Horror,Plot for a Horror movie involving unique twists.
Action,Plot for a Action movie involving unique twists.
Romance,Plot for a Romance movie involving unique twists.
Sci-Fi,Plot for a Sci-Fi movie involving unique twists.
Drama,Plot for a Drama movie involving unique twists.
Horror,Plot for a Horror movie involving unique twists.
Action,Plot for a Action movie involving unique twists.
Romance,Plot for a Romance movie involving unique twists.
Sci-Fi,Plot for a Sci-Fi movie involving unique twists.
Drama,Plot for a Drama movie involving unique twists.
Horror,Plot for a Horror movie involving unique twists.
Action,Plot for a Action movie involving unique twists.
Romance,Plot for a Romance movie involving unique twists.
Sci-Fi,Plot for a Sci-Fi movie involving unique twists.
Drama,Plot for a Drama movie involving unique twists.
Horror,Plot for a Horror movie involving unique twists.
Action,Plot for a Action movie involving unique twists.
Romance,Plot for a Romance movie involving unique twists.
Sci-Fi,Plot for a Sci-Fi movie involving unique twists.
Drama,Plot for a Drama movie involving unique twists.
Horror,Plot for a Horror movie involving unique twists.
Action,Plot for a Action movie involving unique twists.
Romance,Plot for a Romance movie involving unique twists.
Sci-Fi,Plot for a Sci-Fi movie involving unique twists.
Drama,Plot for a Drama movie involving unique twists.
Horror,Plot for a Horror movie involving unique twists.
Action,Plot for a Action movie involving unique twists.
Romance,Plot for a Romance movie involving unique twists.
Sci-Fi,Plot for a Sci-Fi movie involving unique twists.
Drama,Plot for a Drama movie involving unique twists.
Horror,Plot for a Horror movie involving unique twists.
Action,Plot for a Action movie involving unique twists.
Romance,Plot for a Romance movie involving unique twists.
Sci-Fi,Plot for a Sci-Fi movie involving unique twists.
Drama,Plot for a Drama movie involving unique twists.
Horror,Plot for a Horror movie involving unique twists.
Action,Plot for a Action movie involving unique twists.
Romance,Plot for a Romance movie involving unique twists.
Sci-Fi,Plot for a Sci-Fi movie involving unique twists.
Drama,Plot for a Drama movie involving unique twists.
Horror,Plot for a Horror movie involving unique twists.
Action,Plot for a Action movie involving unique twists.
Romance,Plot for a Romance movie involving unique twists.
Sci-Fi,Plot for a Sci-Fi movie involving unique twists.
Drama,Plot for a Drama movie involving unique twists.
Horror,Plot for a Horror movie involving unique twists.
Action,Plot for a Action movie involving unique twists.
Romance,Plot for a Romance movie involving unique twists.
Sci-Fi,Plot for a Sci-Fi movie involving unique twists.
Drama,Plot for a Drama movie involving unique twists.
Horror,Plot for a Horror movie involving unique twists.
Action,Plot for a Action movie involving unique twists.
Romance,Plot for a Romance movie involving unique twists.
Sci-Fi,Plot for a Sci-Fi movie involving unique twists.
Drama,Plot for a Drama movie involving unique twists.
Horror,Plot for a Horror movie involving unique twists.
Action,Plot for a Action movie involving unique twists.
Romance,Plot for a Romance movie involving unique twists.
Sci-Fi,Plot for a Sci-Fi movie involving unique twists.
Drama,Plot for a Drama movie involving unique twists.
Horror,Plot for a Horror movie involving unique twists.
Action,Plot for a Action movie involving unique twists.
Romance,Plot for a Romance movie involving unique twists.
Sci-Fi,Plot for a Sci-Fi movie involving unique twists.
Drama,Plot for a Drama movie involving unique twists.
Horror,Plot for a Horror movie involving unique twists.
Action,Plot for a Action movie involving unique twists.
Romance,Plot for a Romance movie involving unique twists.
Sci-Fi,Plot for a Sci-Fi movie involving unique twists.
Drama,Plot for a Drama movie involving unique twists.
Horror,Plot for a Horror movie involving unique twists.
Action,Plot for a Action movie involving unique twists.
Romance,Plot for a Romance movie involving unique twists.
Sci-Fi,Plot for a Sci-Fi movie involving unique twists.
Drama,Plot for a Drama movie involving unique twists.
Horror,Plot for a Horror movie involving unique twists.
Action,Plot for a Action movie involving unique twists.
Romance,Plot for a Romance movie involving unique twists.
Sci-Fi,Plot for a Sci-Fi movie involving unique twists.
Drama,Plot for a Drama movie involving unique twists.
Horror,Plot for a Horror movie involving unique twists.
Action,Plot for a Action movie involving unique twists.
Romance,Plot for a Romance movie involving unique twists.
Sci-Fi,Plot for a Sci-Fi movie involving unique twists.
Drama,Plot for a Drama movie involving unique twists.
Horror,Plot for a Horror movie involving unique twists.
Action,Plot for a Action movie involving unique twists.
Romance,Plot for a Romance movie involving unique twists.
Sci-Fi,Plot for a Sci-Fi movie involving unique twists.
Drama,Plot for a Drama movie involving unique twists.
Horror,Plot for a Horror movie involving unique twists.
Action,Plot for a Action movie involving unique twists.
Romance,Plot for a Romance movie involving unique twists.
Sci-Fi,Plot for a Sci-Fi movie involving unique twists.
Drama,Plot for a Drama movie involving unique twists.
Horror,Plot for a Horror movie involving unique twists.
Action,Plot for a Action movie involving unique twists.
Romance,Plot for a Romance movie involving unique twists.
Sci-Fi,Plot for a Sci-Fi movie involving unique twists.
Drama,Plot for a Drama movie involving unique twists.
Horror,Plot for a Horror movie involving unique twists.
Action,Plot for a Action movie involving unique twists.
Romance,Plot for a Romance movie involving unique twists.
Sci-Fi,Plot for a Sci-Fi movie involving unique twists.
Drama,Plot for a Drama movie involving unique twists.
Horror,Plot for a Horror movie involving unique twists.
Action,Plot for a Action movie involving unique twists.
Romance,Plot for a Romance movie involving unique twists.
Sci-Fi,Plot for a Sci-Fi movie involving unique twists.
Drama,Plot for a Drama movie involving unique twists.
Horror,Plot for a Horror movie involving unique twists.
Action,Plot for a Action movie involving unique twists.
Romance,Plot for a Romance movie involving unique twists.
Sci-Fi,Plot for a Sci-Fi movie involving unique twists.
Drama,Plot for a Drama movie involving unique twists.
Horror,Plot for a Horror movie involving unique twists.
Action,Plot for a Action movie involving unique twists.
Romance,Plot for a Romance movie involving unique twists.
Sci-Fi,Plot for a Sci-Fi movie involving unique twists.
Drama,Plot for a Drama movie involving unique twists.
Horror,Plot for a Horror movie involving unique twists.
Action,Plot for a Action movie involving unique twists.
Romance,Plot for a Romance movie involving unique twists.
Sci-Fi,Plot for a Sci-Fi movie involving unique twists.
Drama,Plot for a Drama movie involving unique twists.
Horror,Plot for a Horror movie involving unique twists.
Action,Plot for a Action movie involving unique twists.
Romance,Plot for a Romance movie involving unique twists.
Sci-Fi,Plot for a Sci-Fi movie involving unique twists.
Drama,Plot for a Drama movie involving unique twists.
Horror,Plot for a Horror movie involving unique twists.
Action,Plot for a Action movie involving unique twists.
Romance,Plot for a Romance movie involving unique twists.
Sci-Fi,Plot for a Sci-Fi movie involving unique twists.
Drama,Plot for a Drama movie involving unique twists.
Horror,Plot for a Horror movie involving unique twists.
Action,Plot for a Action movie involving unique twists.
Romance,Plot for a Romance movie involving unique twists.
Sci-Fi,Plot for a Sci-Fi movie involving unique twists.
Drama,Plot for a Drama movie involving unique twists.
Horror,Plot for a Horror movie involving unique twists.
Action,Plot for a Action movie involving unique twists.
Romance,Plot for a Romance movie involving unique twists.
Sci-Fi,Plot for a Sci-Fi movie involving unique twists.
Drama,Plot for a Drama movie involving unique twists.
Horror,Plot for a Horror movie involving unique twists.
Action,Plot for a Action movie involving unique twists.
Romance,Plot for a Romance movie involving unique twists.
Sci-Fi,Plot for a Sci-Fi movie involving unique twists.
Drama,Plot for a Drama movie involving unique twists.
Horror,Plot for a Horror movie involving unique twists.
Action,Plot for a Action movie involving unique twists.
Romance,Plot for a Romance movie involving unique twists.
Sci-Fi,Plot for a Sci-Fi movie involving unique twists.
Drama,Plot for a Drama movie involving unique twists.
Horror,Plot for a Horror movie involving unique twists.
Action,Plot for a Action movie involving unique twists.
Romance,Plot for a Romance movie involving unique twists.
Sci-Fi,Plot for a Sci-Fi movie involving unique twists.
Drama,Plot for a Drama movie involving unique twists.
Horror,Plot for a Horror movie involving unique twists.
Action,Plot for a Action movie involving unique twists.
Romance,Plot for a Romance movie involving unique twists.
Sci-Fi,Plot for a Sci-Fi movie involving unique twists.
Drama,Plot for a Drama movie involving unique twists.
Horror,Plot for a Horror movie involving unique twists.
Action,Plot for a Action movie involving unique twists.
Romance,Plot for a Romance movie involving unique twists.
Sci-Fi,Plot for a Sci-Fi movie involving unique twists.
Drama,Plot for a Drama movie involving unique twists.
Horror,Plot for a Horror movie involving unique twists.
Action,Plot for a Action movie involving unique twists.
Romance,Plot for a Romance movie involving unique twists.
Sci-Fi,Plot for a Sci-Fi movie involving unique twists.
Drama,Plot for a Drama movie involving unique twists.
Horror,Plot for a Horror movie involving unique twists.
Action,Plot for a Action movie involving unique twists.
Romance,Plot for a Romance movie involving unique twists.
Sci-Fi,Plot for a Sci-Fi movie involving unique twists.
Drama,Plot for a Drama movie involving unique twists.
Horror,Plot for a Horror movie involving unique twists.
Action,Plot for a Action movie involving unique twists.
Romance,Plot for a Romance movie involving unique twists.
Sci-Fi,Plot for a Sci-Fi movie involving unique twists.
Drama,Plot for a Drama movie involving unique twists.
Horror,Plot for a Horror movie involving unique twists.
Action,Plot for a Action movie involving unique twists.
Romance,Plot for a Romance movie involving unique twists.
Sci-Fi,Plot for a Sci-Fi movie involving unique twists.
Drama,Plot for a Drama movie involving unique twists.
Horror,Plot for a Horror movie involving unique twists.
Action,Plot for a Action movie involving unique twists.
Romance,Plot for a Romance movie involving unique twists.
Sci-Fi,Plot for a Sci-Fi movie involving unique twists.
Drama,Plot for a Drama movie involving unique twists.
Horror,Plot for a Horror movie involving unique twists.
Action,Plot for a Action movie involving unique twists.
Romance,Plot for a Romance movie involving unique twists.
Sci-Fi,Plot for a Sci-Fi movie involving unique twists.
Drama,Plot for a Drama movie involving unique twists.
Horror,Plot for a Horror movie involving unique twists.
Action,Plot for a Action movie involving unique twists.
Romance,Plot for a Romance movie involving unique twists.
Sci-Fi,Plot for a Sci-Fi movie involving unique twists.
Drama,Plot for a Drama movie involving unique twists.
Horror,Plot for a Horror movie involving unique twists.
Action,Plot for a Action movie involving unique twists.
Romance,Plot for a Romance movie involving unique twists.
Sci-Fi,Plot for a Sci-Fi movie involving unique twists.
Drama,Plot for a Drama movie involving unique twists.
Horror,Plot for a Horror movie involving unique twists.
Action,Plot for a Action movie involving unique twists.
Romance,Plot for a Romance movie involving unique twists.
Sci-Fi,Plot for a Sci-Fi movie involving unique twists.
Drama,Plot for a Drama movie involving unique twists.
Horror,Plot for a Horror movie involving unique twists.
Action,Plot for a Action movie involving unique twists.
Romance,Plot for a Romance movie involving unique twists.
Sci-Fi,Plot for a Sci-Fi movie involving unique twists.
Drama,Plot for a Drama movie involving unique twists.
Horror,Plot for a Horror movie involving unique twists.
Action,Plot for a Action movie involving unique twists.
Romance,Plot for a Romance movie involving unique twists.
Sci-Fi,Plot for a Sci-Fi movie involving unique twists.
Drama,Plot for a Drama movie involving unique twists.
Horror,Plot for a Horror movie involving unique twists.
Action,Plot for a Action movie involving unique twists.
Romance,Plot for a Romance movie involving unique twists.
Sci-Fi,Plot for a Sci-Fi movie involving unique twists.
Drama,Plot for a Drama movie involving unique twists.
Horror,Plot for a Horror movie involving unique twists.
Action,Plot for a Action movie involving unique twists.
Romance,Plot for a Romance movie involving unique twists.
Sci-Fi,Plot for a Sci-Fi movie involving unique twists.
Drama,Plot for a Drama movie involving unique twists.
Horror,Plot for a Horror movie involving unique twists.
Action,Plot for a Action movie involving unique twists.
Romance,Plot for a Romance movie involving unique twists.
Sci-Fi,Plot for a Sci-Fi movie involving unique twists.
Drama,Plot for a Drama movie involving unique twists.
Horror,Plot for a Horror movie involving unique twists.
Action,Plot for a Action movie involving unique twists.
Romance,Plot for a Romance movie involving unique twists.
Sci-Fi,Plot for a Sci-Fi movie involving unique twists.
Drama,Plot for a Drama movie involving unique twists.
Horror,Plot for a Horror movie involving unique twists.
Action,Plot for a Action movie involving unique twists.
Romance,Plot for a Romance movie involving unique twists.
Sci-Fi,Plot for a Sci-Fi movie involving unique twists.
Drama,Plot for a Drama movie involving unique twists.
Horror,Plot for a Horror movie involving unique twists.
Action,Plot for a Action movie involving unique twists.
Romance,Plot for a Romance movie involving unique twists.
Sci-Fi,Plot for a Sci-Fi movie involving unique twists.
Drama,Plot for a Drama movie involving unique twists.
Horror,Plot for a Horror movie involving unique twists.
Action,Plot for a Action movie involving unique twists.
Romance,Plot for a Romance movie involving unique twists.
Sci-Fi,Plot for a Sci-Fi movie involving unique twists.
Drama,Plot for a Drama movie involving unique twists.
Horror,Plot for a Horror movie involving unique twists.
Action,Plot for a Action movie involving unique twists.
Romance,Plot for a Romance movie involving unique twists.
Sci-Fi,Plot for a Sci-Fi movie involving unique twists.
Drama,Plot for a Drama movie involving unique twists.
Horror,Plot for a Horror movie involving unique twists.
Action,Plot for a Action movie involving unique twists.
Romance,Plot for a Romance movie involving unique twists.
Sci-Fi,Plot for a Sci-Fi movie involving unique twists.
Drama,Plot for a Drama movie involving unique twists.
Horror,Plot for a Horror movie involving unique twists.
Action,Plot for a Action movie involving unique twists.
Romance,Plot for a Romance movie involving unique twists.
Sci-Fi,Plot for a Sci-Fi movie involving unique twists.
Drama,Plot for a Drama movie involving unique twists.
Horror,Plot for a Horror movie involving unique twists.
Action,Plot for a Action movie involving unique twists.
Romance,Plot for a Romance movie involving unique twists.
Sci-Fi,Plot for a Sci-Fi movie involving unique twists.
Drama,Plot for a Drama movie involving unique twists.
Horror,Plot for a Horror movie involving unique twists.
Action,Plot for a Action movie involving unique twists.
Romance,Plot for a Romance movie involving unique twists.
Sci-Fi,Plot for a Sci-Fi movie involving unique twists.
Drama,Plot for a Drama movie involving unique twists.
Horror,Plot for a Horror movie involving unique twists.
Action,Plot for a Action movie involving unique twists.
Romance,Plot for a Romance movie involving unique twists.
Sci-Fi,Plot for a Sci-Fi movie involving unique twists.
Drama,Plot for a Drama movie involving unique twists.
Horror,Plot for a Horror movie involving unique twists.
Action,Plot for a Action movie involving unique twists.
Romance,Plot for a Romance movie involving unique twists.
Sci-Fi,Plot for a Sci-Fi movie involving unique twists.
Drama,Plot for a Drama movie involving unique twists.
Horror,Plot for a Horror movie involving unique twists.
Action,Plot for a Action movie involving unique twists.
Romance,Plot for a Romance movie involving unique twists.
Sci-Fi,Plot for a Sci-Fi movie involving unique twists.
Drama,Plot for a Drama movie involving unique twists.
Horror,Plot for a Horror movie involving unique twists.
Action,Plot for a Action movie involving unique twists.
Romance,Plot for a Romance movie involving unique twists.
Sci-Fi,Plot for a Sci-Fi movie involving unique twists.
Drama,Plot for a Drama movie involving unique twists.
Horror,Plot for a Horror movie involving unique twists.
Action,Plot for a Action movie involving unique twists.
Romance,Plot for a Romance movie involving unique twists.
Sci-Fi,Plot for a Sci-Fi movie involving unique twists.
Drama,Plot for a Drama movie involving unique twists.
Horror,Plot for a Horror movie involving unique twists.
Action,Plot for a Action movie involving unique twists.
Romance,Plot for a Romance movie involving unique twists.
Sci-Fi,Plot for a Sci-Fi movie involving unique twists.
Drama,Plot for a Drama movie involving unique twists.
Horror,Plot for a Horror movie involving unique twists.
Action,Plot for a Action movie involving unique twists.
Romance,Plot for a Romance movie involving unique twists.
Sci-Fi,Plot for a Sci-Fi movie involving unique twists.
Drama,Plot for a Drama movie involving unique twists.
Horror,Plot for a Horror movie involving unique twists.
Action,Plot for a Action movie involving unique twists.
Romance,Plot for a Romance movie involving unique twists.
Sci-Fi,Plot for a Sci-Fi movie involving unique twists.
Drama,Plot for a Drama movie involving unique twists.
Horror,Plot for a Horror movie involving unique twists.
Action,Plot for a Action movie involving unique twists.
Romance,Plot for a Romance movie involving unique twists.
Sci-Fi,Plot for a Sci-Fi movie involving unique twists.
Drama,Plot for a Drama movie involving unique twists.
Horror,Plot for a Horror movie involving unique twists.
Action,Plot for a Action movie involving unique twists.
Romance,Plot for a Romance movie involving unique twists.
Sci-Fi,Plot for a Sci-Fi movie involving unique twists.
Drama,Plot for a Drama movie involving unique twists.
Horror,Plot for a Horror movie involving unique twists.
Action,Plot for a Action movie involving unique twists.
Romance,Plot for a Romance movie involving unique twists.
Sci-Fi,Plot for a Sci-Fi movie involving unique twists.
Drama,Plot for a Drama movie involving unique twists.
Horror,Plot for a Horror movie involving unique twists.
