Movie Title,Genre,Summary,Rating,Release Year
Movie 1,Action,Summary for Movie 1,3.5,2001
Movie 2,Comedy,Summary for Movie 2,4.0,2002
Movie 3,Drama,Summary for Movie 3,3.0,2003
Movie 4,Horror,Summary for Movie 4,3.5,2004
Movie 5,Sci-Fi,Summary for Movie 5,4.0,2005
Movie 6,Action,Summary for Movie 6,3.0,2006
Movie 7,Comedy,Summary for Movie 7,3.5,2007
Movie 8,Drama,Summary for Movie 8,4.0,2008
Movie 9,Horror,Summary for Movie 9,3.0,2009
Movie 10,Sci-Fi,Summary for Movie 10,3.5,2010
Movie 11,Action,Summary for Movie 11,4.0,2011
Movie 12,Comedy,Summary for Movie 12,3.0,2012
Movie 13,Drama,Summary for Movie 13,3.5,2013
Movie 14,Horror,Summary for Movie 14,4.0,2014
Movie 15,Sci-Fi,Summary for Movie 15,3.0,2015
Movie 16,Action,Summary for Movie 16,3.5,2016
Movie 17,Comedy,Summary for Movie 17,4.0,2017
Movie 18,Drama,Summary for Movie 18,3.0,2018
Movie 19,Horror,Summary for Movie 19,3.5,2019
Movie 20,Sci-Fi,Summary for Movie 20,4.0,2000
Movie 21,Action,Summary for Movie 21,3.0,2001
Movie 22,Comedy,Summary for Movie 22,3.5,2002
Movie 23,Drama,Summary for Movie 23,4.0,2003
Movie 24,Horror,Summary for Movie 24,3.0,2004
Movie 25,Sci-Fi,Summary for Movie 25,3.5,2005
Movie 26,Action,Summary for Movie 26,4.0,2006
Movie 27,Comedy,Summary for Movie 27,3.0,2007
Movie 28,Drama,Summary for Movie 28,3.5,2008
Movie 29,Horror,Summary for Movie 29,4.0,2009
Movie 30,Sci-Fi,Summary for Movie 30,3.0,2010
Movie 31,Action,Summary for Movie 31,3.5,2011
Movie 32,Comedy,Summary for Movie 32,4.0,2012
Movie 33,Drama,Summary for Movie 33,3.0,2013
Movie 34,Horror,Summary for Movie 34,3.5,2014
Movie 35,Sci-Fi,Summary for Movie 35,4.0,2015
Movie 36,Action,Summary for Movie 36,3.0,2016
Movie 37,Comedy,Summary for Movie 37,3.5,2017
Movie 38,Drama,Summary for Movie 38,4.0,2018
Movie 39,Horror,Summary for Movie 39,3.0,2019
Movie 40,Sci-Fi,Summary for Movie 40,3.5,2000
Movie 41,Action,Summary for Movie 41,4.0,2001
Movie 42,Comedy,Summary for Movie 42,3.0,2002
Movie 43,Drama,Summary for Movie 43,3.5,2003
Movie 44,Horror,Summary for Movie 44,4.0,2004
Movie 45,Sci-Fi,Summary for Movie 45,3.0,2005
Movie 46,Action,Summary for Movie 46,3.5,2006
Movie 47,Comedy,Summary for Movie 47,4.0,2007
Movie 48,Drama,Summary for Movie 48,3.0,2008
Movie 49,Horror,Summary for Movie 49,3.5,2009
Movie 50,Sci-Fi,Summary for Movie 50,4.0,2010
Movie 51,Action,Summary for Movie 51,3.0,2011
Movie 52,Comedy,Summary for Movie 52,3.5,2012
Movie 53,Drama,Summary for Movie 53,4.0,2013
Movie 54,Horror,Summary for Movie 54,3.0,2014
Movie 55,Sci-Fi,Summary for Movie 55,3.5,2015
Movie 56,Action,Summary for Movie 56,4.0,2016
Movie 57,Comedy,Summary for Movie 57,3.0,2017
Movie 58,Drama,Summary for Movie 58,3.5,2018
Movie 59,Horror,Summary for Movie 59,4.0,2019
Movie 60,Sci-Fi,Summary for Movie 60,3.0,2000
Movie 61,Action,Summary for Movie 61,3.5,2001
Movie 62,Comedy,Summary for Movie 62,4.0,2002
Movie 63,Drama,Summary for Movie 63,3.0,2003
Movie 64,Horror,Summary for Movie 64,3.5,2004
Movie 65,Sci-Fi,Summary for Movie 65,4.0,2005
Movie 66,Action,Summary for Movie 66,3.0,2006
Movie 67,Comedy,Summary for Movie 67,3.5,2007
Movie 68,Drama,Summary for Movie 68,4.0,2008
Movie 69,Horror,Summary for Movie 69,3.0,2009
Movie 70,Sci-Fi,Summary for Movie 70,3.5,2010
Movie 71,Action,Summary for Movie 71,4.0,2011
Movie 72,Comedy,Summary for Movie 72,3.0,2012
Movie 73,Drama,Summary for Movie 73,3.5,2013
Movie 74,Horror,Summary for Movie 74,4.0,2014
Movie 75,Sci-Fi,Summary for Movie 75,3.0,2015
Movie 76,Action,Summary for Movie 76,3.5,2016
Movie 77,Comedy,Summary for Movie 77,4.0,2017
Movie 78,Drama,Summary for Movie 78,3.0,2018
Movie 79,Horror,Summary for Movie 79,3.5,2019
Movie 80,Sci-Fi,Summary for Movie 80,4.0,2000
Movie 81,Action,Summary for Movie 81,3.0,2001
Movie 82,Comedy,Summary for Movie 82,3.5,2002
Movie 83,Drama,Summary for Movie 83,4.0,2003
Movie 84,Horror,Summary for Movie 84,3.0,2004
Movie 85,Sci-Fi,Summary for Movie 85,3.5,2005
Movie 86,Action,Summary for Movie 86,4.0,2006
Movie 87,Comedy,Summary for Movie 87,3.0,2007
Movie 88,Drama,Summary for Movie 88,3.5,2008
Movie 89,Horror,Summary for Movie 89,4.0,2009
Movie 90,Sci-Fi,Summary for Movie 90,3.0,2010
Movie 91,Action,Summary for Movie 91,3.5,2011
Movie 92,Comedy,Summary for Movie 92,4.0,2012
Movie 93,Drama,Summary for Movie 93,3.0,2013
Movie 94,Horror,Summary for Movie 94,3.5,2014
Movie 95,Sci-Fi,Summary for Movie 95,4.0,2015
Movie 96,Action,Summary for Movie 96,3.0,2016
Movie 97,Comedy,Summary for Movie 97,3.5,2017
Movie 98,Drama,Summary for Movie 98,4.0,2018
Movie 99,Horror,Summary for Movie 99,3.0,2019
Movie 100,Sci-Fi,Summary for Movie 100,3.5,2000
Movie 101,Action,Summary for Movie 101,4.0,2001
Movie 102,Comedy,Summary for Movie 102,3.0,2002
Movie 103,Drama,Summary for Movie 103,3.5,2003
Movie 104,Horror,Summary for Movie 104,4.0,2004
Movie 105,Sci-Fi,Summary for Movie 105,3.0,2005
Movie 106,Action,Summary for Movie 106,3.5,2006
Movie 107,Comedy,Summary for Movie 107,4.0,2007
Movie 108,Drama,Summary for Movie 108,3.0,2008
Movie 109,Horror,Summary for Movie 109,3.5,2009
Movie 110,Sci-Fi,Summary for Movie 110,4.0,2010
Movie 111,Action,Summary for Movie 111,3.0,2011
Movie 112,Comedy,Summary for Movie 112,3.5,2012
Movie 113,Drama,Summary for Movie 113,4.0,2013
Movie 114,Horror,Summary for Movie 114,3.0,2014
Movie 115,Sci-Fi,Summary for Movie 115,3.5,2015
Movie 116,Action,Summary for Movie 116,4.0,2016
Movie 117,Comedy,Summary for Movie 117,3.0,2017
Movie 118,Drama,Summary for Movie 118,3.5,2018
Movie 119,Horror,Summary for Movie 119,4.0,2019
Movie 120,Sci-Fi,Summary for Movie 120,3.0,2000
Movie 121,Action,Summary for Movie 121,3.5,2001
Movie 122,Comedy,Summary for Movie 122,4.0,2002
Movie 123,Drama,Summary for Movie 123,3.0,2003
Movie 124,Horror,Summary for Movie 124,3.5,2004
Movie 125,Sci-Fi,Summary for Movie 125,4.0,2005
Movie 126,Action,Summary for Movie 126,3.0,2006
Movie 127,Comedy,Summary for Movie 127,3.5,2007
Movie 128,Drama,Summary for Movie 128,4.0,2008
Movie 129,Horror,Summary for Movie 129,3.0,2009
Movie 130,Sci-Fi,Summary for Movie 130,3.5,2010
Movie 131,Action,Summary for Movie 131,4.0,2011
Movie 132,Comedy,Summary for Movie 132,3.0,2012
Movie 133,Drama,Summary for Movie 133,3.5,2013
Movie 134,Horror,Summary for Movie 134,4.0,2014
Movie 135,Sci-Fi,Summary for Movie 135,3.0,2015
Movie 136,Action,Summary for Movie 136,3.5,2016
Movie 137,Comedy,Summary for Movie 137,4.0,2017
Movie 138,Drama,Summary for Movie 138,3.0,2018
Movie 139,Horror,Summary for Movie 139,3.5,2019
Movie 140,Sci-Fi,Summary for Movie 140,4.0,2000
Movie 141,Action,Summary for Movie 141,3.0,2001
Movie 142,Comedy,Summary for Movie 142,3.5,2002
Movie 143,Drama,Summary for Movie 143,4.0,2003
Movie 144,Horror,Summary for Movie 144,3.0,2004
Movie 145,Sci-Fi,Summary for Movie 145,3.5,2005
Movie 146,Action,Summary for Movie 146,4.0,2006
Movie 147,Comedy,Summary for Movie 147,3.0,2007
Movie 148,Drama,Summary for Movie 148,3.5,2008
Movie 149,Horror,Summary for Movie 149,4.0,2009
Movie 150,Sci-Fi,Summary for Movie 150,3.0,2010
Movie 151,Action,Summary for Movie 151,3.5,2011
Movie 152,Comedy,Summary for Movie 152,4.0,2012
Movie 153,Drama,Summary for Movie 153,3.0,2013
Movie 154,Horror,Summary for Movie 154,3.5,2014
Movie 155,Sci-Fi,Summary for Movie 155,4.0,2015
Movie 156,Action,Summary for Movie 156,3.0,2016
Movie 157,Comedy,Summary for Movie 157,3.5,2017
Movie 158,Drama,Summary for Movie 158,4.0,2018
Movie 159,Horror,Summary for Movie 159,3.0,2019
Movie 160,Sci-Fi,Summary for Movie 160,3.5,2000
Movie 161,Action,Summary for Movie 161,4.0,2001
Movie 162,Comedy,Summary for Movie 162,3.0,2002
Movie 163,Drama,Summary for Movie 163,3.5,2003
Movie 164,Horror,Summary for Movie 164,4.0,2004
Movie 165,Sci-Fi,Summary for Movie 165,3.0,2005
Movie 166,Action,Summary for Movie 166,3.5,2006
Movie 167,Comedy,Summary for Movie 167,4.0,2007
Movie 168,Drama,Summary for Movie 168,3.0,2008
Movie 169,Horror,Summary for Movie 169,3.5,2009
Movie 170,Sci-Fi,Summary for Movie 170,4.0,2010
Movie 171,Action,Summary for Movie 171,3.0,2011
Movie 172,Comedy,Summary for Movie 172,3.5,2012
Movie 173,Drama,Summary for Movie 173,4.0,2013
Movie 174,Horror,Summary for Movie 174,3.0,2014
Movie 175,Sci-Fi,Summary for Movie 175,3.5,2015
Movie 176,Action,Summary for Movie 176,4.0,2016
Movie 177,Comedy,Summary for Movie 177,3.0,2017
Movie 178,Drama,Summary for Movie 178,3.5,2018
Movie 179,Horror,Summary for Movie 179,4.0,2019
Movie 180,Sci-Fi,Summary for Movie 180,3.0,2000
Movie 181,Action,Summary for Movie 181,3.5,2001
Movie 182,Comedy,Summary for Movie 182,4.0,2002
Movie 183,Drama,Summary for Movie 183,3.0,2003
Movie 184,Horror,Summary for Movie 184,3.5,2004
Movie 185,Sci-Fi,Summary for Movie 185,4.0,2005
Movie 186,Action,Summary for Movie 186,3.0,2006
Movie 187,Comedy,Summary for Movie 187,3.5,2007
Movie 188,Drama,Summary for Movie 188,4.0,2008
Movie 189,Horror,Summary for Movie 189,3.0,2009
Movie 190,Sci-Fi,Summary for Movie 190,3.5,2010
Movie 191,Action,Summary for Movie 191,4.0,2011
Movie 192,Comedy,Summary for Movie 192,3.0,2012
Movie 193,Drama,Summary for Movie 193,3.5,2013
Movie 194,Horror,Summary for Movie 194,4.0,2014
Movie 195,Sci-Fi,Summary for Movie 195,3.0,2015
Movie 196,Action,Summary for Movie 196,3.5,2016
Movie 197,Comedy,Summary for Movie 197,4.0,2017
Movie 198,Drama,Summary for Movie 198,3.0,2018
Movie 199,Horror,Summary for Movie 199,3.5,2019
Movie 200,Sci-Fi,Summary for Movie 200,4.0,2000
Movie 201,Action,Summary for Movie 201,3.0,2001
Movie 202,Comedy,Summary for Movie 202,3.5,2002
Movie 203,Drama,Summary for Movie 203,4.0,2003
Movie 204,Horror,Summary for Movie 204,3.0,2004
Movie 205,Sci-Fi,Summary for Movie 205,3.5,2005
Movie 206,Action,Summary for Movie 206,4.0,2006
Movie 207,Comedy,Summary for Movie 207,3.0,2007
Movie 208,Drama,Summary for Movie 208,3.5,2008
Movie 209,Horror,Summary for Movie 209,4.0,2009
Movie 210,Sci-Fi,Summary for Movie 210,3.0,2010
Movie 211,Action,Summary for Movie 211,3.5,2011
Movie 212,Comedy,Summary for Movie 212,4.0,2012
Movie 213,Drama,Summary for Movie 213,3.0,2013
Movie 214,Horror,Summary for Movie 214,3.5,2014
Movie 215,Sci-Fi,Summary for Movie 215,4.0,2015
Movie 216,Action,Summary for Movie 216,3.0,2016
Movie 217,Comedy,Summary for Movie 217,3.5,2017
Movie 218,Drama,Summary for Movie 218,4.0,2018
Movie 219,Horror,Summary for Movie 219,3.0,2019
Movie 220,Sci-Fi,Summary for Movie 220,3.5,2000
Movie 221,Action,Summary for Movie 221,4.0,2001
Movie 222,Comedy,Summary for Movie 222,3.0,2002
Movie 223,Drama,Summary for Movie 223,3.5,2003
Movie 224,Horror,Summary for Movie 224,4.0,2004
Movie 225,Sci-Fi,Summary for Movie 225,3.0,2005
Movie 226,Action,Summary for Movie 226,3.5,2006
Movie 227,Comedy,Summary for Movie 227,4.0,2007
Movie 228,Drama,Summary for Movie 228,3.0,2008
Movie 229,Horror,Summary for Movie 229,3.5,2009
Movie 230,Sci-Fi,Summary for Movie 230,4.0,2010
Movie 231,Action,Summary for Movie 231,3.0,2011
Movie 232,Comedy,Summary for Movie 232,3.5,2012
Movie 233,Drama,Summary for Movie 233,4.0,2013
Movie 234,Horror,Summary for Movie 234,3.0,2014
Movie 235,Sci-Fi,Summary for Movie 235,3.5,2015
Movie 236,Action,Summary for Movie 236,4.0,2016
Movie 237,Comedy,Summary for Movie 237,3.0,2017
Movie 238,Drama,Summary for Movie 238,3.5,2018
Movie 239,Horror,Summary for Movie 239,4.0,2019
Movie 240,Sci-Fi,Summary for Movie 240,3.0,2000
Movie 241,Action,Summary for Movie 241,3.5,2001
Movie 242,Comedy,Summary for Movie 242,4.0,2002
Movie 243,Drama,Summary for Movie 243,3.0,2003
Movie 244,Horror,Summary for Movie 244,3.5,2004
Movie 245,Sci-Fi,Summary for Movie 245,4.0,2005
Movie 246,Action,Summary for Movie 246,3.0,2006
Movie 247,Comedy,Summary for Movie 247,3.5,2007
Movie 248,Drama,Summary for Movie 248,4.0,2008
Movie 249,Horror,Summary for Movie 249,3.0,2009
Movie 250,Sci-Fi,Summary for Movie 250,3.5,2010
Movie 251,Action,Summary for Movie 251,4.0,2011
Movie 252,Comedy,Summary for Movie 252,3.0,2012
Movie 253,Drama,Summary for Movie 253,3.5,2013
Movie 254,Horror,Summary for Movie 254,4.0,2014
Movie 255,Sci-Fi,Summary for Movie 255,3.0,2015
Movie 256,Action,Summary for Movie 256,3.5,2016
Movie 257,Comedy,Summary for Movie 257,4.0,2017
Movie 258,Drama,Summary for Movie 258,3.0,2018
Movie 259,Horror,Summary for Movie 259,3.5,2019
Movie 260,Sci-Fi,Summary for Movie 260,4.0,2000
Movie 261,Action,Summary for Movie 261,3.0,2001
Movie 262,Comedy,Summary for Movie 262,3.5,2002
Movie 263,Drama,Summary for Movie 263,4.0,2003
Movie 264,Horror,Summary for Movie 264,3.0,2004
Movie 265,Sci-Fi,Summary for Movie 265,3.5,2005
Movie 266,Action,Summary for Movie 266,4.0,2006
Movie 267,Comedy,Summary for Movie 267,3.0,2007
Movie 268,Drama,Summary for Movie 268,3.5,2008
Movie 269,Horror,Summary for Movie 269,4.0,2009
Movie 270,Sci-Fi,Summary for Movie 270,3.0,2010
Movie 271,Action,Summary for Movie 271,3.5,2011
Movie 272,Comedy,Summary for Movie 272,4.0,2012
Movie 273,Drama,Summary for Movie 273,3.0,2013
Movie 274,Horror,Summary for Movie 274,3.5,2014
Movie 275,Sci-Fi,Summary for Movie 275,4.0,2015
Movie 276,Action,Summary for Movie 276,3.0,2016
Movie 277,Comedy,Summary for Movie 277,3.5,2017
Movie 278,Drama,Summary for Movie 278,4.0,2018
Movie 279,Horror,Summary for Movie 279,3.0,2019
Movie 280,Sci-Fi,Summary for Movie 280,3.5,2000
Movie 281,Action,Summary for Movie 281,4.0,2001
Movie 282,Comedy,Summary for Movie 282,3.0,2002
Movie 283,Drama,Summary for Movie 283,3.5,2003
Movie 284,Horror,Summary for Movie 284,4.0,2004
Movie 285,Sci-Fi,Summary for Movie 285,3.0,2005
Movie 286,Action,Summary for Movie 286,3.5,2006
Movie 287,Comedy,Summary for Movie 287,4.0,2007
Movie 288,Drama,Summary for Movie 288,3.0,2008
Movie 289,Horror,Summary for Movie 289,3.5,2009
Movie 290,Sci-Fi,Summary for Movie 290,4.0,2010
Movie 291,Action,Summary for Movie 291,3.0,2011
Movie 292,Comedy,Summary for Movie 292,3.5,2012
Movie 293,Drama,Summary for Movie 293,4.0,2013
Movie 294,Horror,Summary for Movie 294,3.0,2014
Movie 295,Sci-Fi,Summary for Movie 295,3.5,2015
Movie 296,Action,Summary for Movie 296,4.0,2016
Movie 297,Comedy,Summary for Movie 297,3.0,2017
Movie 298,Drama,Summary for Movie 298,3.5,2018
Movie 299,Horror,Summary for Movie 299,4.0,2019
Movie 300,Sci-Fi,Summary for Movie 300,3.0,2000
Movie 301,Action,Summary for Movie 301,3.5,2001
Movie 302,Comedy,Summary for Movie 302,4.0,2002
Movie 303,Drama,Summary for Movie 303,3.0,2003
Movie 304,Horror,Summary for Movie 304,3.5,2004
Movie 305,Sci-Fi,Summary for Movie 305,4.0,2005
Movie 306,Action,Summary for Movie 306,3.0,2006
Movie 307,Comedy,Summary for Movie 307,3.5,2007
Movie 308,Drama,Summary for Movie 308,4.0,2008
Movie 309,Horror,Summary for Movie 309,3.0,2009
Movie 310,Sci-Fi,Summary for Movie 310,3.5,2010
Movie 311,Action,Summary for Movie 311,4.0,2011
Movie 312,Comedy,Summary for Movie 312,3.0,2012
Movie 313,Drama,Summary for Movie 313,3.5,2013
Movie 314,Horror,Summary for Movie 314,4.0,2014
Movie 315,Sci-Fi,Summary for Movie 315,3.0,2015
Movie 316,Action,Summary for Movie 316,3.5,2016
Movie 317,Comedy,Summary for Movie 317,4.0,2017
Movie 318,Drama,Summary for Movie 318,3.0,2018
Movie 319,Horror,Summary for Movie 319,3.5,2019
Movie 320,Sci-Fi,Summary for Movie 320,4.0,2000
Movie 321,Action,Summary for Movie 321,3.0,2001
Movie 322,Comedy,Summary for Movie 322,3.5,2002
Movie 323,Drama,Summary for Movie 323,4.0,2003
Movie 324,Horror,Summary for Movie 324,3.0,2004
Movie 325,Sci-Fi,Summary for Movie 325,3.5,2005
Movie 326,Action,Summary for Movie 326,4.0,2006
Movie 327,Comedy,Summary for Movie 327,3.0,2007
Movie 328,Drama,Summary for Movie 328,3.5,2008
Movie 329,Horror,Summary for Movie 329,4.0,2009
Movie 330,Sci-Fi,Summary for Movie 330,3.0,2010
Movie 331,Action,Summary for Movie 331,3.5,2011
Movie 332,Comedy,Summary for Movie 332,4.0,2012
Movie 333,Drama,Summary for Movie 333,3.0,2013
Movie 334,Horror,Summary for Movie 334,3.5,2014
Movie 335,Sci-Fi,Summary for Movie 335,4.0,2015
Movie 336,Action,Summary for Movie 336,3.0,2016
Movie 337,Comedy,Summary for Movie 337,3.5,2017
Movie 338,Drama,Summary for Movie 338,4.0,2018
Movie 339,Horror,Summary for Movie 339,3.0,2019
Movie 340,Sci-Fi,Summary for Movie 340,3.5,2000
Movie 341,Action,Summary for Movie 341,4.0,2001
Movie 342,Comedy,Summary for Movie 342,3.0,2002
Movie 343,Drama,Summary for Movie 343,3.5,2003
Movie 344,Horror,Summary for Movie 344,4.0,2004
Movie 345,Sci-Fi,Summary for Movie 345,3.0,2005
Movie 346,Action,Summary for Movie 346,3.5,2006
Movie 347,Comedy,Summary for Movie 347,4.0,2007
Movie 348,Drama,Summary for Movie 348,3.0,2008
Movie 349,Horror,Summary for Movie 349,3.5,2009
Movie 350,Sci-Fi,Summary for Movie 350,4.0,2010
Movie 351,Action,Summary for Movie 351,3.0,2011
Movie 352,Comedy,Summary for Movie 352,3.5,2012
Movie 353,Drama,Summary for Movie 353,4.0,2013
Movie 354,Horror,Summary for Movie 354,3.0,2014
Movie 355,Sci-Fi,Summary for Movie 355,3.5,2015
Movie 356,Action,Summary for Movie 356,4.0,2016
Movie 357,Comedy,Summary for Movie 357,3.0,2017
Movie 358,Drama,Summary for Movie 358,3.5,2018
Movie 359,Horror,Summary for Movie 359,4.0,2019
Movie 360,Sci-Fi,Summary for Movie 360,3.0,2000
Movie 361,Action,Summary for Movie 361,3.5,2001
Movie 362,Comedy,Summary for Movie 362,4.0,2002
Movie 363,Drama,Summary for Movie 363,3.0,2003
Movie 364,Horror,Summary for Movie 364,3.5,2004
Movie 365,Sci-Fi,Summary for Movie 365,4.0,2005
Movie 366,Action,Summary for Movie 366,3.0,2006
Movie 367,Comedy,Summary for Movie 367,3.5,2007
Movie 368,Drama,Summary for Movie 368,4.0,2008
Movie 369,Horror,Summary for Movie 369,3.0,2009
Movie 370,Sci-Fi,Summary for Movie 370,3.5,2010
Movie 371,Action,Summary for Movie 371,4.0,2011
Movie 372,Comedy,Summary for Movie 372,3.0,2012
Movie 373,Drama,Summary for Movie 373,3.5,2013
Movie 374,Horror,Summary for Movie 374,4.0,2014
Movie 375,Sci-Fi,Summary for Movie 375,3.0,2015
Movie 376,Action,Summary for Movie 376,3.5,2016
Movie 377,Comedy,Summary for Movie 377,4.0,2017
Movie 378,Drama,Summary for Movie 378,3.0,2018
Movie 379,Horror,Summary for Movie 379,3.5,2019
Movie 380,Sci-Fi,Summary for Movie 380,4.0,2000
Movie 381,Action,Summary for Movie 381,3.0,2001
Movie 382,Comedy,Summary for Movie 382,3.5,2002
Movie 383,Drama,Summary for Movie 383,4.0,2003
Movie 384,Horror,Summary for Movie 384,3.0,2004
Movie 385,Sci-Fi,Summary for Movie 385,3.5,2005
Movie 386,Action,Summary for Movie 386,4.0,2006
Movie 387,Comedy,Summary for Movie 387,3.0,2007
Movie 388,Drama,Summary for Movie 388,3.5,2008
Movie 389,Horror,Summary for Movie 389,4.0,2009
Movie 390,Sci-Fi,Summary for Movie 390,3.0,2010
Movie 391,Action,Summary for Movie 391,3.5,2011
Movie 392,Comedy,Summary for Movie 392,4.0,2012
Movie 393,Drama,Summary for Movie 393,3.0,2013
Movie 394,Horror,Summary for Movie 394,3.5,2014
Movie 395,Sci-Fi,Summary for Movie 395,4.0,2015
Movie 396,Action,Summary for Movie 396,3.0,2016
Movie 397,Comedy,Summary for Movie 397,3.5,2017
Movie 398,Drama,Summary for Movie 398,4.0,2018
Movie 399,Horror,Summary for Movie 399,3.0,2019
Movie 400,Sci-Fi,Summary for Movie 400,3.5,2000
Movie 401,Action,Summary for Movie 401,4.0,2001
Movie 402,Comedy,Summary for Movie 402,3.0,2002
Movie 403,Drama,Summary for Movie 403,3.5,2003
Movie 404,Horror,Summary for Movie 404,4.0,2004
Movie 405,Sci-Fi,Summary for Movie 405,3.0,2005
Movie 406,Action,Summary for Movie 406,3.5,2006
Movie 407,Comedy,Summary for Movie 407,4.0,2007
Movie 408,Drama,Summary for Movie 408,3.0,2008
Movie 409,Horror,Summary for Movie 409,3.5,2009
Movie 410,Sci-Fi,Summary for Movie 410,4.0,2010
Movie 411,Action,Summary for Movie 411,3.0,2011
Movie 412,Comedy,Summary for Movie 412,3.5,2012
Movie 413,Drama,Summary for Movie 413,4.0,2013
Movie 414,Horror,Summary for Movie 414,3.0,2014
Movie 415,Sci-Fi,Summary for Movie 415,3.5,2015
Movie 416,Action,Summary for Movie 416,4.0,2016
Movie 417,Comedy,Summary for Movie 417,3.0,2017
Movie 418,Drama,Summary for Movie 418,3.5,2018
Movie 419,Horror,Summary for Movie 419,4.0,2019
Movie 420,Sci-Fi,Summary for Movie 420,3.0,2000
Movie 421,Action,Summary for Movie 421,3.5,2001
Movie 422,Comedy,Summary for Movie 422,4.0,2002
Movie 423,Drama,Summary for Movie 423,3.0,2003
Movie 424,Horror,Summary for Movie 424,3.5,2004
Movie 425,Sci-Fi,Summary for Movie 425,4.0,2005
Movie 426,Action,Summary for Movie 426,3.0,2006
Movie 427,Comedy,Summary for Movie 427,3.5,2007
Movie 428,Drama,Summary for Movie 428,4.0,2008
Movie 429,Horror,Summary for Movie 429,3.0,2009
Movie 430,Sci-Fi,Summary for Movie 430,3.5,2010
Movie 431,Action,Summary for Movie 431,4.0,2011
Movie 432,Comedy,Summary for Movie 432,3.0,2012
Movie 433,Drama,Summary for Movie 433,3.5,2013
Movie 434,Horror,Summary for Movie 434,4.0,2014
Movie 435,Sci-Fi,Summary for Movie 435,3.0,2015
Movie 436,Action,Summary for Movie 436,3.5,2016
Movie 437,Comedy,Summary for Movie 437,4.0,2017
Movie 438,Drama,Summary for Movie 438,3.0,2018
Movie 439,Horror,Summary for Movie 439,3.5,2019
Movie 440,Sci-Fi,Summary for Movie 440,4.0,2000
Movie 441,Action,Summary for Movie 441,3.0,2001
Movie 442,Comedy,Summary for Movie 442,3.5,2002
Movie 443,Drama,Summary for Movie 443,4.0,2003
Movie 444,Horror,Summary for Movie 444,3.0,2004
Movie 445,Sci-Fi,Summary for Movie 445,3.5,2005
Movie 446,Action,Summary for Movie 446,4.0,2006
Movie 447,Comedy,Summary for Movie 447,3.0,2007
Movie 448,Drama,Summary for Movie 448,3.5,2008
Movie 449,Horror,Summary for Movie 449,4.0,2009
Movie 450,Sci-Fi,Summary for Movie 450,3.0,2010
Movie 451,Action,Summary for Movie 451,3.5,2011
Movie 452,Comedy,Summary for Movie 452,4.0,2012
Movie 453,Drama,Summary for Movie 453,3.0,2013
Movie 454,Horror,Summary for Movie 454,3.5,2014
Movie 455,Sci-Fi,Summary for Movie 455,4.0,2015
Movie 456,Action,Summary for Movie 456,3.0,2016
Movie 457,Comedy,Summary for Movie 457,3.5,2017
Movie 458,Drama,Summary for Movie 458,4.0,2018
Movie 459,Horror,Summary for Movie 459,3.0,2019
Movie 460,Sci-Fi,Summary for Movie 460,3.5,2000
Movie 461,Action,Summary for Movie 461,4.0,2001
Movie 462,Comedy,Summary for Movie 462,3.0,2002
Movie 463,Drama,Summary for Movie 463,3.5,2003
Movie 464,Horror,Summary for Movie 464,4.0,2004
Movie 465,Sci-Fi,Summary for Movie 465,3.0,2005
Movie 466,Action,Summary for Movie 466,3.5,2006
Movie 467,Comedy,Summary for Movie 467,4.0,2007
Movie 468,Drama,Summary for Movie 468,3.0,2008
Movie 469,Horror,Summary for Movie 469,3.5,2009
Movie 470,Sci-Fi,Summary for Movie 470,4.0,2010
Movie 471,Action,Summary for Movie 471,3.0,2011
Movie 472,Comedy,Summary for Movie 472,3.5,2012
Movie 473,Drama,Summary for Movie 473,4.0,2013
Movie 474,Horror,Summary for Movie 474,3.0,2014
Movie 475,Sci-Fi,Summary for Movie 475,3.5,2015
Movie 476,Action,Summary for Movie 476,4.0,2016
Movie 477,Comedy,Summary for Movie 477,3.0,2017
Movie 478,Drama,Summary for Movie 478,3.5,2018
Movie 479,Horror,Summary for Movie 479,4.0,2019
Movie 480,Sci-Fi,Summary for Movie 480,3.0,2000
Movie 481,Action,Summary for Movie 481,3.5,2001
Movie 482,Comedy,Summary for Movie 482,4.0,2002
Movie 483,Drama,Summary for Movie 483,3.0,2003
Movie 484,Horror,Summary for Movie 484,3.5,2004
Movie 485,Sci-Fi,Summary for Movie 485,4.0,2005
Movie 486,Action,Summary for Movie 486,3.0,2006
Movie 487,Comedy,Summary for Movie 487,3.5,2007
Movie 488,Drama,Summary for Movie 488,4.0,2008
Movie 489,Horror,Summary for Movie 489,3.0,2009
Movie 490,Sci-Fi,Summary for Movie 490,3.5,2010
Movie 491,Action,Summary for Movie 491,4.0,2011
Movie 492,Comedy,Summary for Movie 492,3.0,2012
Movie 493,Drama,Summary for Movie 493,3.5,2013
Movie 494,Horror,Summary for Movie 494,4.0,2014
Movie 495,Sci-Fi,Summary for Movie 495,3.0,2015
Movie 496,Action,Summary for Movie 496,3.5,2016
Movie 497,Comedy,Summary for Movie 497,4.0,2017
Movie 498,Drama,Summary for Movie 498,3.0,2018
Movie 499,Horror,Summary for Movie 499,3.5,2019
Movie 500,Sci-Fi,Summary for Movie 500,4.0,2000
Movie 501,Action,Summary for Movie 501,3.0,2001
Movie 502,Comedy,Summary for Movie 502,3.5,2002
Movie 503,Drama,Summary for Movie 503,4.0,2003
Movie 504,Horror,Summary for Movie 504,3.0,2004
Movie 505,Sci-Fi,Summary for Movie 505,3.5,2005
Movie 506,Action,Summary for Movie 506,4.0,2006
Movie 507,Comedy,Summary for Movie 507,3.0,2007
Movie 508,Drama,Summary for Movie 508,3.5,2008
Movie 509,Horror,Summary for Movie 509,4.0,2009
Movie 510,Sci-Fi,Summary for Movie 510,3.0,2010
Movie 511,Action,Summary for Movie 511,3.5,2011
Movie 512,Comedy,Summary for Movie 512,4.0,2012
Movie 513,Drama,Summary for Movie 513,3.0,2013
Movie 514,Horror,Summary for Movie 514,3.5,2014
Movie 515,Sci-Fi,Summary for Movie 515,4.0,2015
Movie 516,Action,Summary for Movie 516,3.0,2016
Movie 517,Comedy,Summary for Movie 517,3.5,2017
Movie 518,Drama,Summary for Movie 518,4.0,2018
Movie 519,Horror,Summary for Movie 519,3.0,2019
Movie 520,Sci-Fi,Summary for Movie 520,3.5,2000
Movie 521,Action,Summary for Movie 521,4.0,2001
Movie 522,Comedy,Summary for Movie 522,3.0,2002
Movie 523,Drama,Summary for Movie 523,3.5,2003
Movie 524,Horror,Summary for Movie 524,4.0,2004
Movie 525,Sci-Fi,Summary for Movie 525,3.0,2005
Movie 526,Action,Summary for Movie 526,3.5,2006
Movie 527,Comedy,Summary for Movie 527,4.0,2007
Movie 528,Drama,Summary for Movie 528,3.0,2008
Movie 529,Horror,Summary for Movie 529,3.5,2009
Movie 530,Sci-Fi,Summary for Movie 530,4.0,2010
Movie 531,Action,Summary for Movie 531,3.0,2011
Movie 532,Comedy,Summary for Movie 532,3.5,2012
Movie 533,Drama,Summary for Movie 533,4.0,2013
Movie 534,Horror,Summary for Movie 534,3.0,2014
Movie 535,Sci-Fi,Summary for Movie 535,3.5,2015
Movie 536,Action,Summary for Movie 536,4.0,2016
Movie 537,Comedy,Summary for Movie 537,3.0,2017
Movie 538,Drama,Summary for Movie 538,3.5,2018
Movie 539,Horror,Summary for Movie 539,4.0,2019
Movie 540,Sci-Fi,Summary for Movie 540,3.0,2000
Movie 541,Action,Summary for Movie 541,3.5,2001
Movie 542,Comedy,Summary for Movie 542,4.0,2002
Movie 543,Drama,Summary for Movie 543,3.0,2003
Movie 544,Horror,Summary for Movie 544,3.5,2004
Movie 545,Sci-Fi,Summary for Movie 545,4.0,2005
Movie 546,Action,Summary for Movie 546,3.0,2006
Movie 547,Comedy,Summary for Movie 547,3.5,2007
Movie 548,Drama,Summary for Movie 548,4.0,2008
Movie 549,Horror,Summary for Movie 549,3.0,2009
Movie 550,Sci-Fi,Summary for Movie 550,3.5,2010
Movie 551,Action,Summary for Movie 551,4.0,2011
Movie 552,Comedy,Summary for Movie 552,3.0,2012
Movie 553,Drama,Summary for Movie 553,3.5,2013
Movie 554,Horror,Summary for Movie 554,4.0,2014
Movie 555,Sci-Fi,Summary for Movie 555,3.0,2015
Movie 556,Action,Summary for Movie 556,3.5,2016
Movie 557,Comedy,Summary for Movie 557,4.0,2017
Movie 558,Drama,Summary for Movie 558,3.0,2018
Movie 559,Horror,Summary for Movie 559,3.5,2019
Movie 560,Sci-Fi,Summary for Movie 560,4.0,2000
Movie 561,Action,Summary for Movie 561,3.0,2001
Movie 562,Comedy,Summary for Movie 562,3.5,2002
Movie 563,Drama,Summary for Movie 563,4.0,2003
Movie 564,Horror,Summary for Movie 564,3.0,2004
Movie 565,Sci-Fi,Summary for Movie 565,3.5,2005
Movie 566,Action,Summary for Movie 566,4.0,2006
Movie 567,Comedy,Summary for Movie 567,3.0,2007
Movie 568,Drama,Summary for Movie 568,3.5,2008
Movie 569,Horror,Summary for Movie 569,4.0,2009
Movie 570,Sci-Fi,Summary for Movie 570,3.0,2010
Movie 571,Action,Summary for Movie 571,3.5,2011
Movie 572,Comedy,Summary for Movie 572,4.0,2012
Movie 573,Drama,Summary for Movie 573,3.0,2013
Movie 574,Horror,Summary for Movie 574,3.5,2014
Movie 575,Sci-Fi,Summary for Movie 575,4.0,2015
Movie 576,Action,Summary for Movie 576,3.0,2016
Movie 577,Comedy,Summary for Movie 577,3.5,2017
Movie 578,Drama,Summary for Movie 578,4.0,2018
Movie 579,Horror,Summary for Movie 579,3.0,2019
Movie 580,Sci-Fi,Summary for Movie 580,3.5,2000
Movie 581,Action,Summary for Movie 581,4.0,2001
Movie 582,Comedy,Summary for Movie 582,3.0,2002
Movie 583,Drama,Summary for Movie 583,3.5,2003
Movie 584,Horror,Summary for Movie 584,4.0,2004
Movie 585,Sci-Fi,Summary for Movie 585,3.0,2005
Movie 586,Action,Summary for Movie 586,3.5,2006
Movie 587,Comedy,Summary for Movie 587,4.0,2007
Movie 588,Drama,Summary for Movie 588,3.0,2008
Movie 589,Horror,Summary for Movie 589,3.5,2009
Movie 590,Sci-Fi,Summary for Movie 590,4.0,2010
Movie 591,Action,Summary for Movie 591,3.0,2011
Movie 592,Comedy,Summary for Movie 592,3.5,2012
Movie 593,Drama,Summary for Movie 593,4.0,2013
Movie 594,Horror,Summary for Movie 594,3.0,2014
Movie 595,Sci-Fi,Summary for Movie 595,3.5,2015
Movie 596,Action,Summary for Movie 596,4.0,2016
Movie 597,Comedy,Summary for Movie 597,3.0,2017
Movie 598,Drama,Summary for Movie 598,3.5,2018
Movie 599,Horror,Summary for Movie 599,4.0,2019
Movie 600,Sci-Fi,Summary for Movie 600,3.0,2000
Movie 601,Action,Summary for Movie 601,3.5,2001
Movie 602,Comedy,Summary for Movie 602,4.0,2002
Movie 603,Drama,Summary for Movie 603,3.0,2003
Movie 604,Horror,Summary for Movie 604,3.5,2004
Movie 605,Sci-Fi,Summary for Movie 605,4.0,2005
Movie 606,Action,Summary for Movie 606,3.0,2006
Movie 607,Comedy,Summary for Movie 607,3.5,2007
Movie 608,Drama,Summary for Movie 608,4.0,2008
Movie 609,Horror,Summary for Movie 609,3.0,2009
Movie 610,Sci-Fi,Summary for Movie 610,3.5,2010
Movie 611,Action,Summary for Movie 611,4.0,2011
Movie 612,Comedy,Summary for Movie 612,3.0,2012
Movie 613,Drama,Summary for Movie 613,3.5,2013
Movie 614,Horror,Summary for Movie 614,4.0,2014
Movie 615,Sci-Fi,Summary for Movie 615,3.0,2015
Movie 616,Action,Summary for Movie 616,3.5,2016
Movie 617,Comedy,Summary for Movie 617,4.0,2017
Movie 618,Drama,Summary for Movie 618,3.0,2018
Movie 619,Horror,Summary for Movie 619,3.5,2019
Movie 620,Sci-Fi,Summary for Movie 620,4.0,2000
Movie 621,Action,Summary for Movie 621,3.0,2001
Movie 622,Comedy,Summary for Movie 622,3.5,2002
Movie 623,Drama,Summary for Movie 623,4.0,2003
Movie 624,Horror,Summary for Movie 624,3.0,2004
Movie 625,Sci-Fi,Summary for Movie 625,3.5,2005
Movie 626,Action,Summary for Movie 626,4.0,2006
Movie 627,Comedy,Summary for Movie 627,3.0,2007
Movie 628,Drama,Summary for Movie 628,3.5,2008
Movie 629,Horror,Summary for Movie 629,4.0,2009
Movie 630,Sci-Fi,Summary for Movie 630,3.0,2010
Movie 631,Action,Summary for Movie 631,3.5,2011
Movie 632,Comedy,Summary for Movie 632,4.0,2012
Movie 633,Drama,Summary for Movie 633,3.0,2013
Movie 634,Horror,Summary for Movie 634,3.5,2014
Movie 635,Sci-Fi,Summary for Movie 635,4.0,2015
Movie 636,Action,Summary for Movie 636,3.0,2016
Movie 637,Comedy,Summary for Movie 637,3.5,2017
Movie 638,Drama,Summary for Movie 638,4.0,2018
Movie 639,Horror,Summary for Movie 639,3.0,2019
Movie 640,Sci-Fi,Summary for Movie 640,3.5,2000
Movie 641,Action,Summary for Movie 641,4.0,2001
Movie 642,Comedy,Summary for Movie 642,3.0,2002
Movie 643,Drama,Summary for Movie 643,3.5,2003
Movie 644,Horror,Summary for Movie 644,4.0,2004
Movie 645,Sci-Fi,Summary for Movie 645,3.0,2005
Movie 646,Action,Summary for Movie 646,3.5,2006
Movie 647,Comedy,Summary for Movie 647,4.0,2007
Movie 648,Drama,Summary for Movie 648,3.0,2008
Movie 649,Horror,Summary for Movie 649,3.5,2009
Movie 650,Sci-Fi,Summary for Movie 650,4.0,2010
Movie 651,Action,Summary for Movie 651,3.0,2011
Movie 652,Comedy,Summary for Movie 652,3.5,2012
Movie 653,Drama,Summary for Movie 653,4.0,2013
Movie 654,Horror,Summary for Movie 654,3.0,2014
Movie 655,Sci-Fi,Summary for Movie 655,3.5,2015
Movie 656,Action,Summary for Movie 656,4.0,2016
Movie 657,Comedy,Summary for Movie 657,3.0,2017
Movie 658,Drama,Summary for Movie 658,3.5,2018
Movie 659,Horror,Summary for Movie 659,4.0,2019
Movie 660,Sci-Fi,Summary for Movie 660,3.0,2000
Movie 661,Action,Summary for Movie 661,3.5,2001
Movie 662,Comedy,Summary for Movie 662,4.0,2002
Movie 663,Drama,Summary for Movie 663,3.0,2003
Movie 664,Horror,Summary for Movie 664,3.5,2004
Movie 665,Sci-Fi,Summary for Movie 665,4.0,2005
Movie 666,Action,Summary for Movie 666,3.0,2006
Movie 667,Comedy,Summary for Movie 667,3.5,2007
Movie 668,Drama,Summary for Movie 668,4.0,2008
Movie 669,Horror,Summary for Movie 669,3.0,2009
Movie 670,Sci-Fi,Summary for Movie 670,3.5,2010
Movie 671,Action,Summary for Movie 671,4.0,2011
Movie 672,Comedy,Summary for Movie 672,3.0,2012
Movie 673,Drama,Summary for Movie 673,3.5,2013
Movie 674,Horror,Summary for Movie 674,4.0,2014
Movie 675,Sci-Fi,Summary for Movie 675,3.0,2015
Movie 676,Action,Summary for Movie 676,3.5,2016
Movie 677,Comedy,Summary for Movie 677,4.0,2017
Movie 678,Drama,Summary for Movie 678,3.0,2018
Movie 679,Horror,Summary for Movie 679,3.5,2019
Movie 680,Sci-Fi,Summary for Movie 680,4.0,2000
Movie 681,Action,Summary for Movie 681,3.0,2001
Movie 682,Comedy,Summary for Movie 682,3.5,2002
Movie 683,Drama,Summary for Movie 683,4.0,2003
Movie 684,Horror,Summary for Movie 684,3.0,2004
Movie 685,Sci-Fi,Summary for Movie 685,3.5,2005
Movie 686,Action,Summary for Movie 686,4.0,2006
Movie 687,Comedy,Summary for Movie 687,3.0,2007
Movie 688,Drama,Summary for Movie 688,3.5,2008
Movie 689,Horror,Summary for Movie 689,4.0,2009
Movie 690,Sci-Fi,Summary for Movie 690,3.0,2010
Movie 691,Action,Summary for Movie 691,3.5,2011
Movie 692,Comedy,Summary for Movie 692,4.0,2012
Movie 693,Drama,Summary for Movie 693,3.0,2013
Movie 694,Horror,Summary for Movie 694,3.5,2014
Movie 695,Sci-Fi,Summary for Movie 695,4.0,2015
Movie 696,Action,Summary for Movie 696,3.0,2016
Movie 697,Comedy,Summary for Movie 697,3.5,2017
Movie 698,Drama,Summary for Movie 698,4.0,2018
Movie 699,Horror,Summary for Movie 699,3.0,2019
Movie 700,Sci-Fi,Summary for Movie 700,3.5,2000
Movie 701,Action,Summary for Movie 701,4.0,2001
Movie 702,Comedy,Summary for Movie 702,3.0,2002
Movie 703,Drama,Summary for Movie 703,3.5,2003
Movie 704,Horror,Summary for Movie 704,4.0,2004
Movie 705,Sci-Fi,Summary for Movie 705,3.0,2005
Movie 706,Action,Summary for Movie 706,3.5,2006
Movie 707,Comedy,Summary for Movie 707,4.0,2007
Movie 708,Drama,Summary for Movie 708,3.0,2008
Movie 709,Horror,Summary for Movie 709,3.5,2009
Movie 710,Sci-Fi,Summary for Movie 710,4.0,2010
Movie 711,Action,Summary for Movie 711,3.0,2011
Movie 712,Comedy,Summary for Movie 712,3.5,2012
Movie 713,Drama,Summary for Movie 713,4.0,2013
Movie 714,Horror,Summary for Movie 714,3.0,2014
Movie 715,Sci-Fi,Summary for Movie 715,3.5,2015
Movie 716,Action,Summary for Movie 716,4.0,2016
Movie 717,Comedy,Summary for Movie 717,3.0,2017
Movie 718,Drama,Summary for Movie 718,3.5,2018
Movie 719,Horror,Summary for Movie 719,4.0,2019
Movie 720,Sci-Fi,Summary for Movie 720,3.0,2000
Movie 721,Action,Summary for Movie 721,3.5,2001
Movie 722,Comedy,Summary for Movie 722,4.0,2002
Movie 723,Drama,Summary for Movie 723,3.0,2003
Movie 724,Horror,Summary for Movie 724,3.5,2004
Movie 725,Sci-Fi,Summary for Movie 725,4.0,2005
Movie 726,Action,Summary for Movie 726,3.0,2006
Movie 727,Comedy,Summary for Movie 727,3.5,2007
Movie 728,Drama,Summary for Movie 728,4.0,2008
Movie 729,Horror,Summary for Movie 729,3.0,2009
Movie 730,Sci-Fi,Summary for Movie 730,3.5,2010
Movie 731,Action,Summary for Movie 731,4.0,2011
Movie 732,Comedy,Summary for Movie 732,3.0,2012
Movie 733,Drama,Summary for Movie 733,3.5,2013
Movie 734,Horror,Summary for Movie 734,4.0,2014
Movie 735,Sci-Fi,Summary for Movie 735,3.0,2015
Movie 736,Action,Summary for Movie 736,3.5,2016
Movie 737,Comedy,Summary for Movie 737,4.0,2017
Movie 738,Drama,Summary for Movie 738,3.0,2018
Movie 739,Horror,Summary for Movie 739,3.5,2019
Movie 740,Sci-Fi,Summary for Movie 740,4.0,2000
Movie 741,Action,Summary for Movie 741,3.0,2001
Movie 742,Comedy,Summary for Movie 742,3.5,2002
Movie 743,Drama,Summary for Movie 743,4.0,2003
Movie 744,Horror,Summary for Movie 744,3.0,2004
Movie 745,Sci-Fi,Summary for Movie 745,3.5,2005
Movie 746,Action,Summary for Movie 746,4.0,2006
Movie 747,Comedy,Summary for Movie 747,3.0,2007
Movie 748,Drama,Summary for Movie 748,3.5,2008
Movie 749,Horror,Summary for Movie 749,4.0,2009
Movie 750,Sci-Fi,Summary for Movie 750,3.0,2010
Movie 751,Action,Summary for Movie 751,3.5,2011
Movie 752,Comedy,Summary for Movie 752,4.0,2012
Movie 753,Drama,Summary for Movie 753,3.0,2013
Movie 754,Horror,Summary for Movie 754,3.5,2014
Movie 755,Sci-Fi,Summary for Movie 755,4.0,2015
Movie 756,Action,Summary for Movie 756,3.0,2016
Movie 757,Comedy,Summary for Movie 757,3.5,2017
Movie 758,Drama,Summary for Movie 758,4.0,2018
Movie 759,Horror,Summary for Movie 759,3.0,2019
Movie 760,Sci-Fi,Summary for Movie 760,3.5,2000
Movie 761,Action,Summary for Movie 761,4.0,2001
Movie 762,Comedy,Summary for Movie 762,3.0,2002
Movie 763,Drama,Summary for Movie 763,3.5,2003
Movie 764,Horror,Summary for Movie 764,4.0,2004
Movie 765,Sci-Fi,Summary for Movie 765,3.0,2005
Movie 766,Action,Summary for Movie 766,3.5,2006
Movie 767,Comedy,Summary for Movie 767,4.0,2007
Movie 768,Drama,Summary for Movie 768,3.0,2008
Movie 769,Horror,Summary for Movie 769,3.5,2009
Movie 770,Sci-Fi,Summary for Movie 770,4.0,2010
Movie 771,Action,Summary for Movie 771,3.0,2011
Movie 772,Comedy,Summary for Movie 772,3.5,2012
Movie 773,Drama,Summary for Movie 773,4.0,2013
Movie 774,Horror,Summary for Movie 774,3.0,2014
Movie 775,Sci-Fi,Summary for Movie 775,3.5,2015
Movie 776,Action,Summary for Movie 776,4.0,2016
Movie 777,Comedy,Summary for Movie 777,3.0,2017
Movie 778,Drama,Summary for Movie 778,3.5,2018
Movie 779,Horror,Summary for Movie 779,4.0,2019
Movie 780,Sci-Fi,Summary for Movie 780,3.0,2000
Movie 781,Action,Summary for Movie 781,3.5,2001
Movie 782,Comedy,Summary for Movie 782,4.0,2002
Movie 783,Drama,Summary for Movie 783,3.0,2003
Movie 784,Horror,Summary for Movie 784,3.5,2004
Movie 785,Sci-Fi,Summary for Movie 785,4.0,2005
Movie 786,Action,Summary for Movie 786,3.0,2006
Movie 787,Comedy,Summary for Movie 787,3.5,2007
Movie 788,Drama,Summary for Movie 788,4.0,2008
Movie 789,Horror,Summary for Movie 789,3.0,2009
Movie 790,Sci-Fi,Summary for Movie 790,3.5,2010
Movie 791,Action,Summary for Movie 791,4.0,2011
Movie 792,Comedy,Summary for Movie 792,3.0,2012
Movie 793,Drama,Summary for Movie 793,3.5,2013
Movie 794,Horror,Summary for Movie 794,4.0,2014
Movie 795,Sci-Fi,Summary for Movie 795,3.0,2015
Movie 796,Action,Summary for Movie 796,3.5,2016
Movie 797,Comedy,Summary for Movie 797,4.0,2017
Movie 798,Drama,Summary for Movie 798,3.0,2018
Movie 799,Horror,Summary for Movie 799,3.5,2019
Movie 800,Sci-Fi,Summary for Movie 800,4.0,2000
Movie 801,Action,Summary for Movie 801,3.0,2001
Movie 802,Comedy,Summary for Movie 802,3.5,2002
Movie 803,Drama,Summary for Movie 803,4.0,2003
Movie 804,Horror,Summary for Movie 804,3.0,2004
Movie 805,Sci-Fi,Summary for Movie 805,3.5,2005
Movie 806,Action,Summary for Movie 806,4.0,2006
Movie 807,Comedy,Summary for Movie 807,3.0,2007
Movie 808,Drama,Summary for Movie 808,3.5,2008
Movie 809,Horror,Summary for Movie 809,4.0,2009
Movie 810,Sci-Fi,Summary for Movie 810,3.0,2010
Movie 811,Action,Summary for Movie 811,3.5,2011
Movie 812,Comedy,Summary for Movie 812,4.0,2012
Movie 813,Drama,Summary for Movie 813,3.0,2013
Movie 814,Horror,Summary for Movie 814,3.5,2014
Movie 815,Sci-Fi,Summary for Movie 815,4.0,2015
Movie 816,Action,Summary for Movie 816,3.0,2016
Movie 817,Comedy,Summary for Movie 817,3.5,2017
Movie 818,Drama,Summary for Movie 818,4.0,2018
Movie 819,Horror,Summary for Movie 819,3.0,2019
Movie 820,Sci-Fi,Summary for Movie 820,3.5,2000
Movie 821,Action,Summary for Movie 821,4.0,2001
Movie 822,Comedy,Summary for Movie 822,3.0,2002
Movie 823,Drama,Summary for Movie 823,3.5,2003
Movie 824,Horror,Summary for Movie 824,4.0,2004
Movie 825,Sci-Fi,Summary for Movie 825,3.0,2005
Movie 826,Action,Summary for Movie 826,3.5,2006
Movie 827,Comedy,Summary for Movie 827,4.0,2007
Movie 828,Drama,Summary for Movie 828,3.0,2008
Movie 829,Horror,Summary for Movie 829,3.5,2009
Movie 830,Sci-Fi,Summary for Movie 830,4.0,2010
Movie 831,Action,Summary for Movie 831,3.0,2011
Movie 832,Comedy,Summary for Movie 832,3.5,2012
Movie 833,Drama,Summary for Movie 833,4.0,2013
Movie 834,Horror,Summary for Movie 834,3.0,2014
Movie 835,Sci-Fi,Summary for Movie 835,3.5,2015
Movie 836,Action,Summary for Movie 836,4.0,2016
Movie 837,Comedy,Summary for Movie 837,3.0,2017
Movie 838,Drama,Summary for Movie 838,3.5,2018
Movie 839,Horror,Summary for Movie 839,4.0,2019
Movie 840,Sci-Fi,Summary for Movie 840,3.0,2000
Movie 841,Action,Summary for Movie 841,3.5,2001
Movie 842,Comedy,Summary for Movie 842,4.0,2002
Movie 843,Drama,Summary for Movie 843,3.0,2003
Movie 844,Horror,Summary for Movie 844,3.5,2004
Movie 845,Sci-Fi,Summary for Movie 845,4.0,2005
Movie 846,Action,Summary for Movie 846,3.0,2006
Movie 847,Comedy,Summary for Movie 847,3.5,2007
Movie 848,Drama,Summary for Movie 848,4.0,2008
Movie 849,Horror,Summary for Movie 849,3.0,2009
Movie 850,Sci-Fi,Summary for Movie 850,3.5,2010
Movie 851,Action,Summary for Movie 851,4.0,2011
Movie 852,Comedy,Summary for Movie 852,3.0,2012
Movie 853,Drama,Summary for Movie 853,3.5,2013
Movie 854,Horror,Summary for Movie 854,4.0,2014
Movie 855,Sci-Fi,Summary for Movie 855,3.0,2015
Movie 856,Action,Summary for Movie 856,3.5,2016
Movie 857,Comedy,Summary for Movie 857,4.0,2017
Movie 858,Drama,Summary for Movie 858,3.0,2018
Movie 859,Horror,Summary for Movie 859,3.5,2019
Movie 860,Sci-Fi,Summary for Movie 860,4.0,2000
Movie 861,Action,Summary for Movie 861,3.0,2001
Movie 862,Comedy,Summary for Movie 862,3.5,2002
Movie 863,Drama,Summary for Movie 863,4.0,2003
Movie 864,Horror,Summary for Movie 864,3.0,2004
Movie 865,Sci-Fi,Summary for Movie 865,3.5,2005
Movie 866,Action,Summary for Movie 866,4.0,2006
Movie 867,Comedy,Summary for Movie 867,3.0,2007
Movie 868,Drama,Summary for Movie 868,3.5,2008
Movie 869,Horror,Summary for Movie 869,4.0,2009
Movie 870,Sci-Fi,Summary for Movie 870,3.0,2010
Movie 871,Action,Summary for Movie 871,3.5,2011
Movie 872,Comedy,Summary for Movie 872,4.0,2012
Movie 873,Drama,Summary for Movie 873,3.0,2013
Movie 874,Horror,Summary for Movie 874,3.5,2014
Movie 875,Sci-Fi,Summary for Movie 875,4.0,2015
Movie 876,Action,Summary for Movie 876,3.0,2016
Movie 877,Comedy,Summary for Movie 877,3.5,2017
Movie 878,Drama,Summary for Movie 878,4.0,2018
Movie 879,Horror,Summary for Movie 879,3.0,2019
Movie 880,Sci-Fi,Summary for Movie 880,3.5,2000
Movie 881,Action,Summary for Movie 881,4.0,2001
Movie 882,Comedy,Summary for Movie 882,3.0,2002
Movie 883,Drama,Summary for Movie 883,3.5,2003
Movie 884,Horror,Summary for Movie 884,4.0,2004
Movie 885,Sci-Fi,Summary for Movie 885,3.0,2005
Movie 886,Action,Summary for Movie 886,3.5,2006
Movie 887,Comedy,Summary for Movie 887,4.0,2007
Movie 888,Drama,Summary for Movie 888,3.0,2008
Movie 889,Horror,Summary for Movie 889,3.5,2009
Movie 890,Sci-Fi,Summary for Movie 890,4.0,2010
Movie 891,Action,Summary for Movie 891,3.0,2011
Movie 892,Comedy,Summary for Movie 892,3.5,2012
Movie 893,Drama,Summary for Movie 893,4.0,2013
Movie 894,Horror,Summary for Movie 894,3.0,2014
Movie 895,Sci-Fi,Summary for Movie 895,3.5,2015
Movie 896,Action,Summary for Movie 896,4.0,2016
Movie 897,Comedy,Summary for Movie 897,3.0,2017
Movie 898,Drama,Summary for Movie 898,3.5,2018
Movie 899,Horror,Summary for Movie 899,4.0,2019
Movie 900,Sci-Fi,Summary for Movie 900,3.0,2000
Movie 901,Action,Summary for Movie 901,3.5,2001
Movie 902,Comedy,Summary for Movie 902,4.0,2002
Movie 903,Drama,Summary for Movie 903,3.0,2003
Movie 904,Horror,Summary for Movie 904,3.5,2004
Movie 905,Sci-Fi,Summary for Movie 905,4.0,2005
Movie 906,Action,Summary for Movie 906,3.0,2006
Movie 907,Comedy,Summary for Movie 907,3.5,2007
Movie 908,Drama,Summary for Movie 908,4.0,2008
Movie 909,Horror,Summary for Movie 909,3.0,2009
Movie 910,Sci-Fi,Summary for Movie 910,3.5,2010
Movie 911,Action,Summary for Movie 911,4.0,2011
Movie 912,Comedy,Summary for Movie 912,3.0,2012
Movie 913,Drama,Summary for Movie 913,3.5,2013
Movie 914,Horror,Summary for Movie 914,4.0,2014
Movie 915,Sci-Fi,Summary for Movie 915,3.0,2015
Movie 916,Action,Summary for Movie 916,3.5,2016
Movie 917,Comedy,Summary for Movie 917,4.0,2017
Movie 918,Drama,Summary for Movie 918,3.0,2018
Movie 919,Horror,Summary for Movie 919,3.5,2019
Movie 920,Sci-Fi,Summary for Movie 920,4.0,2000
Movie 921,Action,Summary for Movie 921,3.0,2001
Movie 922,Comedy,Summary for Movie 922,3.5,2002
Movie 923,Drama,Summary for Movie 923,4.0,2003
Movie 924,Horror,Summary for Movie 924,3.0,2004
Movie 925,Sci-Fi,Summary for Movie 925,3.5,2005
Movie 926,Action,Summary for Movie 926,4.0,2006
Movie 927,Comedy,Summary for Movie 927,3.0,2007
Movie 928,Drama,Summary for Movie 928,3.5,2008
Movie 929,Horror,Summary for Movie 929,4.0,2009
Movie 930,Sci-Fi,Summary for Movie 930,3.0,2010
Movie 931,Action,Summary for Movie 931,3.5,2011
Movie 932,Comedy,Summary for Movie 932,4.0,2012
Movie 933,Drama,Summary for Movie 933,3.0,2013
Movie 934,Horror,Summary for Movie 934,3.5,2014
Movie 935,Sci-Fi,Summary for Movie 935,4.0,2015
Movie 936,Action,Summary for Movie 936,3.0,2016
Movie 937,Comedy,Summary for Movie 937,3.5,2017
Movie 938,Drama,Summary for Movie 938,4.0,2018
Movie 939,Horror,Summary for Movie 939,3.0,2019
Movie 940,Sci-Fi,Summary for Movie 940,3.5,2000
Movie 941,Action,Summary for Movie 941,4.0,2001
Movie 942,Comedy,Summary for Movie 942,3.0,2002
Movie 943,Drama,Summary for Movie 943,3.5,2003
Movie 944,Horror,Summary for Movie 944,4.0,2004
Movie 945,Sci-Fi,Summary for Movie 945,3.0,2005
Movie 946,Action,Summary for Movie 946,3.5,2006
Movie 947,Comedy,Summary for Movie 947,4.0,2007
Movie 948,Drama,Summary for Movie 948,3.0,2008
Movie 949,Horror,Summary for Movie 949,3.5,2009
Movie 950,Sci-Fi,Summary for Movie 950,4.0,2010
Movie 951,Action,Summary for Movie 951,3.0,2011
Movie 952,Comedy,Summary for Movie 952,3.5,2012
Movie 953,Drama,Summary for Movie 953,4.0,2013
Movie 954,Horror,Summary for Movie 954,3.0,2014
Movie 955,Sci-Fi,Summary for Movie 955,3.5,2015
Movie 956,Action,Summary for Movie 956,4.0,2016
Movie 957,Comedy,Summary for Movie 957,3.0,2017
Movie 958,Drama,Summary for Movie 958,3.5,2018
Movie 959,Horror,Summary for Movie 959,4.0,2019
Movie 960,Sci-Fi,Summary for Movie 960,3.0,2000
Movie 961,Action,Summary for Movie 961,3.5,2001
Movie 962,Comedy,Summary for Movie 962,4.0,2002
Movie 963,Drama,Summary for Movie 963,3.0,2003
Movie 964,Horror,Summary for Movie 964,3.5,2004
Movie 965,Sci-Fi,Summary for Movie 965,4.0,2005
Movie 966,Action,Summary for Movie 966,3.0,2006
Movie 967,Comedy,Summary for Movie 967,3.5,2007
Movie 968,Drama,Summary for Movie 968,4.0,2008
Movie 969,Horror,Summary for Movie 969,3.0,2009
Movie 970,Sci-Fi,Summary for Movie 970,3.5,2010
Movie 971,Action,Summary for Movie 971,4.0,2011
Movie 972,Comedy,Summary for Movie 972,3.0,2012
Movie 973,Drama,Summary for Movie 973,3.5,2013
Movie 974,Horror,Summary for Movie 974,4.0,2014
Movie 975,Sci-Fi,Summary for Movie 975,3.0,2015
Movie 976,Action,Summary for Movie 976,3.5,2016
Movie 977,Comedy,Summary for Movie 977,4.0,2017
Movie 978,Drama,Summary for Movie 978,3.0,2018
Movie 979,Horror,Summary for Movie 979,3.5,2019
Movie 980,Sci-Fi,Summary for Movie 980,4.0,2000
Movie 981,Action,Summary for Movie 981,3.0,2001
Movie 982,Comedy,Summary for Movie 982,3.5,2002
Movie 983,Drama,Summary for Movie 983,4.0,2003
Movie 984,Horror,Summary for Movie 984,3.0,2004
Movie 985,Sci-Fi,Summary for Movie 985,3.5,2005
Movie 986,Action,Summary for Movie 986,4.0,2006
Movie 987,Comedy,Summary for Movie 987,3.0,2007
Movie 988,Drama,Summary for Movie 988,3.5,2008
Movie 989,Horror,Summary for Movie 989,4.0,2009
Movie 990,Sci-Fi,Summary for Movie 990,3.0,2010
Movie 991,Action,Summary for Movie 991,3.5,2011
Movie 992,Comedy,Summary for Movie 992,4.0,2012
Movie 993,Drama,Summary for Movie 993,3.0,2013
Movie 994,Horror,Summary for Movie 994,3.5,2014
Movie 995,Sci-Fi,Summary for Movie 995,4.0,2015
Movie 996,Action,Summary for Movie 996,3.0,2016
Movie 997,Comedy,Summary for Movie 997,3.5,2017
Movie 998,Drama,Summary for Movie 998,4.0,2018
Movie 999,Horror,Summary for Movie 999,3.0,2019
Movie 1000,Sci-Fi,Summary for Movie 1000,3.5,2000
