Question,Answer
What is the tuition fee for undergraduate programs?,"The tuition fee for undergraduate programs is $15,000 per year."
How much is the tuition fee for master's programs?,"The tuition fee for master's programs varies by department, averaging $20,000 per year."
When is the admission deadline for the fall semester?,The admission deadline for the fall semester is April 30.
What courses are offered in the Computer Science department?,"Courses offered include Artificial Intelligence, Data Structures, and Algorithms."
Can international students apply for financial aid?,"Yes, international students can apply for need-based financial aid."
Where is the main campus located?,The main campus is located in downtown Cityville.
Is there on-campus housing available?,"Yes, on-campus housing is available for both undergraduate and graduate students."
What are the library hours during exam week?,"During exam week, the library is open 24 hours."
How can I contact the admissions office?,You can contact the admissions office at admissions@university.edu.
Are there any scholarships for international students?,"Yes, there are several scholarships specifically for international students."
What is the GPA requirement for admission?,The GPA requirement for admission is 3.0 on a 4.0 scale.
Is there a student exchange program?,"Yes, the university has partnerships with over 20 institutions worldwide for student exchange."
How can I apply for an internship through the university?,You can apply for internships through the Career Development Center.
What are the extracurricular activities offered on campus?,"Extracurricular activities include student clubs, volunteer programs, and cultural events."
How can I join the university's sports teams?,"To join a sports team, attend the tryouts held at the beginning of each semester."
What is the tuition fee for undergraduate programs?,"The tuition fee for undergraduate programs is $15,000 per year."
How much is the tuition fee for master's programs?,"The tuition fee for master's programs varies by department, averaging $20,000 per year."
When is the admission deadline for the fall semester?,The admission deadline for the fall semester is April 30.
What courses are offered in the Computer Science department?,"Courses offered include Artificial Intelligence, Data Structures, and Algorithms."
Can international students apply for financial aid?,"Yes, international students can apply for need-based financial aid."
Where is the main campus located?,The main campus is located in downtown Cityville.
Is there on-campus housing available?,"Yes, on-campus housing is available for both undergraduate and graduate students."
What are the library hours during exam week?,"During exam week, the library is open 24 hours."
How can I contact the admissions office?,You can contact the admissions office at admissions@university.edu.
Are there any scholarships for international students?,"Yes, there are several scholarships specifically for international students."
What is the GPA requirement for admission?,The GPA requirement for admission is 3.0 on a 4.0 scale.
Is there a student exchange program?,"Yes, the university has partnerships with over 20 institutions worldwide for student exchange."
How can I apply for an internship through the university?,You can apply for internships through the Career Development Center.
What are the extracurricular activities offered on campus?,"Extracurricular activities include student clubs, volunteer programs, and cultural events."
How can I join the university's sports teams?,"To join a sports team, attend the tryouts held at the beginning of each semester."
What is the tuition fee for undergraduate programs?,"The tuition fee for undergraduate programs is $15,000 per year."
How much is the tuition fee for master's programs?,"The tuition fee for master's programs varies by department, averaging $20,000 per year."
When is the admission deadline for the fall semester?,The admission deadline for the fall semester is April 30.
What courses are offered in the Computer Science department?,"Courses offered include Artificial Intelligence, Data Structures, and Algorithms."
Can international students apply for financial aid?,"Yes, international students can apply for need-based financial aid."
Where is the main campus located?,The main campus is located in downtown Cityville.
Is there on-campus housing available?,"Yes, on-campus housing is available for both undergraduate and graduate students."
What are the library hours during exam week?,"During exam week, the library is open 24 hours."
How can I contact the admissions office?,You can contact the admissions office at admissions@university.edu.
Are there any scholarships for international students?,"Yes, there are several scholarships specifically for international students."
What is the GPA requirement for admission?,The GPA requirement for admission is 3.0 on a 4.0 scale.
Is there a student exchange program?,"Yes, the university has partnerships with over 20 institutions worldwide for student exchange."
How can I apply for an internship through the university?,You can apply for internships through the Career Development Center.
What are the extracurricular activities offered on campus?,"Extracurricular activities include student clubs, volunteer programs, and cultural events."
How can I join the university's sports teams?,"To join a sports team, attend the tryouts held at the beginning of each semester."
What is the tuition fee for undergraduate programs?,"The tuition fee for undergraduate programs is $15,000 per year."
How much is the tuition fee for master's programs?,"The tuition fee for master's programs varies by department, averaging $20,000 per year."
When is the admission deadline for the fall semester?,The admission deadline for the fall semester is April 30.
What courses are offered in the Computer Science department?,"Courses offered include Artificial Intelligence, Data Structures, and Algorithms."
Can international students apply for financial aid?,"Yes, international students can apply for need-based financial aid."
Where is the main campus located?,The main campus is located in downtown Cityville.
Is there on-campus housing available?,"Yes, on-campus housing is available for both undergraduate and graduate students."
What are the library hours during exam week?,"During exam week, the library is open 24 hours."
How can I contact the admissions office?,You can contact the admissions office at admissions@university.edu.
Are there any scholarships for international students?,"Yes, there are several scholarships specifically for international students."
What is the GPA requirement for admission?,The GPA requirement for admission is 3.0 on a 4.0 scale.
Is there a student exchange program?,"Yes, the university has partnerships with over 20 institutions worldwide for student exchange."
How can I apply for an internship through the university?,You can apply for internships through the Career Development Center.
What are the extracurricular activities offered on campus?,"Extracurricular activities include student clubs, volunteer programs, and cultural events."
How can I join the university's sports teams?,"To join a sports team, attend the tryouts held at the beginning of each semester."
What is the tuition fee for undergraduate programs?,"The tuition fee for undergraduate programs is $15,000 per year."
How much is the tuition fee for master's programs?,"The tuition fee for master's programs varies by department, averaging $20,000 per year."
When is the admission deadline for the fall semester?,The admission deadline for the fall semester is April 30.
What courses are offered in the Computer Science department?,"Courses offered include Artificial Intelligence, Data Structures, and Algorithms."
Can international students apply for financial aid?,"Yes, international students can apply for need-based financial aid."
Where is the main campus located?,The main campus is located in downtown Cityville.
Is there on-campus housing available?,"Yes, on-campus housing is available for both undergraduate and graduate students."
What are the library hours during exam week?,"During exam week, the library is open 24 hours."
How can I contact the admissions office?,You can contact the admissions office at admissions@university.edu.
Are there any scholarships for international students?,"Yes, there are several scholarships specifically for international students."
What is the GPA requirement for admission?,The GPA requirement for admission is 3.0 on a 4.0 scale.
Is there a student exchange program?,"Yes, the university has partnerships with over 20 institutions worldwide for student exchange."
How can I apply for an internship through the university?,You can apply for internships through the Career Development Center.
What are the extracurricular activities offered on campus?,"Extracurricular activities include student clubs, volunteer programs, and cultural events."
How can I join the university's sports teams?,"To join a sports team, attend the tryouts held at the beginning of each semester."
What is the tuition fee for undergraduate programs?,"The tuition fee for undergraduate programs is $15,000 per year."
How much is the tuition fee for master's programs?,"The tuition fee for master's programs varies by department, averaging $20,000 per year."
When is the admission deadline for the fall semester?,The admission deadline for the fall semester is April 30.
What courses are offered in the Computer Science department?,"Courses offered include Artificial Intelligence, Data Structures, and Algorithms."
Can international students apply for financial aid?,"Yes, international students can apply for need-based financial aid."
Where is the main campus located?,The main campus is located in downtown Cityville.
Is there on-campus housing available?,"Yes, on-campus housing is available for both undergraduate and graduate students."
What are the library hours during exam week?,"During exam week, the library is open 24 hours."
How can I contact the admissions office?,You can contact the admissions office at admissions@university.edu.
Are there any scholarships for international students?,"Yes, there are several scholarships specifically for international students."
What is the GPA requirement for admission?,The GPA requirement for admission is 3.0 on a 4.0 scale.
Is there a student exchange program?,"Yes, the university has partnerships with over 20 institutions worldwide for student exchange."
How can I apply for an internship through the university?,You can apply for internships through the Career Development Center.
What are the extracurricular activities offered on campus?,"Extracurricular activities include student clubs, volunteer programs, and cultural events."
How can I join the university's sports teams?,"To join a sports team, attend the tryouts held at the beginning of each semester."
What is the tuition fee for undergraduate programs?,"The tuition fee for undergraduate programs is $15,000 per year."
How much is the tuition fee for master's programs?,"The tuition fee for master's programs varies by department, averaging $20,000 per year."
When is the admission deadline for the fall semester?,The admission deadline for the fall semester is April 30.
What courses are offered in the Computer Science department?,"Courses offered include Artificial Intelligence, Data Structures, and Algorithms."
Can international students apply for financial aid?,"Yes, international students can apply for need-based financial aid."
Where is the main campus located?,The main campus is located in downtown Cityville.
Is there on-campus housing available?,"Yes, on-campus housing is available for both undergraduate and graduate students."
What are the library hours during exam week?,"During exam week, the library is open 24 hours."
How can I contact the admissions office?,You can contact the admissions office at admissions@university.edu.
Are there any scholarships for international students?,"Yes, there are several scholarships specifically for international students."
What is the GPA requirement for admission?,The GPA requirement for admission is 3.0 on a 4.0 scale.
Is there a student exchange program?,"Yes, the university has partnerships with over 20 institutions worldwide for student exchange."
How can I apply for an internship through the university?,You can apply for internships through the Career Development Center.
What are the extracurricular activities offered on campus?,"Extracurricular activities include student clubs, volunteer programs, and cultural events."
How can I join the university's sports teams?,"To join a sports team, attend the tryouts held at the beginning of each semester."
What is the tuition fee for undergraduate programs?,"The tuition fee for undergraduate programs is $15,000 per year."
How much is the tuition fee for master's programs?,"The tuition fee for master's programs varies by department, averaging $20,000 per year."
When is the admission deadline for the fall semester?,The admission deadline for the fall semester is April 30.
What courses are offered in the Computer Science department?,"Courses offered include Artificial Intelligence, Data Structures, and Algorithms."
Can international students apply for financial aid?,"Yes, international students can apply for need-based financial aid."
Where is the main campus located?,The main campus is located in downtown Cityville.
Is there on-campus housing available?,"Yes, on-campus housing is available for both undergraduate and graduate students."
What are the library hours during exam week?,"During exam week, the library is open 24 hours."
How can I contact the admissions office?,You can contact the admissions office at admissions@university.edu.
Are there any scholarships for international students?,"Yes, there are several scholarships specifically for international students."
What is the GPA requirement for admission?,The GPA requirement for admission is 3.0 on a 4.0 scale.
Is there a student exchange program?,"Yes, the university has partnerships with over 20 institutions worldwide for student exchange."
How can I apply for an internship through the university?,You can apply for internships through the Career Development Center.
What are the extracurricular activities offered on campus?,"Extracurricular activities include student clubs, volunteer programs, and cultural events."
How can I join the university's sports teams?,"To join a sports team, attend the tryouts held at the beginning of each semester."
What is the tuition fee for undergraduate programs?,"The tuition fee for undergraduate programs is $15,000 per year."
How much is the tuition fee for master's programs?,"The tuition fee for master's programs varies by department, averaging $20,000 per year."
When is the admission deadline for the fall semester?,The admission deadline for the fall semester is April 30.
What courses are offered in the Computer Science department?,"Courses offered include Artificial Intelligence, Data Structures, and Algorithms."
Can international students apply for financial aid?,"Yes, international students can apply for need-based financial aid."
Where is the main campus located?,The main campus is located in downtown Cityville.
Is there on-campus housing available?,"Yes, on-campus housing is available for both undergraduate and graduate students."
What are the library hours during exam week?,"During exam week, the library is open 24 hours."
How can I contact the admissions office?,You can contact the admissions office at admissions@university.edu.
Are there any scholarships for international students?,"Yes, there are several scholarships specifically for international students."
What is the GPA requirement for admission?,The GPA requirement for admission is 3.0 on a 4.0 scale.
Is there a student exchange program?,"Yes, the university has partnerships with over 20 institutions worldwide for student exchange."
How can I apply for an internship through the university?,You can apply for internships through the Career Development Center.
What are the extracurricular activities offered on campus?,"Extracurricular activities include student clubs, volunteer programs, and cultural events."
How can I join the university's sports teams?,"To join a sports team, attend the tryouts held at the beginning of each semester."
What is the tuition fee for undergraduate programs?,"The tuition fee for undergraduate programs is $15,000 per year."
How much is the tuition fee for master's programs?,"The tuition fee for master's programs varies by department, averaging $20,000 per year."
When is the admission deadline for the fall semester?,The admission deadline for the fall semester is April 30.
What courses are offered in the Computer Science department?,"Courses offered include Artificial Intelligence, Data Structures, and Algorithms."
Can international students apply for financial aid?,"Yes, international students can apply for need-based financial aid."
Where is the main campus located?,The main campus is located in downtown Cityville.
Is there on-campus housing available?,"Yes, on-campus housing is available for both undergraduate and graduate students."
What are the library hours during exam week?,"During exam week, the library is open 24 hours."
How can I contact the admissions office?,You can contact the admissions office at admissions@university.edu.
Are there any scholarships for international students?,"Yes, there are several scholarships specifically for international students."
What is the GPA requirement for admission?,The GPA requirement for admission is 3.0 on a 4.0 scale.
Is there a student exchange program?,"Yes, the university has partnerships with over 20 institutions worldwide for student exchange."
How can I apply for an internship through the university?,You can apply for internships through the Career Development Center.
What are the extracurricular activities offered on campus?,"Extracurricular activities include student clubs, volunteer programs, and cultural events."
How can I join the university's sports teams?,"To join a sports team, attend the tryouts held at the beginning of each semester."
What is the tuition fee for undergraduate programs?,"The tuition fee for undergraduate programs is $15,000 per year."
How much is the tuition fee for master's programs?,"The tuition fee for master's programs varies by department, averaging $20,000 per year."
When is the admission deadline for the fall semester?,The admission deadline for the fall semester is April 30.
What courses are offered in the Computer Science department?,"Courses offered include Artificial Intelligence, Data Structures, and Algorithms."
Can international students apply for financial aid?,"Yes, international students can apply for need-based financial aid."
Where is the main campus located?,The main campus is located in downtown Cityville.
Is there on-campus housing available?,"Yes, on-campus housing is available for both undergraduate and graduate students."
What are the library hours during exam week?,"During exam week, the library is open 24 hours."
How can I contact the admissions office?,You can contact the admissions office at admissions@university.edu.
Are there any scholarships for international students?,"Yes, there are several scholarships specifically for international students."
What is the GPA requirement for admission?,The GPA requirement for admission is 3.0 on a 4.0 scale.
Is there a student exchange program?,"Yes, the university has partnerships with over 20 institutions worldwide for student exchange."
How can I apply for an internship through the university?,You can apply for internships through the Career Development Center.
What are the extracurricular activities offered on campus?,"Extracurricular activities include student clubs, volunteer programs, and cultural events."
How can I join the university's sports teams?,"To join a sports team, attend the tryouts held at the beginning of each semester."
What is the tuition fee for undergraduate programs?,"The tuition fee for undergraduate programs is $15,000 per year."
How much is the tuition fee for master's programs?,"The tuition fee for master's programs varies by department, averaging $20,000 per year."
When is the admission deadline for the fall semester?,The admission deadline for the fall semester is April 30.
What courses are offered in the Computer Science department?,"Courses offered include Artificial Intelligence, Data Structures, and Algorithms."
Can international students apply for financial aid?,"Yes, international students can apply for need-based financial aid."
Where is the main campus located?,The main campus is located in downtown Cityville.
Is there on-campus housing available?,"Yes, on-campus housing is available for both undergraduate and graduate students."
What are the library hours during exam week?,"During exam week, the library is open 24 hours."
How can I contact the admissions office?,You can contact the admissions office at admissions@university.edu.
Are there any scholarships for international students?,"Yes, there are several scholarships specifically for international students."
What is the GPA requirement for admission?,The GPA requirement for admission is 3.0 on a 4.0 scale.
Is there a student exchange program?,"Yes, the university has partnerships with over 20 institutions worldwide for student exchange."
How can I apply for an internship through the university?,You can apply for internships through the Career Development Center.
What are the extracurricular activities offered on campus?,"Extracurricular activities include student clubs, volunteer programs, and cultural events."
How can I join the university's sports teams?,"To join a sports team, attend the tryouts held at the beginning of each semester."
What is the tuition fee for undergraduate programs?,"The tuition fee for undergraduate programs is $15,000 per year."
How much is the tuition fee for master's programs?,"The tuition fee for master's programs varies by department, averaging $20,000 per year."
When is the admission deadline for the fall semester?,The admission deadline for the fall semester is April 30.
What courses are offered in the Computer Science department?,"Courses offered include Artificial Intelligence, Data Structures, and Algorithms."
Can international students apply for financial aid?,"Yes, international students can apply for need-based financial aid."
Where is the main campus located?,The main campus is located in downtown Cityville.
Is there on-campus housing available?,"Yes, on-campus housing is available for both undergraduate and graduate students."
What are the library hours during exam week?,"During exam week, the library is open 24 hours."
How can I contact the admissions office?,You can contact the admissions office at admissions@university.edu.
Are there any scholarships for international students?,"Yes, there are several scholarships specifically for international students."
What is the GPA requirement for admission?,The GPA requirement for admission is 3.0 on a 4.0 scale.
Is there a student exchange program?,"Yes, the university has partnerships with over 20 institutions worldwide for student exchange."
How can I apply for an internship through the university?,You can apply for internships through the Career Development Center.
What are the extracurricular activities offered on campus?,"Extracurricular activities include student clubs, volunteer programs, and cultural events."
How can I join the university's sports teams?,"To join a sports team, attend the tryouts held at the beginning of each semester."
What is the tuition fee for undergraduate programs?,"The tuition fee for undergraduate programs is $15,000 per year."
How much is the tuition fee for master's programs?,"The tuition fee for master's programs varies by department, averaging $20,000 per year."
When is the admission deadline for the fall semester?,The admission deadline for the fall semester is April 30.
What courses are offered in the Computer Science department?,"Courses offered include Artificial Intelligence, Data Structures, and Algorithms."
Can international students apply for financial aid?,"Yes, international students can apply for need-based financial aid."
Where is the main campus located?,The main campus is located in downtown Cityville.
Is there on-campus housing available?,"Yes, on-campus housing is available for both undergraduate and graduate students."
What are the library hours during exam week?,"During exam week, the library is open 24 hours."
How can I contact the admissions office?,You can contact the admissions office at admissions@university.edu.
Are there any scholarships for international students?,"Yes, there are several scholarships specifically for international students."
What is the GPA requirement for admission?,The GPA requirement for admission is 3.0 on a 4.0 scale.
Is there a student exchange program?,"Yes, the university has partnerships with over 20 institutions worldwide for student exchange."
How can I apply for an internship through the university?,You can apply for internships through the Career Development Center.
What are the extracurricular activities offered on campus?,"Extracurricular activities include student clubs, volunteer programs, and cultural events."
How can I join the university's sports teams?,"To join a sports team, attend the tryouts held at the beginning of each semester."
What is the tuition fee for undergraduate programs?,"The tuition fee for undergraduate programs is $15,000 per year."
How much is the tuition fee for master's programs?,"The tuition fee for master's programs varies by department, averaging $20,000 per year."
When is the admission deadline for the fall semester?,The admission deadline for the fall semester is April 30.
What courses are offered in the Computer Science department?,"Courses offered include Artificial Intelligence, Data Structures, and Algorithms."
Can international students apply for financial aid?,"Yes, international students can apply for need-based financial aid."
Where is the main campus located?,The main campus is located in downtown Cityville.
Is there on-campus housing available?,"Yes, on-campus housing is available for both undergraduate and graduate students."
What are the library hours during exam week?,"During exam week, the library is open 24 hours."
How can I contact the admissions office?,You can contact the admissions office at admissions@university.edu.
Are there any scholarships for international students?,"Yes, there are several scholarships specifically for international students."
What is the GPA requirement for admission?,The GPA requirement for admission is 3.0 on a 4.0 scale.
Is there a student exchange program?,"Yes, the university has partnerships with over 20 institutions worldwide for student exchange."
How can I apply for an internship through the university?,You can apply for internships through the Career Development Center.
What are the extracurricular activities offered on campus?,"Extracurricular activities include student clubs, volunteer programs, and cultural events."
How can I join the university's sports teams?,"To join a sports team, attend the tryouts held at the beginning of each semester."
What is the tuition fee for undergraduate programs?,"The tuition fee for undergraduate programs is $15,000 per year."
How much is the tuition fee for master's programs?,"The tuition fee for master's programs varies by department, averaging $20,000 per year."
When is the admission deadline for the fall semester?,The admission deadline for the fall semester is April 30.
What courses are offered in the Computer Science department?,"Courses offered include Artificial Intelligence, Data Structures, and Algorithms."
Can international students apply for financial aid?,"Yes, international students can apply for need-based financial aid."
Where is the main campus located?,The main campus is located in downtown Cityville.
Is there on-campus housing available?,"Yes, on-campus housing is available for both undergraduate and graduate students."
What are the library hours during exam week?,"During exam week, the library is open 24 hours."
How can I contact the admissions office?,You can contact the admissions office at admissions@university.edu.
Are there any scholarships for international students?,"Yes, there are several scholarships specifically for international students."
What is the GPA requirement for admission?,The GPA requirement for admission is 3.0 on a 4.0 scale.
Is there a student exchange program?,"Yes, the university has partnerships with over 20 institutions worldwide for student exchange."
How can I apply for an internship through the university?,You can apply for internships through the Career Development Center.
What are the extracurricular activities offered on campus?,"Extracurricular activities include student clubs, volunteer programs, and cultural events."
How can I join the university's sports teams?,"To join a sports team, attend the tryouts held at the beginning of each semester."
What is the tuition fee for undergraduate programs?,"The tuition fee for undergraduate programs is $15,000 per year."
How much is the tuition fee for master's programs?,"The tuition fee for master's programs varies by department, averaging $20,000 per year."
When is the admission deadline for the fall semester?,The admission deadline for the fall semester is April 30.
What courses are offered in the Computer Science department?,"Courses offered include Artificial Intelligence, Data Structures, and Algorithms."
Can international students apply for financial aid?,"Yes, international students can apply for need-based financial aid."
Where is the main campus located?,The main campus is located in downtown Cityville.
Is there on-campus housing available?,"Yes, on-campus housing is available for both undergraduate and graduate students."
What are the library hours during exam week?,"During exam week, the library is open 24 hours."
How can I contact the admissions office?,You can contact the admissions office at admissions@university.edu.
Are there any scholarships for international students?,"Yes, there are several scholarships specifically for international students."
What is the GPA requirement for admission?,The GPA requirement for admission is 3.0 on a 4.0 scale.
Is there a student exchange program?,"Yes, the university has partnerships with over 20 institutions worldwide for student exchange."
How can I apply for an internship through the university?,You can apply for internships through the Career Development Center.
What are the extracurricular activities offered on campus?,"Extracurricular activities include student clubs, volunteer programs, and cultural events."
How can I join the university's sports teams?,"To join a sports team, attend the tryouts held at the beginning of each semester."
What is the tuition fee for undergraduate programs?,"The tuition fee for undergraduate programs is $15,000 per year."
How much is the tuition fee for master's programs?,"The tuition fee for master's programs varies by department, averaging $20,000 per year."
When is the admission deadline for the fall semester?,The admission deadline for the fall semester is April 30.
What courses are offered in the Computer Science department?,"Courses offered include Artificial Intelligence, Data Structures, and Algorithms."
Can international students apply for financial aid?,"Yes, international students can apply for need-based financial aid."
Where is the main campus located?,The main campus is located in downtown Cityville.
Is there on-campus housing available?,"Yes, on-campus housing is available for both undergraduate and graduate students."
What are the library hours during exam week?,"During exam week, the library is open 24 hours."
How can I contact the admissions office?,You can contact the admissions office at admissions@university.edu.
Are there any scholarships for international students?,"Yes, there are several scholarships specifically for international students."
What is the GPA requirement for admission?,The GPA requirement for admission is 3.0 on a 4.0 scale.
Is there a student exchange program?,"Yes, the university has partnerships with over 20 institutions worldwide for student exchange."
How can I apply for an internship through the university?,You can apply for internships through the Career Development Center.
What are the extracurricular activities offered on campus?,"Extracurricular activities include student clubs, volunteer programs, and cultural events."
How can I join the university's sports teams?,"To join a sports team, attend the tryouts held at the beginning of each semester."
What is the tuition fee for undergraduate programs?,"The tuition fee for undergraduate programs is $15,000 per year."
How much is the tuition fee for master's programs?,"The tuition fee for master's programs varies by department, averaging $20,000 per year."
When is the admission deadline for the fall semester?,The admission deadline for the fall semester is April 30.
What courses are offered in the Computer Science department?,"Courses offered include Artificial Intelligence, Data Structures, and Algorithms."
Can international students apply for financial aid?,"Yes, international students can apply for need-based financial aid."
Where is the main campus located?,The main campus is located in downtown Cityville.
Is there on-campus housing available?,"Yes, on-campus housing is available for both undergraduate and graduate students."
What are the library hours during exam week?,"During exam week, the library is open 24 hours."
How can I contact the admissions office?,You can contact the admissions office at admissions@university.edu.
Are there any scholarships for international students?,"Yes, there are several scholarships specifically for international students."
What is the GPA requirement for admission?,The GPA requirement for admission is 3.0 on a 4.0 scale.
Is there a student exchange program?,"Yes, the university has partnerships with over 20 institutions worldwide for student exchange."
How can I apply for an internship through the university?,You can apply for internships through the Career Development Center.
What are the extracurricular activities offered on campus?,"Extracurricular activities include student clubs, volunteer programs, and cultural events."
How can I join the university's sports teams?,"To join a sports team, attend the tryouts held at the beginning of each semester."
What is the tuition fee for undergraduate programs?,"The tuition fee for undergraduate programs is $15,000 per year."
How much is the tuition fee for master's programs?,"The tuition fee for master's programs varies by department, averaging $20,000 per year."
When is the admission deadline for the fall semester?,The admission deadline for the fall semester is April 30.
What courses are offered in the Computer Science department?,"Courses offered include Artificial Intelligence, Data Structures, and Algorithms."
Can international students apply for financial aid?,"Yes, international students can apply for need-based financial aid."
Where is the main campus located?,The main campus is located in downtown Cityville.
Is there on-campus housing available?,"Yes, on-campus housing is available for both undergraduate and graduate students."
What are the library hours during exam week?,"During exam week, the library is open 24 hours."
How can I contact the admissions office?,You can contact the admissions office at admissions@university.edu.
Are there any scholarships for international students?,"Yes, there are several scholarships specifically for international students."
What is the GPA requirement for admission?,The GPA requirement for admission is 3.0 on a 4.0 scale.
Is there a student exchange program?,"Yes, the university has partnerships with over 20 institutions worldwide for student exchange."
How can I apply for an internship through the university?,You can apply for internships through the Career Development Center.
What are the extracurricular activities offered on campus?,"Extracurricular activities include student clubs, volunteer programs, and cultural events."
How can I join the university's sports teams?,"To join a sports team, attend the tryouts held at the beginning of each semester."
What is the tuition fee for undergraduate programs?,"The tuition fee for undergraduate programs is $15,000 per year."
How much is the tuition fee for master's programs?,"The tuition fee for master's programs varies by department, averaging $20,000 per year."
When is the admission deadline for the fall semester?,The admission deadline for the fall semester is April 30.
What courses are offered in the Computer Science department?,"Courses offered include Artificial Intelligence, Data Structures, and Algorithms."
Can international students apply for financial aid?,"Yes, international students can apply for need-based financial aid."
Where is the main campus located?,The main campus is located in downtown Cityville.
Is there on-campus housing available?,"Yes, on-campus housing is available for both undergraduate and graduate students."
What are the library hours during exam week?,"During exam week, the library is open 24 hours."
How can I contact the admissions office?,You can contact the admissions office at admissions@university.edu.
Are there any scholarships for international students?,"Yes, there are several scholarships specifically for international students."
What is the GPA requirement for admission?,The GPA requirement for admission is 3.0 on a 4.0 scale.
Is there a student exchange program?,"Yes, the university has partnerships with over 20 institutions worldwide for student exchange."
How can I apply for an internship through the university?,You can apply for internships through the Career Development Center.
What are the extracurricular activities offered on campus?,"Extracurricular activities include student clubs, volunteer programs, and cultural events."
How can I join the university's sports teams?,"To join a sports team, attend the tryouts held at the beginning of each semester."
What is the tuition fee for undergraduate programs?,"The tuition fee for undergraduate programs is $15,000 per year."
How much is the tuition fee for master's programs?,"The tuition fee for master's programs varies by department, averaging $20,000 per year."
When is the admission deadline for the fall semester?,The admission deadline for the fall semester is April 30.
What courses are offered in the Computer Science department?,"Courses offered include Artificial Intelligence, Data Structures, and Algorithms."
Can international students apply for financial aid?,"Yes, international students can apply for need-based financial aid."
Where is the main campus located?,The main campus is located in downtown Cityville.
Is there on-campus housing available?,"Yes, on-campus housing is available for both undergraduate and graduate students."
What are the library hours during exam week?,"During exam week, the library is open 24 hours."
How can I contact the admissions office?,You can contact the admissions office at admissions@university.edu.
Are there any scholarships for international students?,"Yes, there are several scholarships specifically for international students."
What is the GPA requirement for admission?,The GPA requirement for admission is 3.0 on a 4.0 scale.
Is there a student exchange program?,"Yes, the university has partnerships with over 20 institutions worldwide for student exchange."
How can I apply for an internship through the university?,You can apply for internships through the Career Development Center.
What are the extracurricular activities offered on campus?,"Extracurricular activities include student clubs, volunteer programs, and cultural events."
How can I join the university's sports teams?,"To join a sports team, attend the tryouts held at the beginning of each semester."
What is the tuition fee for undergraduate programs?,"The tuition fee for undergraduate programs is $15,000 per year."
How much is the tuition fee for master's programs?,"The tuition fee for master's programs varies by department, averaging $20,000 per year."
When is the admission deadline for the fall semester?,The admission deadline for the fall semester is April 30.
What courses are offered in the Computer Science department?,"Courses offered include Artificial Intelligence, Data Structures, and Algorithms."
Can international students apply for financial aid?,"Yes, international students can apply for need-based financial aid."
Where is the main campus located?,The main campus is located in downtown Cityville.
Is there on-campus housing available?,"Yes, on-campus housing is available for both undergraduate and graduate students."
What are the library hours during exam week?,"During exam week, the library is open 24 hours."
How can I contact the admissions office?,You can contact the admissions office at admissions@university.edu.
Are there any scholarships for international students?,"Yes, there are several scholarships specifically for international students."
What is the GPA requirement for admission?,The GPA requirement for admission is 3.0 on a 4.0 scale.
Is there a student exchange program?,"Yes, the university has partnerships with over 20 institutions worldwide for student exchange."
How can I apply for an internship through the university?,You can apply for internships through the Career Development Center.
What are the extracurricular activities offered on campus?,"Extracurricular activities include student clubs, volunteer programs, and cultural events."
How can I join the university's sports teams?,"To join a sports team, attend the tryouts held at the beginning of each semester."
What is the tuition fee for undergraduate programs?,"The tuition fee for undergraduate programs is $15,000 per year."
How much is the tuition fee for master's programs?,"The tuition fee for master's programs varies by department, averaging $20,000 per year."
When is the admission deadline for the fall semester?,The admission deadline for the fall semester is April 30.
What courses are offered in the Computer Science department?,"Courses offered include Artificial Intelligence, Data Structures, and Algorithms."
Can international students apply for financial aid?,"Yes, international students can apply for need-based financial aid."
Where is the main campus located?,The main campus is located in downtown Cityville.
Is there on-campus housing available?,"Yes, on-campus housing is available for both undergraduate and graduate students."
What are the library hours during exam week?,"During exam week, the library is open 24 hours."
How can I contact the admissions office?,You can contact the admissions office at admissions@university.edu.
Are there any scholarships for international students?,"Yes, there are several scholarships specifically for international students."
What is the GPA requirement for admission?,The GPA requirement for admission is 3.0 on a 4.0 scale.
Is there a student exchange program?,"Yes, the university has partnerships with over 20 institutions worldwide for student exchange."
How can I apply for an internship through the university?,You can apply for internships through the Career Development Center.
What are the extracurricular activities offered on campus?,"Extracurricular activities include student clubs, volunteer programs, and cultural events."
How can I join the university's sports teams?,"To join a sports team, attend the tryouts held at the beginning of each semester."
What is the tuition fee for undergraduate programs?,"The tuition fee for undergraduate programs is $15,000 per year."
How much is the tuition fee for master's programs?,"The tuition fee for master's programs varies by department, averaging $20,000 per year."
When is the admission deadline for the fall semester?,The admission deadline for the fall semester is April 30.
What courses are offered in the Computer Science department?,"Courses offered include Artificial Intelligence, Data Structures, and Algorithms."
Can international students apply for financial aid?,"Yes, international students can apply for need-based financial aid."
Where is the main campus located?,The main campus is located in downtown Cityville.
Is there on-campus housing available?,"Yes, on-campus housing is available for both undergraduate and graduate students."
What are the library hours during exam week?,"During exam week, the library is open 24 hours."
How can I contact the admissions office?,You can contact the admissions office at admissions@university.edu.
Are there any scholarships for international students?,"Yes, there are several scholarships specifically for international students."
What is the GPA requirement for admission?,The GPA requirement for admission is 3.0 on a 4.0 scale.
Is there a student exchange program?,"Yes, the university has partnerships with over 20 institutions worldwide for student exchange."
How can I apply for an internship through the university?,You can apply for internships through the Career Development Center.
What are the extracurricular activities offered on campus?,"Extracurricular activities include student clubs, volunteer programs, and cultural events."
How can I join the university's sports teams?,"To join a sports team, attend the tryouts held at the beginning of each semester."
What is the tuition fee for undergraduate programs?,"The tuition fee for undergraduate programs is $15,000 per year."
How much is the tuition fee for master's programs?,"The tuition fee for master's programs varies by department, averaging $20,000 per year."
When is the admission deadline for the fall semester?,The admission deadline for the fall semester is April 30.
What courses are offered in the Computer Science department?,"Courses offered include Artificial Intelligence, Data Structures, and Algorithms."
Can international students apply for financial aid?,"Yes, international students can apply for need-based financial aid."
Where is the main campus located?,The main campus is located in downtown Cityville.
Is there on-campus housing available?,"Yes, on-campus housing is available for both undergraduate and graduate students."
What are the library hours during exam week?,"During exam week, the library is open 24 hours."
How can I contact the admissions office?,You can contact the admissions office at admissions@university.edu.
Are there any scholarships for international students?,"Yes, there are several scholarships specifically for international students."
What is the GPA requirement for admission?,The GPA requirement for admission is 3.0 on a 4.0 scale.
Is there a student exchange program?,"Yes, the university has partnerships with over 20 institutions worldwide for student exchange."
How can I apply for an internship through the university?,You can apply for internships through the Career Development Center.
What are the extracurricular activities offered on campus?,"Extracurricular activities include student clubs, volunteer programs, and cultural events."
How can I join the university's sports teams?,"To join a sports team, attend the tryouts held at the beginning of each semester."
What is the tuition fee for undergraduate programs?,"The tuition fee for undergraduate programs is $15,000 per year."
How much is the tuition fee for master's programs?,"The tuition fee for master's programs varies by department, averaging $20,000 per year."
When is the admission deadline for the fall semester?,The admission deadline for the fall semester is April 30.
What courses are offered in the Computer Science department?,"Courses offered include Artificial Intelligence, Data Structures, and Algorithms."
Can international students apply for financial aid?,"Yes, international students can apply for need-based financial aid."
Where is the main campus located?,The main campus is located in downtown Cityville.
Is there on-campus housing available?,"Yes, on-campus housing is available for both undergraduate and graduate students."
What are the library hours during exam week?,"During exam week, the library is open 24 hours."
How can I contact the admissions office?,You can contact the admissions office at admissions@university.edu.
Are there any scholarships for international students?,"Yes, there are several scholarships specifically for international students."
What is the GPA requirement for admission?,The GPA requirement for admission is 3.0 on a 4.0 scale.
Is there a student exchange program?,"Yes, the university has partnerships with over 20 institutions worldwide for student exchange."
How can I apply for an internship through the university?,You can apply for internships through the Career Development Center.
What are the extracurricular activities offered on campus?,"Extracurricular activities include student clubs, volunteer programs, and cultural events."
How can I join the university's sports teams?,"To join a sports team, attend the tryouts held at the beginning of each semester."
What is the tuition fee for undergraduate programs?,"The tuition fee for undergraduate programs is $15,000 per year."
How much is the tuition fee for master's programs?,"The tuition fee for master's programs varies by department, averaging $20,000 per year."
When is the admission deadline for the fall semester?,The admission deadline for the fall semester is April 30.
What courses are offered in the Computer Science department?,"Courses offered include Artificial Intelligence, Data Structures, and Algorithms."
Can international students apply for financial aid?,"Yes, international students can apply for need-based financial aid."
Where is the main campus located?,The main campus is located in downtown Cityville.
Is there on-campus housing available?,"Yes, on-campus housing is available for both undergraduate and graduate students."
What are the library hours during exam week?,"During exam week, the library is open 24 hours."
How can I contact the admissions office?,You can contact the admissions office at admissions@university.edu.
Are there any scholarships for international students?,"Yes, there are several scholarships specifically for international students."
What is the GPA requirement for admission?,The GPA requirement for admission is 3.0 on a 4.0 scale.
Is there a student exchange program?,"Yes, the university has partnerships with over 20 institutions worldwide for student exchange."
How can I apply for an internship through the university?,You can apply for internships through the Career Development Center.
What are the extracurricular activities offered on campus?,"Extracurricular activities include student clubs, volunteer programs, and cultural events."
How can I join the university's sports teams?,"To join a sports team, attend the tryouts held at the beginning of each semester."
What is the tuition fee for undergraduate programs?,"The tuition fee for undergraduate programs is $15,000 per year."
How much is the tuition fee for master's programs?,"The tuition fee for master's programs varies by department, averaging $20,000 per year."
When is the admission deadline for the fall semester?,The admission deadline for the fall semester is April 30.
What courses are offered in the Computer Science department?,"Courses offered include Artificial Intelligence, Data Structures, and Algorithms."
Can international students apply for financial aid?,"Yes, international students can apply for need-based financial aid."
Where is the main campus located?,The main campus is located in downtown Cityville.
Is there on-campus housing available?,"Yes, on-campus housing is available for both undergraduate and graduate students."
What are the library hours during exam week?,"During exam week, the library is open 24 hours."
How can I contact the admissions office?,You can contact the admissions office at admissions@university.edu.
Are there any scholarships for international students?,"Yes, there are several scholarships specifically for international students."
What is the GPA requirement for admission?,The GPA requirement for admission is 3.0 on a 4.0 scale.
Is there a student exchange program?,"Yes, the university has partnerships with over 20 institutions worldwide for student exchange."
How can I apply for an internship through the university?,You can apply for internships through the Career Development Center.
What are the extracurricular activities offered on campus?,"Extracurricular activities include student clubs, volunteer programs, and cultural events."
How can I join the university's sports teams?,"To join a sports team, attend the tryouts held at the beginning of each semester."
What is the tuition fee for undergraduate programs?,"The tuition fee for undergraduate programs is $15,000 per year."
How much is the tuition fee for master's programs?,"The tuition fee for master's programs varies by department, averaging $20,000 per year."
When is the admission deadline for the fall semester?,The admission deadline for the fall semester is April 30.
What courses are offered in the Computer Science department?,"Courses offered include Artificial Intelligence, Data Structures, and Algorithms."
Can international students apply for financial aid?,"Yes, international students can apply for need-based financial aid."
Where is the main campus located?,The main campus is located in downtown Cityville.
Is there on-campus housing available?,"Yes, on-campus housing is available for both undergraduate and graduate students."
What are the library hours during exam week?,"During exam week, the library is open 24 hours."
How can I contact the admissions office?,You can contact the admissions office at admissions@university.edu.
Are there any scholarships for international students?,"Yes, there are several scholarships specifically for international students."
What is the GPA requirement for admission?,The GPA requirement for admission is 3.0 on a 4.0 scale.
Is there a student exchange program?,"Yes, the university has partnerships with over 20 institutions worldwide for student exchange."
How can I apply for an internship through the university?,You can apply for internships through the Career Development Center.
What are the extracurricular activities offered on campus?,"Extracurricular activities include student clubs, volunteer programs, and cultural events."
How can I join the university's sports teams?,"To join a sports team, attend the tryouts held at the beginning of each semester."
What is the tuition fee for undergraduate programs?,"The tuition fee for undergraduate programs is $15,000 per year."
How much is the tuition fee for master's programs?,"The tuition fee for master's programs varies by department, averaging $20,000 per year."
When is the admission deadline for the fall semester?,The admission deadline for the fall semester is April 30.
What courses are offered in the Computer Science department?,"Courses offered include Artificial Intelligence, Data Structures, and Algorithms."
Can international students apply for financial aid?,"Yes, international students can apply for need-based financial aid."
Where is the main campus located?,The main campus is located in downtown Cityville.
Is there on-campus housing available?,"Yes, on-campus housing is available for both undergraduate and graduate students."
What are the library hours during exam week?,"During exam week, the library is open 24 hours."
How can I contact the admissions office?,You can contact the admissions office at admissions@university.edu.
Are there any scholarships for international students?,"Yes, there are several scholarships specifically for international students."
What is the GPA requirement for admission?,The GPA requirement for admission is 3.0 on a 4.0 scale.
Is there a student exchange program?,"Yes, the university has partnerships with over 20 institutions worldwide for student exchange."
How can I apply for an internship through the university?,You can apply for internships through the Career Development Center.
What are the extracurricular activities offered on campus?,"Extracurricular activities include student clubs, volunteer programs, and cultural events."
How can I join the university's sports teams?,"To join a sports team, attend the tryouts held at the beginning of each semester."
What is the tuition fee for undergraduate programs?,"The tuition fee for undergraduate programs is $15,000 per year."
How much is the tuition fee for master's programs?,"The tuition fee for master's programs varies by department, averaging $20,000 per year."
When is the admission deadline for the fall semester?,The admission deadline for the fall semester is April 30.
What courses are offered in the Computer Science department?,"Courses offered include Artificial Intelligence, Data Structures, and Algorithms."
Can international students apply for financial aid?,"Yes, international students can apply for need-based financial aid."
Where is the main campus located?,The main campus is located in downtown Cityville.
Is there on-campus housing available?,"Yes, on-campus housing is available for both undergraduate and graduate students."
What are the library hours during exam week?,"During exam week, the library is open 24 hours."
How can I contact the admissions office?,You can contact the admissions office at admissions@university.edu.
Are there any scholarships for international students?,"Yes, there are several scholarships specifically for international students."
What is the GPA requirement for admission?,The GPA requirement for admission is 3.0 on a 4.0 scale.
Is there a student exchange program?,"Yes, the university has partnerships with over 20 institutions worldwide for student exchange."
How can I apply for an internship through the university?,You can apply for internships through the Career Development Center.
What are the extracurricular activities offered on campus?,"Extracurricular activities include student clubs, volunteer programs, and cultural events."
How can I join the university's sports teams?,"To join a sports team, attend the tryouts held at the beginning of each semester."
What is the tuition fee for undergraduate programs?,"The tuition fee for undergraduate programs is $15,000 per year."
How much is the tuition fee for master's programs?,"The tuition fee for master's programs varies by department, averaging $20,000 per year."
When is the admission deadline for the fall semester?,The admission deadline for the fall semester is April 30.
What courses are offered in the Computer Science department?,"Courses offered include Artificial Intelligence, Data Structures, and Algorithms."
Can international students apply for financial aid?,"Yes, international students can apply for need-based financial aid."
Where is the main campus located?,The main campus is located in downtown Cityville.
Is there on-campus housing available?,"Yes, on-campus housing is available for both undergraduate and graduate students."
What are the library hours during exam week?,"During exam week, the library is open 24 hours."
How can I contact the admissions office?,You can contact the admissions office at admissions@university.edu.
Are there any scholarships for international students?,"Yes, there are several scholarships specifically for international students."
What is the GPA requirement for admission?,The GPA requirement for admission is 3.0 on a 4.0 scale.
Is there a student exchange program?,"Yes, the university has partnerships with over 20 institutions worldwide for student exchange."
How can I apply for an internship through the university?,You can apply for internships through the Career Development Center.
What are the extracurricular activities offered on campus?,"Extracurricular activities include student clubs, volunteer programs, and cultural events."
How can I join the university's sports teams?,"To join a sports team, attend the tryouts held at the beginning of each semester."
What is the tuition fee for undergraduate programs?,"The tuition fee for undergraduate programs is $15,000 per year."
How much is the tuition fee for master's programs?,"The tuition fee for master's programs varies by department, averaging $20,000 per year."
When is the admission deadline for the fall semester?,The admission deadline for the fall semester is April 30.
What courses are offered in the Computer Science department?,"Courses offered include Artificial Intelligence, Data Structures, and Algorithms."
Can international students apply for financial aid?,"Yes, international students can apply for need-based financial aid."
Where is the main campus located?,The main campus is located in downtown Cityville.
Is there on-campus housing available?,"Yes, on-campus housing is available for both undergraduate and graduate students."
What are the library hours during exam week?,"During exam week, the library is open 24 hours."
How can I contact the admissions office?,You can contact the admissions office at admissions@university.edu.
Are there any scholarships for international students?,"Yes, there are several scholarships specifically for international students."
What is the GPA requirement for admission?,The GPA requirement for admission is 3.0 on a 4.0 scale.
Is there a student exchange program?,"Yes, the university has partnerships with over 20 institutions worldwide for student exchange."
How can I apply for an internship through the university?,You can apply for internships through the Career Development Center.
What are the extracurricular activities offered on campus?,"Extracurricular activities include student clubs, volunteer programs, and cultural events."
How can I join the university's sports teams?,"To join a sports team, attend the tryouts held at the beginning of each semester."
What is the tuition fee for undergraduate programs?,"The tuition fee for undergraduate programs is $15,000 per year."
How much is the tuition fee for master's programs?,"The tuition fee for master's programs varies by department, averaging $20,000 per year."
When is the admission deadline for the fall semester?,The admission deadline for the fall semester is April 30.
What courses are offered in the Computer Science department?,"Courses offered include Artificial Intelligence, Data Structures, and Algorithms."
Can international students apply for financial aid?,"Yes, international students can apply for need-based financial aid."
Where is the main campus located?,The main campus is located in downtown Cityville.
Is there on-campus housing available?,"Yes, on-campus housing is available for both undergraduate and graduate students."
What are the library hours during exam week?,"During exam week, the library is open 24 hours."
How can I contact the admissions office?,You can contact the admissions office at admissions@university.edu.
Are there any scholarships for international students?,"Yes, there are several scholarships specifically for international students."
What is the GPA requirement for admission?,The GPA requirement for admission is 3.0 on a 4.0 scale.
Is there a student exchange program?,"Yes, the university has partnerships with over 20 institutions worldwide for student exchange."
How can I apply for an internship through the university?,You can apply for internships through the Career Development Center.
What are the extracurricular activities offered on campus?,"Extracurricular activities include student clubs, volunteer programs, and cultural events."
How can I join the university's sports teams?,"To join a sports team, attend the tryouts held at the beginning of each semester."
What is the tuition fee for undergraduate programs?,"The tuition fee for undergraduate programs is $15,000 per year."
How much is the tuition fee for master's programs?,"The tuition fee for master's programs varies by department, averaging $20,000 per year."
When is the admission deadline for the fall semester?,The admission deadline for the fall semester is April 30.
What courses are offered in the Computer Science department?,"Courses offered include Artificial Intelligence, Data Structures, and Algorithms."
Can international students apply for financial aid?,"Yes, international students can apply for need-based financial aid."
Where is the main campus located?,The main campus is located in downtown Cityville.
Is there on-campus housing available?,"Yes, on-campus housing is available for both undergraduate and graduate students."
What are the library hours during exam week?,"During exam week, the library is open 24 hours."
How can I contact the admissions office?,You can contact the admissions office at admissions@university.edu.
Are there any scholarships for international students?,"Yes, there are several scholarships specifically for international students."
What is the GPA requirement for admission?,The GPA requirement for admission is 3.0 on a 4.0 scale.
Is there a student exchange program?,"Yes, the university has partnerships with over 20 institutions worldwide for student exchange."
How can I apply for an internship through the university?,You can apply for internships through the Career Development Center.
What are the extracurricular activities offered on campus?,"Extracurricular activities include student clubs, volunteer programs, and cultural events."
How can I join the university's sports teams?,"To join a sports team, attend the tryouts held at the beginning of each semester."
What is the tuition fee for undergraduate programs?,"The tuition fee for undergraduate programs is $15,000 per year."
How much is the tuition fee for master's programs?,"The tuition fee for master's programs varies by department, averaging $20,000 per year."
When is the admission deadline for the fall semester?,The admission deadline for the fall semester is April 30.
What courses are offered in the Computer Science department?,"Courses offered include Artificial Intelligence, Data Structures, and Algorithms."
Can international students apply for financial aid?,"Yes, international students can apply for need-based financial aid."
Where is the main campus located?,The main campus is located in downtown Cityville.
Is there on-campus housing available?,"Yes, on-campus housing is available for both undergraduate and graduate students."
What are the library hours during exam week?,"During exam week, the library is open 24 hours."
How can I contact the admissions office?,You can contact the admissions office at admissions@university.edu.
Are there any scholarships for international students?,"Yes, there are several scholarships specifically for international students."
What is the GPA requirement for admission?,The GPA requirement for admission is 3.0 on a 4.0 scale.
Is there a student exchange program?,"Yes, the university has partnerships with over 20 institutions worldwide for student exchange."
How can I apply for an internship through the university?,You can apply for internships through the Career Development Center.
What are the extracurricular activities offered on campus?,"Extracurricular activities include student clubs, volunteer programs, and cultural events."
How can I join the university's sports teams?,"To join a sports team, attend the tryouts held at the beginning of each semester."
What is the tuition fee for undergraduate programs?,"The tuition fee for undergraduate programs is $15,000 per year."
How much is the tuition fee for master's programs?,"The tuition fee for master's programs varies by department, averaging $20,000 per year."
When is the admission deadline for the fall semester?,The admission deadline for the fall semester is April 30.
What courses are offered in the Computer Science department?,"Courses offered include Artificial Intelligence, Data Structures, and Algorithms."
Can international students apply for financial aid?,"Yes, international students can apply for need-based financial aid."
Where is the main campus located?,The main campus is located in downtown Cityville.
Is there on-campus housing available?,"Yes, on-campus housing is available for both undergraduate and graduate students."
What are the library hours during exam week?,"During exam week, the library is open 24 hours."
How can I contact the admissions office?,You can contact the admissions office at admissions@university.edu.
Are there any scholarships for international students?,"Yes, there are several scholarships specifically for international students."
What is the GPA requirement for admission?,The GPA requirement for admission is 3.0 on a 4.0 scale.
Is there a student exchange program?,"Yes, the university has partnerships with over 20 institutions worldwide for student exchange."
How can I apply for an internship through the university?,You can apply for internships through the Career Development Center.
What are the extracurricular activities offered on campus?,"Extracurricular activities include student clubs, volunteer programs, and cultural events."
How can I join the university's sports teams?,"To join a sports team, attend the tryouts held at the beginning of each semester."
What is the tuition fee for undergraduate programs?,"The tuition fee for undergraduate programs is $15,000 per year."
How much is the tuition fee for master's programs?,"The tuition fee for master's programs varies by department, averaging $20,000 per year."
When is the admission deadline for the fall semester?,The admission deadline for the fall semester is April 30.
What courses are offered in the Computer Science department?,"Courses offered include Artificial Intelligence, Data Structures, and Algorithms."
Can international students apply for financial aid?,"Yes, international students can apply for need-based financial aid."
Where is the main campus located?,The main campus is located in downtown Cityville.
Is there on-campus housing available?,"Yes, on-campus housing is available for both undergraduate and graduate students."
What are the library hours during exam week?,"During exam week, the library is open 24 hours."
How can I contact the admissions office?,You can contact the admissions office at admissions@university.edu.
Are there any scholarships for international students?,"Yes, there are several scholarships specifically for international students."
What is the GPA requirement for admission?,The GPA requirement for admission is 3.0 on a 4.0 scale.
Is there a student exchange program?,"Yes, the university has partnerships with over 20 institutions worldwide for student exchange."
How can I apply for an internship through the university?,You can apply for internships through the Career Development Center.
What are the extracurricular activities offered on campus?,"Extracurricular activities include student clubs, volunteer programs, and cultural events."
How can I join the university's sports teams?,"To join a sports team, attend the tryouts held at the beginning of each semester."
What is the tuition fee for undergraduate programs?,"The tuition fee for undergraduate programs is $15,000 per year."
How much is the tuition fee for master's programs?,"The tuition fee for master's programs varies by department, averaging $20,000 per year."
When is the admission deadline for the fall semester?,The admission deadline for the fall semester is April 30.
What courses are offered in the Computer Science department?,"Courses offered include Artificial Intelligence, Data Structures, and Algorithms."
Can international students apply for financial aid?,"Yes, international students can apply for need-based financial aid."
Where is the main campus located?,The main campus is located in downtown Cityville.
Is there on-campus housing available?,"Yes, on-campus housing is available for both undergraduate and graduate students."
What are the library hours during exam week?,"During exam week, the library is open 24 hours."
How can I contact the admissions office?,You can contact the admissions office at admissions@university.edu.
Are there any scholarships for international students?,"Yes, there are several scholarships specifically for international students."
What is the GPA requirement for admission?,The GPA requirement for admission is 3.0 on a 4.0 scale.
Is there a student exchange program?,"Yes, the university has partnerships with over 20 institutions worldwide for student exchange."
How can I apply for an internship through the university?,You can apply for internships through the Career Development Center.
What are the extracurricular activities offered on campus?,"Extracurricular activities include student clubs, volunteer programs, and cultural events."
How can I join the university's sports teams?,"To join a sports team, attend the tryouts held at the beginning of each semester."
What is the tuition fee for undergraduate programs?,"The tuition fee for undergraduate programs is $15,000 per year."
How much is the tuition fee for master's programs?,"The tuition fee for master's programs varies by department, averaging $20,000 per year."
When is the admission deadline for the fall semester?,The admission deadline for the fall semester is April 30.
What courses are offered in the Computer Science department?,"Courses offered include Artificial Intelligence, Data Structures, and Algorithms."
Can international students apply for financial aid?,"Yes, international students can apply for need-based financial aid."
Where is the main campus located?,The main campus is located in downtown Cityville.
Is there on-campus housing available?,"Yes, on-campus housing is available for both undergraduate and graduate students."
What are the library hours during exam week?,"During exam week, the library is open 24 hours."
How can I contact the admissions office?,You can contact the admissions office at admissions@university.edu.
Are there any scholarships for international students?,"Yes, there are several scholarships specifically for international students."
What is the GPA requirement for admission?,The GPA requirement for admission is 3.0 on a 4.0 scale.
Is there a student exchange program?,"Yes, the university has partnerships with over 20 institutions worldwide for student exchange."
How can I apply for an internship through the university?,You can apply for internships through the Career Development Center.
What are the extracurricular activities offered on campus?,"Extracurricular activities include student clubs, volunteer programs, and cultural events."
How can I join the university's sports teams?,"To join a sports team, attend the tryouts held at the beginning of each semester."
What is the tuition fee for undergraduate programs?,"The tuition fee for undergraduate programs is $15,000 per year."
How much is the tuition fee for master's programs?,"The tuition fee for master's programs varies by department, averaging $20,000 per year."
When is the admission deadline for the fall semester?,The admission deadline for the fall semester is April 30.
What courses are offered in the Computer Science department?,"Courses offered include Artificial Intelligence, Data Structures, and Algorithms."
Can international students apply for financial aid?,"Yes, international students can apply for need-based financial aid."
Where is the main campus located?,The main campus is located in downtown Cityville.
Is there on-campus housing available?,"Yes, on-campus housing is available for both undergraduate and graduate students."
What are the library hours during exam week?,"During exam week, the library is open 24 hours."
How can I contact the admissions office?,You can contact the admissions office at admissions@university.edu.
Are there any scholarships for international students?,"Yes, there are several scholarships specifically for international students."
What is the GPA requirement for admission?,The GPA requirement for admission is 3.0 on a 4.0 scale.
Is there a student exchange program?,"Yes, the university has partnerships with over 20 institutions worldwide for student exchange."
How can I apply for an internship through the university?,You can apply for internships through the Career Development Center.
What are the extracurricular activities offered on campus?,"Extracurricular activities include student clubs, volunteer programs, and cultural events."
How can I join the university's sports teams?,"To join a sports team, attend the tryouts held at the beginning of each semester."
What is the tuition fee for undergraduate programs?,"The tuition fee for undergraduate programs is $15,000 per year."
How much is the tuition fee for master's programs?,"The tuition fee for master's programs varies by department, averaging $20,000 per year."
When is the admission deadline for the fall semester?,The admission deadline for the fall semester is April 30.
What courses are offered in the Computer Science department?,"Courses offered include Artificial Intelligence, Data Structures, and Algorithms."
Can international students apply for financial aid?,"Yes, international students can apply for need-based financial aid."
Where is the main campus located?,The main campus is located in downtown Cityville.
Is there on-campus housing available?,"Yes, on-campus housing is available for both undergraduate and graduate students."
What are the library hours during exam week?,"During exam week, the library is open 24 hours."
How can I contact the admissions office?,You can contact the admissions office at admissions@university.edu.
Are there any scholarships for international students?,"Yes, there are several scholarships specifically for international students."
What is the GPA requirement for admission?,The GPA requirement for admission is 3.0 on a 4.0 scale.
Is there a student exchange program?,"Yes, the university has partnerships with over 20 institutions worldwide for student exchange."
How can I apply for an internship through the university?,You can apply for internships through the Career Development Center.
What are the extracurricular activities offered on campus?,"Extracurricular activities include student clubs, volunteer programs, and cultural events."
How can I join the university's sports teams?,"To join a sports team, attend the tryouts held at the beginning of each semester."
What is the tuition fee for undergraduate programs?,"The tuition fee for undergraduate programs is $15,000 per year."
How much is the tuition fee for master's programs?,"The tuition fee for master's programs varies by department, averaging $20,000 per year."
When is the admission deadline for the fall semester?,The admission deadline for the fall semester is April 30.
What courses are offered in the Computer Science department?,"Courses offered include Artificial Intelligence, Data Structures, and Algorithms."
Can international students apply for financial aid?,"Yes, international students can apply for need-based financial aid."
Where is the main campus located?,The main campus is located in downtown Cityville.
Is there on-campus housing available?,"Yes, on-campus housing is available for both undergraduate and graduate students."
What are the library hours during exam week?,"During exam week, the library is open 24 hours."
How can I contact the admissions office?,You can contact the admissions office at admissions@university.edu.
Are there any scholarships for international students?,"Yes, there are several scholarships specifically for international students."
What is the GPA requirement for admission?,The GPA requirement for admission is 3.0 on a 4.0 scale.
Is there a student exchange program?,"Yes, the university has partnerships with over 20 institutions worldwide for student exchange."
How can I apply for an internship through the university?,You can apply for internships through the Career Development Center.
What are the extracurricular activities offered on campus?,"Extracurricular activities include student clubs, volunteer programs, and cultural events."
How can I join the university's sports teams?,"To join a sports team, attend the tryouts held at the beginning of each semester."
What is the tuition fee for undergraduate programs?,"The tuition fee for undergraduate programs is $15,000 per year."
How much is the tuition fee for master's programs?,"The tuition fee for master's programs varies by department, averaging $20,000 per year."
When is the admission deadline for the fall semester?,The admission deadline for the fall semester is April 30.
What courses are offered in the Computer Science department?,"Courses offered include Artificial Intelligence, Data Structures, and Algorithms."
Can international students apply for financial aid?,"Yes, international students can apply for need-based financial aid."
Where is the main campus located?,The main campus is located in downtown Cityville.
Is there on-campus housing available?,"Yes, on-campus housing is available for both undergraduate and graduate students."
What are the library hours during exam week?,"During exam week, the library is open 24 hours."
How can I contact the admissions office?,You can contact the admissions office at admissions@university.edu.
Are there any scholarships for international students?,"Yes, there are several scholarships specifically for international students."
What is the GPA requirement for admission?,The GPA requirement for admission is 3.0 on a 4.0 scale.
Is there a student exchange program?,"Yes, the university has partnerships with over 20 institutions worldwide for student exchange."
How can I apply for an internship through the university?,You can apply for internships through the Career Development Center.
What are the extracurricular activities offered on campus?,"Extracurricular activities include student clubs, volunteer programs, and cultural events."
How can I join the university's sports teams?,"To join a sports team, attend the tryouts held at the beginning of each semester."
What is the tuition fee for undergraduate programs?,"The tuition fee for undergraduate programs is $15,000 per year."
How much is the tuition fee for master's programs?,"The tuition fee for master's programs varies by department, averaging $20,000 per year."
When is the admission deadline for the fall semester?,The admission deadline for the fall semester is April 30.
What courses are offered in the Computer Science department?,"Courses offered include Artificial Intelligence, Data Structures, and Algorithms."
Can international students apply for financial aid?,"Yes, international students can apply for need-based financial aid."
Where is the main campus located?,The main campus is located in downtown Cityville.
Is there on-campus housing available?,"Yes, on-campus housing is available for both undergraduate and graduate students."
What are the library hours during exam week?,"During exam week, the library is open 24 hours."
How can I contact the admissions office?,You can contact the admissions office at admissions@university.edu.
Are there any scholarships for international students?,"Yes, there are several scholarships specifically for international students."
What is the GPA requirement for admission?,The GPA requirement for admission is 3.0 on a 4.0 scale.
Is there a student exchange program?,"Yes, the university has partnerships with over 20 institutions worldwide for student exchange."
How can I apply for an internship through the university?,You can apply for internships through the Career Development Center.
What are the extracurricular activities offered on campus?,"Extracurricular activities include student clubs, volunteer programs, and cultural events."
How can I join the university's sports teams?,"To join a sports team, attend the tryouts held at the beginning of each semester."
What is the tuition fee for undergraduate programs?,"The tuition fee for undergraduate programs is $15,000 per year."
How much is the tuition fee for master's programs?,"The tuition fee for master's programs varies by department, averaging $20,000 per year."
When is the admission deadline for the fall semester?,The admission deadline for the fall semester is April 30.
What courses are offered in the Computer Science department?,"Courses offered include Artificial Intelligence, Data Structures, and Algorithms."
Can international students apply for financial aid?,"Yes, international students can apply for need-based financial aid."
Where is the main campus located?,The main campus is located in downtown Cityville.
Is there on-campus housing available?,"Yes, on-campus housing is available for both undergraduate and graduate students."
What are the library hours during exam week?,"During exam week, the library is open 24 hours."
How can I contact the admissions office?,You can contact the admissions office at admissions@university.edu.
Are there any scholarships for international students?,"Yes, there are several scholarships specifically for international students."
What is the GPA requirement for admission?,The GPA requirement for admission is 3.0 on a 4.0 scale.
Is there a student exchange program?,"Yes, the university has partnerships with over 20 institutions worldwide for student exchange."
How can I apply for an internship through the university?,You can apply for internships through the Career Development Center.
What are the extracurricular activities offered on campus?,"Extracurricular activities include student clubs, volunteer programs, and cultural events."
How can I join the university's sports teams?,"To join a sports team, attend the tryouts held at the beginning of each semester."
What is the tuition fee for undergraduate programs?,"The tuition fee for undergraduate programs is $15,000 per year."
How much is the tuition fee for master's programs?,"The tuition fee for master's programs varies by department, averaging $20,000 per year."
When is the admission deadline for the fall semester?,The admission deadline for the fall semester is April 30.
What courses are offered in the Computer Science department?,"Courses offered include Artificial Intelligence, Data Structures, and Algorithms."
Can international students apply for financial aid?,"Yes, international students can apply for need-based financial aid."
Where is the main campus located?,The main campus is located in downtown Cityville.
Is there on-campus housing available?,"Yes, on-campus housing is available for both undergraduate and graduate students."
What are the library hours during exam week?,"During exam week, the library is open 24 hours."
How can I contact the admissions office?,You can contact the admissions office at admissions@university.edu.
Are there any scholarships for international students?,"Yes, there are several scholarships specifically for international students."
What is the GPA requirement for admission?,The GPA requirement for admission is 3.0 on a 4.0 scale.
Is there a student exchange program?,"Yes, the university has partnerships with over 20 institutions worldwide for student exchange."
How can I apply for an internship through the university?,You can apply for internships through the Career Development Center.
What are the extracurricular activities offered on campus?,"Extracurricular activities include student clubs, volunteer programs, and cultural events."
How can I join the university's sports teams?,"To join a sports team, attend the tryouts held at the beginning of each semester."
What is the tuition fee for undergraduate programs?,"The tuition fee for undergraduate programs is $15,000 per year."
How much is the tuition fee for master's programs?,"The tuition fee for master's programs varies by department, averaging $20,000 per year."
When is the admission deadline for the fall semester?,The admission deadline for the fall semester is April 30.
What courses are offered in the Computer Science department?,"Courses offered include Artificial Intelligence, Data Structures, and Algorithms."
Can international students apply for financial aid?,"Yes, international students can apply for need-based financial aid."
Where is the main campus located?,The main campus is located in downtown Cityville.
Is there on-campus housing available?,"Yes, on-campus housing is available for both undergraduate and graduate students."
What are the library hours during exam week?,"During exam week, the library is open 24 hours."
How can I contact the admissions office?,You can contact the admissions office at admissions@university.edu.
Are there any scholarships for international students?,"Yes, there are several scholarships specifically for international students."
What is the GPA requirement for admission?,The GPA requirement for admission is 3.0 on a 4.0 scale.
Is there a student exchange program?,"Yes, the university has partnerships with over 20 institutions worldwide for student exchange."
How can I apply for an internship through the university?,You can apply for internships through the Career Development Center.
What are the extracurricular activities offered on campus?,"Extracurricular activities include student clubs, volunteer programs, and cultural events."
How can I join the university's sports teams?,"To join a sports team, attend the tryouts held at the beginning of each semester."
What is the tuition fee for undergraduate programs?,"The tuition fee for undergraduate programs is $15,000 per year."
How much is the tuition fee for master's programs?,"The tuition fee for master's programs varies by department, averaging $20,000 per year."
When is the admission deadline for the fall semester?,The admission deadline for the fall semester is April 30.
What courses are offered in the Computer Science department?,"Courses offered include Artificial Intelligence, Data Structures, and Algorithms."
Can international students apply for financial aid?,"Yes, international students can apply for need-based financial aid."
Where is the main campus located?,The main campus is located in downtown Cityville.
Is there on-campus housing available?,"Yes, on-campus housing is available for both undergraduate and graduate students."
What are the library hours during exam week?,"During exam week, the library is open 24 hours."
How can I contact the admissions office?,You can contact the admissions office at admissions@university.edu.
Are there any scholarships for international students?,"Yes, there are several scholarships specifically for international students."
What is the GPA requirement for admission?,The GPA requirement for admission is 3.0 on a 4.0 scale.
Is there a student exchange program?,"Yes, the university has partnerships with over 20 institutions worldwide for student exchange."
How can I apply for an internship through the university?,You can apply for internships through the Career Development Center.
What are the extracurricular activities offered on campus?,"Extracurricular activities include student clubs, volunteer programs, and cultural events."
How can I join the university's sports teams?,"To join a sports team, attend the tryouts held at the beginning of each semester."
