Recipe Name,Calories,Protein,Fat,Carbs
Recipe 1,201,11g,6g,31g
Recipe 2,202,12g,7g,32g
Recipe 3,203,13g,8g,33g
Recipe 4,204,14g,9g,34g
Recipe 5,205,15g,10g,35g
Recipe 6,206,16g,11g,36g
Recipe 7,207,17g,12g,37g
Recipe 8,208,18g,13g,38g
Recipe 9,209,19g,14g,39g
Recipe 10,210,20g,5g,40g
Recipe 11,211,21g,6g,41g
Recipe 12,212,22g,7g,42g
Recipe 13,213,23g,8g,43g
Recipe 14,214,24g,9g,44g
Recipe 15,215,25g,10g,45g
Recipe 16,216,26g,11g,46g
Recipe 17,217,27g,12g,47g
Recipe 18,218,28g,13g,48g
Recipe 19,219,29g,14g,49g
Recipe 20,220,10g,5g,50g
Recipe 21,221,11g,6g,51g
Recipe 22,222,12g,7g,52g
Recipe 23,223,13g,8g,53g
Recipe 24,224,14g,9g,54g
Recipe 25,225,15g,10g,55g
Recipe 26,226,16g,11g,56g
Recipe 27,227,17g,12g,57g
Recipe 28,228,18g,13g,58g
Recipe 29,229,19g,14g,59g
Recipe 30,230,20g,5g,60g
Recipe 31,231,21g,6g,61g
Recipe 32,232,22g,7g,62g
Recipe 33,233,23g,8g,63g
Recipe 34,234,24g,9g,64g
Recipe 35,235,25g,10g,65g
Recipe 36,236,26g,11g,66g
Recipe 37,237,27g,12g,67g
Recipe 38,238,28g,13g,68g
Recipe 39,239,29g,14g,69g
Recipe 40,240,10g,5g,70g
Recipe 41,241,11g,6g,71g
Recipe 42,242,12g,7g,72g
Recipe 43,243,13g,8g,73g
Recipe 44,244,14g,9g,74g
Recipe 45,245,15g,10g,75g
Recipe 46,246,16g,11g,76g
Recipe 47,247,17g,12g,77g
Recipe 48,248,18g,13g,78g
Recipe 49,249,19g,14g,79g
Recipe 50,250,20g,5g,30g
Recipe 51,251,21g,6g,31g
Recipe 52,252,22g,7g,32g
Recipe 53,253,23g,8g,33g
Recipe 54,254,24g,9g,34g
Recipe 55,255,25g,10g,35g
Recipe 56,256,26g,11g,36g
Recipe 57,257,27g,12g,37g
Recipe 58,258,28g,13g,38g
Recipe 59,259,29g,14g,39g
Recipe 60,260,10g,5g,40g
Recipe 61,261,11g,6g,41g
Recipe 62,262,12g,7g,42g
Recipe 63,263,13g,8g,43g
Recipe 64,264,14g,9g,44g
Recipe 65,265,15g,10g,45g
Recipe 66,266,16g,11g,46g
Recipe 67,267,17g,12g,47g
Recipe 68,268,18g,13g,48g
Recipe 69,269,19g,14g,49g
Recipe 70,270,20g,5g,50g
Recipe 71,271,21g,6g,51g
Recipe 72,272,22g,7g,52g
Recipe 73,273,23g,8g,53g
Recipe 74,274,24g,9g,54g
Recipe 75,275,25g,10g,55g
Recipe 76,276,26g,11g,56g
Recipe 77,277,27g,12g,57g
Recipe 78,278,28g,13g,58g
Recipe 79,279,29g,14g,59g
Recipe 80,280,10g,5g,60g
Recipe 81,281,11g,6g,61g
Recipe 82,282,12g,7g,62g
Recipe 83,283,13g,8g,63g
Recipe 84,284,14g,9g,64g
Recipe 85,285,15g,10g,65g
Recipe 86,286,16g,11g,66g
Recipe 87,287,17g,12g,67g
Recipe 88,288,18g,13g,68g
Recipe 89,289,19g,14g,69g
Recipe 90,290,20g,5g,70g
Recipe 91,291,21g,6g,71g
Recipe 92,292,22g,7g,72g
Recipe 93,293,23g,8g,73g
Recipe 94,294,24g,9g,74g
Recipe 95,295,25g,10g,75g
Recipe 96,296,26g,11g,76g
Recipe 97,297,27g,12g,77g
Recipe 98,298,28g,13g,78g
Recipe 99,299,29g,14g,79g
Recipe 100,200,10g,5g,30g
Recipe 101,201,11g,6g,31g
Recipe 102,202,12g,7g,32g
Recipe 103,203,13g,8g,33g
Recipe 104,204,14g,9g,34g
Recipe 105,205,15g,10g,35g
Recipe 106,206,16g,11g,36g
Recipe 107,207,17g,12g,37g
Recipe 108,208,18g,13g,38g
Recipe 109,209,19g,14g,39g
Recipe 110,210,20g,5g,40g
Recipe 111,211,21g,6g,41g
Recipe 112,212,22g,7g,42g
Recipe 113,213,23g,8g,43g
Recipe 114,214,24g,9g,44g
Recipe 115,215,25g,10g,45g
Recipe 116,216,26g,11g,46g
Recipe 117,217,27g,12g,47g
Recipe 118,218,28g,13g,48g
Recipe 119,219,29g,14g,49g
Recipe 120,220,10g,5g,50g
Recipe 121,221,11g,6g,51g
Recipe 122,222,12g,7g,52g
Recipe 123,223,13g,8g,53g
Recipe 124,224,14g,9g,54g
Recipe 125,225,15g,10g,55g
Recipe 126,226,16g,11g,56g
Recipe 127,227,17g,12g,57g
Recipe 128,228,18g,13g,58g
Recipe 129,229,19g,14g,59g
Recipe 130,230,20g,5g,60g
Recipe 131,231,21g,6g,61g
Recipe 132,232,22g,7g,62g
Recipe 133,233,23g,8g,63g
Recipe 134,234,24g,9g,64g
Recipe 135,235,25g,10g,65g
Recipe 136,236,26g,11g,66g
Recipe 137,237,27g,12g,67g
Recipe 138,238,28g,13g,68g
Recipe 139,239,29g,14g,69g
Recipe 140,240,10g,5g,70g
Recipe 141,241,11g,6g,71g
Recipe 142,242,12g,7g,72g
Recipe 143,243,13g,8g,73g
Recipe 144,244,14g,9g,74g
Recipe 145,245,15g,10g,75g
Recipe 146,246,16g,11g,76g
Recipe 147,247,17g,12g,77g
Recipe 148,248,18g,13g,78g
Recipe 149,249,19g,14g,79g
Recipe 150,250,20g,5g,30g
Recipe 151,251,21g,6g,31g
Recipe 152,252,22g,7g,32g
Recipe 153,253,23g,8g,33g
Recipe 154,254,24g,9g,34g
Recipe 155,255,25g,10g,35g
Recipe 156,256,26g,11g,36g
Recipe 157,257,27g,12g,37g
Recipe 158,258,28g,13g,38g
Recipe 159,259,29g,14g,39g
Recipe 160,260,10g,5g,40g
Recipe 161,261,11g,6g,41g
Recipe 162,262,12g,7g,42g
Recipe 163,263,13g,8g,43g
Recipe 164,264,14g,9g,44g
Recipe 165,265,15g,10g,45g
Recipe 166,266,16g,11g,46g
Recipe 167,267,17g,12g,47g
Recipe 168,268,18g,13g,48g
Recipe 169,269,19g,14g,49g
Recipe 170,270,20g,5g,50g
Recipe 171,271,21g,6g,51g
Recipe 172,272,22g,7g,52g
Recipe 173,273,23g,8g,53g
Recipe 174,274,24g,9g,54g
Recipe 175,275,25g,10g,55g
Recipe 176,276,26g,11g,56g
Recipe 177,277,27g,12g,57g
Recipe 178,278,28g,13g,58g
Recipe 179,279,29g,14g,59g
Recipe 180,280,10g,5g,60g
Recipe 181,281,11g,6g,61g
Recipe 182,282,12g,7g,62g
Recipe 183,283,13g,8g,63g
Recipe 184,284,14g,9g,64g
Recipe 185,285,15g,10g,65g
Recipe 186,286,16g,11g,66g
Recipe 187,287,17g,12g,67g
Recipe 188,288,18g,13g,68g
Recipe 189,289,19g,14g,69g
Recipe 190,290,20g,5g,70g
Recipe 191,291,21g,6g,71g
Recipe 192,292,22g,7g,72g
Recipe 193,293,23g,8g,73g
Recipe 194,294,24g,9g,74g
Recipe 195,295,25g,10g,75g
Recipe 196,296,26g,11g,76g
Recipe 197,297,27g,12g,77g
Recipe 198,298,28g,13g,78g
Recipe 199,299,29g,14g,79g
Recipe 200,200,10g,5g,30g
Recipe 201,201,11g,6g,31g
Recipe 202,202,12g,7g,32g
Recipe 203,203,13g,8g,33g
Recipe 204,204,14g,9g,34g
Recipe 205,205,15g,10g,35g
Recipe 206,206,16g,11g,36g
Recipe 207,207,17g,12g,37g
Recipe 208,208,18g,13g,38g
Recipe 209,209,19g,14g,39g
Recipe 210,210,20g,5g,40g
Recipe 211,211,21g,6g,41g
Recipe 212,212,22g,7g,42g
Recipe 213,213,23g,8g,43g
Recipe 214,214,24g,9g,44g
Recipe 215,215,25g,10g,45g
Recipe 216,216,26g,11g,46g
Recipe 217,217,27g,12g,47g
Recipe 218,218,28g,13g,48g
Recipe 219,219,29g,14g,49g
Recipe 220,220,10g,5g,50g
Recipe 221,221,11g,6g,51g
Recipe 222,222,12g,7g,52g
Recipe 223,223,13g,8g,53g
Recipe 224,224,14g,9g,54g
Recipe 225,225,15g,10g,55g
Recipe 226,226,16g,11g,56g
Recipe 227,227,17g,12g,57g
Recipe 228,228,18g,13g,58g
Recipe 229,229,19g,14g,59g
Recipe 230,230,20g,5g,60g
Recipe 231,231,21g,6g,61g
Recipe 232,232,22g,7g,62g
Recipe 233,233,23g,8g,63g
Recipe 234,234,24g,9g,64g
Recipe 235,235,25g,10g,65g
Recipe 236,236,26g,11g,66g
Recipe 237,237,27g,12g,67g
Recipe 238,238,28g,13g,68g
Recipe 239,239,29g,14g,69g
Recipe 240,240,10g,5g,70g
Recipe 241,241,11g,6g,71g
Recipe 242,242,12g,7g,72g
Recipe 243,243,13g,8g,73g
Recipe 244,244,14g,9g,74g
Recipe 245,245,15g,10g,75g
Recipe 246,246,16g,11g,76g
Recipe 247,247,17g,12g,77g
Recipe 248,248,18g,13g,78g
Recipe 249,249,19g,14g,79g
Recipe 250,250,20g,5g,30g
Recipe 251,251,21g,6g,31g
Recipe 252,252,22g,7g,32g
Recipe 253,253,23g,8g,33g
Recipe 254,254,24g,9g,34g
Recipe 255,255,25g,10g,35g
Recipe 256,256,26g,11g,36g
Recipe 257,257,27g,12g,37g
Recipe 258,258,28g,13g,38g
Recipe 259,259,29g,14g,39g
Recipe 260,260,10g,5g,40g
Recipe 261,261,11g,6g,41g
Recipe 262,262,12g,7g,42g
Recipe 263,263,13g,8g,43g
Recipe 264,264,14g,9g,44g
Recipe 265,265,15g,10g,45g
Recipe 266,266,16g,11g,46g
Recipe 267,267,17g,12g,47g
Recipe 268,268,18g,13g,48g
Recipe 269,269,19g,14g,49g
Recipe 270,270,20g,5g,50g
Recipe 271,271,21g,6g,51g
Recipe 272,272,22g,7g,52g
Recipe 273,273,23g,8g,53g
Recipe 274,274,24g,9g,54g
Recipe 275,275,25g,10g,55g
Recipe 276,276,26g,11g,56g
Recipe 277,277,27g,12g,57g
Recipe 278,278,28g,13g,58g
Recipe 279,279,29g,14g,59g
Recipe 280,280,10g,5g,60g
Recipe 281,281,11g,6g,61g
Recipe 282,282,12g,7g,62g
Recipe 283,283,13g,8g,63g
Recipe 284,284,14g,9g,64g
Recipe 285,285,15g,10g,65g
Recipe 286,286,16g,11g,66g
Recipe 287,287,17g,12g,67g
Recipe 288,288,18g,13g,68g
Recipe 289,289,19g,14g,69g
Recipe 290,290,20g,5g,70g
Recipe 291,291,21g,6g,71g
Recipe 292,292,22g,7g,72g
Recipe 293,293,23g,8g,73g
Recipe 294,294,24g,9g,74g
Recipe 295,295,25g,10g,75g
Recipe 296,296,26g,11g,76g
Recipe 297,297,27g,12g,77g
Recipe 298,298,28g,13g,78g
Recipe 299,299,29g,14g,79g
Recipe 300,200,10g,5g,30g
Recipe 301,201,11g,6g,31g
Recipe 302,202,12g,7g,32g
Recipe 303,203,13g,8g,33g
Recipe 304,204,14g,9g,34g
Recipe 305,205,15g,10g,35g
Recipe 306,206,16g,11g,36g
Recipe 307,207,17g,12g,37g
Recipe 308,208,18g,13g,38g
Recipe 309,209,19g,14g,39g
Recipe 310,210,20g,5g,40g
Recipe 311,211,21g,6g,41g
Recipe 312,212,22g,7g,42g
Recipe 313,213,23g,8g,43g
Recipe 314,214,24g,9g,44g
Recipe 315,215,25g,10g,45g
Recipe 316,216,26g,11g,46g
Recipe 317,217,27g,12g,47g
Recipe 318,218,28g,13g,48g
Recipe 319,219,29g,14g,49g
Recipe 320,220,10g,5g,50g
Recipe 321,221,11g,6g,51g
Recipe 322,222,12g,7g,52g
Recipe 323,223,13g,8g,53g
Recipe 324,224,14g,9g,54g
Recipe 325,225,15g,10g,55g
Recipe 326,226,16g,11g,56g
Recipe 327,227,17g,12g,57g
Recipe 328,228,18g,13g,58g
Recipe 329,229,19g,14g,59g
Recipe 330,230,20g,5g,60g
Recipe 331,231,21g,6g,61g
Recipe 332,232,22g,7g,62g
Recipe 333,233,23g,8g,63g
Recipe 334,234,24g,9g,64g
Recipe 335,235,25g,10g,65g
Recipe 336,236,26g,11g,66g
Recipe 337,237,27g,12g,67g
Recipe 338,238,28g,13g,68g
Recipe 339,239,29g,14g,69g
Recipe 340,240,10g,5g,70g
Recipe 341,241,11g,6g,71g
Recipe 342,242,12g,7g,72g
Recipe 343,243,13g,8g,73g
Recipe 344,244,14g,9g,74g
Recipe 345,245,15g,10g,75g
Recipe 346,246,16g,11g,76g
Recipe 347,247,17g,12g,77g
Recipe 348,248,18g,13g,78g
Recipe 349,249,19g,14g,79g
Recipe 350,250,20g,5g,30g
Recipe 351,251,21g,6g,31g
Recipe 352,252,22g,7g,32g
Recipe 353,253,23g,8g,33g
Recipe 354,254,24g,9g,34g
Recipe 355,255,25g,10g,35g
Recipe 356,256,26g,11g,36g
Recipe 357,257,27g,12g,37g
Recipe 358,258,28g,13g,38g
Recipe 359,259,29g,14g,39g
Recipe 360,260,10g,5g,40g
Recipe 361,261,11g,6g,41g
Recipe 362,262,12g,7g,42g
Recipe 363,263,13g,8g,43g
Recipe 364,264,14g,9g,44g
Recipe 365,265,15g,10g,45g
Recipe 366,266,16g,11g,46g
Recipe 367,267,17g,12g,47g
Recipe 368,268,18g,13g,48g
Recipe 369,269,19g,14g,49g
Recipe 370,270,20g,5g,50g
Recipe 371,271,21g,6g,51g
Recipe 372,272,22g,7g,52g
Recipe 373,273,23g,8g,53g
Recipe 374,274,24g,9g,54g
Recipe 375,275,25g,10g,55g
Recipe 376,276,26g,11g,56g
Recipe 377,277,27g,12g,57g
Recipe 378,278,28g,13g,58g
Recipe 379,279,29g,14g,59g
Recipe 380,280,10g,5g,60g
Recipe 381,281,11g,6g,61g
Recipe 382,282,12g,7g,62g
Recipe 383,283,13g,8g,63g
Recipe 384,284,14g,9g,64g
Recipe 385,285,15g,10g,65g
Recipe 386,286,16g,11g,66g
Recipe 387,287,17g,12g,67g
Recipe 388,288,18g,13g,68g
Recipe 389,289,19g,14g,69g
Recipe 390,290,20g,5g,70g
Recipe 391,291,21g,6g,71g
Recipe 392,292,22g,7g,72g
Recipe 393,293,23g,8g,73g
Recipe 394,294,24g,9g,74g
Recipe 395,295,25g,10g,75g
Recipe 396,296,26g,11g,76g
Recipe 397,297,27g,12g,77g
Recipe 398,298,28g,13g,78g
Recipe 399,299,29g,14g,79g
Recipe 400,200,10g,5g,30g
Recipe 401,201,11g,6g,31g
Recipe 402,202,12g,7g,32g
Recipe 403,203,13g,8g,33g
Recipe 404,204,14g,9g,34g
Recipe 405,205,15g,10g,35g
Recipe 406,206,16g,11g,36g
Recipe 407,207,17g,12g,37g
Recipe 408,208,18g,13g,38g
Recipe 409,209,19g,14g,39g
Recipe 410,210,20g,5g,40g
Recipe 411,211,21g,6g,41g
Recipe 412,212,22g,7g,42g
Recipe 413,213,23g,8g,43g
Recipe 414,214,24g,9g,44g
Recipe 415,215,25g,10g,45g
Recipe 416,216,26g,11g,46g
Recipe 417,217,27g,12g,47g
Recipe 418,218,28g,13g,48g
Recipe 419,219,29g,14g,49g
Recipe 420,220,10g,5g,50g
Recipe 421,221,11g,6g,51g
Recipe 422,222,12g,7g,52g
Recipe 423,223,13g,8g,53g
Recipe 424,224,14g,9g,54g
Recipe 425,225,15g,10g,55g
Recipe 426,226,16g,11g,56g
Recipe 427,227,17g,12g,57g
Recipe 428,228,18g,13g,58g
Recipe 429,229,19g,14g,59g
Recipe 430,230,20g,5g,60g
Recipe 431,231,21g,6g,61g
Recipe 432,232,22g,7g,62g
Recipe 433,233,23g,8g,63g
Recipe 434,234,24g,9g,64g
Recipe 435,235,25g,10g,65g
Recipe 436,236,26g,11g,66g
Recipe 437,237,27g,12g,67g
Recipe 438,238,28g,13g,68g
Recipe 439,239,29g,14g,69g
Recipe 440,240,10g,5g,70g
Recipe 441,241,11g,6g,71g
Recipe 442,242,12g,7g,72g
Recipe 443,243,13g,8g,73g
Recipe 444,244,14g,9g,74g
Recipe 445,245,15g,10g,75g
Recipe 446,246,16g,11g,76g
Recipe 447,247,17g,12g,77g
Recipe 448,248,18g,13g,78g
Recipe 449,249,19g,14g,79g
Recipe 450,250,20g,5g,30g
Recipe 451,251,21g,6g,31g
Recipe 452,252,22g,7g,32g
Recipe 453,253,23g,8g,33g
Recipe 454,254,24g,9g,34g
Recipe 455,255,25g,10g,35g
Recipe 456,256,26g,11g,36g
Recipe 457,257,27g,12g,37g
Recipe 458,258,28g,13g,38g
Recipe 459,259,29g,14g,39g
Recipe 460,260,10g,5g,40g
Recipe 461,261,11g,6g,41g
Recipe 462,262,12g,7g,42g
Recipe 463,263,13g,8g,43g
Recipe 464,264,14g,9g,44g
Recipe 465,265,15g,10g,45g
Recipe 466,266,16g,11g,46g
Recipe 467,267,17g,12g,47g
Recipe 468,268,18g,13g,48g
Recipe 469,269,19g,14g,49g
Recipe 470,270,20g,5g,50g
Recipe 471,271,21g,6g,51g
Recipe 472,272,22g,7g,52g
Recipe 473,273,23g,8g,53g
Recipe 474,274,24g,9g,54g
Recipe 475,275,25g,10g,55g
Recipe 476,276,26g,11g,56g
Recipe 477,277,27g,12g,57g
Recipe 478,278,28g,13g,58g
Recipe 479,279,29g,14g,59g
Recipe 480,280,10g,5g,60g
Recipe 481,281,11g,6g,61g
Recipe 482,282,12g,7g,62g
Recipe 483,283,13g,8g,63g
Recipe 484,284,14g,9g,64g
Recipe 485,285,15g,10g,65g
Recipe 486,286,16g,11g,66g
Recipe 487,287,17g,12g,67g
Recipe 488,288,18g,13g,68g
Recipe 489,289,19g,14g,69g
Recipe 490,290,20g,5g,70g
Recipe 491,291,21g,6g,71g
Recipe 492,292,22g,7g,72g
Recipe 493,293,23g,8g,73g
Recipe 494,294,24g,9g,74g
Recipe 495,295,25g,10g,75g
Recipe 496,296,26g,11g,76g
Recipe 497,297,27g,12g,77g
Recipe 498,298,28g,13g,78g
Recipe 499,299,29g,14g,79g
Recipe 500,200,10g,5g,30g
Recipe 501,201,11g,6g,31g
Recipe 502,202,12g,7g,32g
Recipe 503,203,13g,8g,33g
Recipe 504,204,14g,9g,34g
Recipe 505,205,15g,10g,35g
Recipe 506,206,16g,11g,36g
Recipe 507,207,17g,12g,37g
Recipe 508,208,18g,13g,38g
Recipe 509,209,19g,14g,39g
Recipe 510,210,20g,5g,40g
Recipe 511,211,21g,6g,41g
Recipe 512,212,22g,7g,42g
Recipe 513,213,23g,8g,43g
Recipe 514,214,24g,9g,44g
Recipe 515,215,25g,10g,45g
Recipe 516,216,26g,11g,46g
Recipe 517,217,27g,12g,47g
Recipe 518,218,28g,13g,48g
Recipe 519,219,29g,14g,49g
Recipe 520,220,10g,5g,50g
Recipe 521,221,11g,6g,51g
Recipe 522,222,12g,7g,52g
Recipe 523,223,13g,8g,53g
Recipe 524,224,14g,9g,54g
Recipe 525,225,15g,10g,55g
Recipe 526,226,16g,11g,56g
Recipe 527,227,17g,12g,57g
Recipe 528,228,18g,13g,58g
Recipe 529,229,19g,14g,59g
Recipe 530,230,20g,5g,60g
Recipe 531,231,21g,6g,61g
Recipe 532,232,22g,7g,62g
Recipe 533,233,23g,8g,63g
Recipe 534,234,24g,9g,64g
Recipe 535,235,25g,10g,65g
Recipe 536,236,26g,11g,66g
Recipe 537,237,27g,12g,67g
Recipe 538,238,28g,13g,68g
Recipe 539,239,29g,14g,69g
Recipe 540,240,10g,5g,70g
Recipe 541,241,11g,6g,71g
Recipe 542,242,12g,7g,72g
Recipe 543,243,13g,8g,73g
Recipe 544,244,14g,9g,74g
Recipe 545,245,15g,10g,75g
Recipe 546,246,16g,11g,76g
Recipe 547,247,17g,12g,77g
Recipe 548,248,18g,13g,78g
Recipe 549,249,19g,14g,79g
Recipe 550,250,20g,5g,30g
Recipe 551,251,21g,6g,31g
Recipe 552,252,22g,7g,32g
Recipe 553,253,23g,8g,33g
Recipe 554,254,24g,9g,34g
Recipe 555,255,25g,10g,35g
Recipe 556,256,26g,11g,36g
Recipe 557,257,27g,12g,37g
Recipe 558,258,28g,13g,38g
Recipe 559,259,29g,14g,39g
Recipe 560,260,10g,5g,40g
Recipe 561,261,11g,6g,41g
Recipe 562,262,12g,7g,42g
Recipe 563,263,13g,8g,43g
Recipe 564,264,14g,9g,44g
Recipe 565,265,15g,10g,45g
Recipe 566,266,16g,11g,46g
Recipe 567,267,17g,12g,47g
Recipe 568,268,18g,13g,48g
Recipe 569,269,19g,14g,49g
Recipe 570,270,20g,5g,50g
Recipe 571,271,21g,6g,51g
Recipe 572,272,22g,7g,52g
Recipe 573,273,23g,8g,53g
Recipe 574,274,24g,9g,54g
Recipe 575,275,25g,10g,55g
Recipe 576,276,26g,11g,56g
Recipe 577,277,27g,12g,57g
Recipe 578,278,28g,13g,58g
Recipe 579,279,29g,14g,59g
Recipe 580,280,10g,5g,60g
Recipe 581,281,11g,6g,61g
Recipe 582,282,12g,7g,62g
Recipe 583,283,13g,8g,63g
Recipe 584,284,14g,9g,64g
Recipe 585,285,15g,10g,65g
Recipe 586,286,16g,11g,66g
Recipe 587,287,17g,12g,67g
Recipe 588,288,18g,13g,68g
Recipe 589,289,19g,14g,69g
Recipe 590,290,20g,5g,70g
Recipe 591,291,21g,6g,71g
Recipe 592,292,22g,7g,72g
Recipe 593,293,23g,8g,73g
Recipe 594,294,24g,9g,74g
Recipe 595,295,25g,10g,75g
Recipe 596,296,26g,11g,76g
Recipe 597,297,27g,12g,77g
Recipe 598,298,28g,13g,78g
Recipe 599,299,29g,14g,79g
Recipe 600,200,10g,5g,30g
Recipe 601,201,11g,6g,31g
Recipe 602,202,12g,7g,32g
Recipe 603,203,13g,8g,33g
Recipe 604,204,14g,9g,34g
Recipe 605,205,15g,10g,35g
Recipe 606,206,16g,11g,36g
Recipe 607,207,17g,12g,37g
Recipe 608,208,18g,13g,38g
Recipe 609,209,19g,14g,39g
Recipe 610,210,20g,5g,40g
Recipe 611,211,21g,6g,41g
Recipe 612,212,22g,7g,42g
Recipe 613,213,23g,8g,43g
Recipe 614,214,24g,9g,44g
Recipe 615,215,25g,10g,45g
Recipe 616,216,26g,11g,46g
Recipe 617,217,27g,12g,47g
Recipe 618,218,28g,13g,48g
Recipe 619,219,29g,14g,49g
Recipe 620,220,10g,5g,50g
Recipe 621,221,11g,6g,51g
Recipe 622,222,12g,7g,52g
Recipe 623,223,13g,8g,53g
Recipe 624,224,14g,9g,54g
Recipe 625,225,15g,10g,55g
Recipe 626,226,16g,11g,56g
Recipe 627,227,17g,12g,57g
Recipe 628,228,18g,13g,58g
Recipe 629,229,19g,14g,59g
Recipe 630,230,20g,5g,60g
Recipe 631,231,21g,6g,61g
Recipe 632,232,22g,7g,62g
Recipe 633,233,23g,8g,63g
Recipe 634,234,24g,9g,64g
Recipe 635,235,25g,10g,65g
Recipe 636,236,26g,11g,66g
Recipe 637,237,27g,12g,67g
Recipe 638,238,28g,13g,68g
Recipe 639,239,29g,14g,69g
Recipe 640,240,10g,5g,70g
Recipe 641,241,11g,6g,71g
Recipe 642,242,12g,7g,72g
Recipe 643,243,13g,8g,73g
Recipe 644,244,14g,9g,74g
Recipe 645,245,15g,10g,75g
Recipe 646,246,16g,11g,76g
Recipe 647,247,17g,12g,77g
Recipe 648,248,18g,13g,78g
Recipe 649,249,19g,14g,79g
Recipe 650,250,20g,5g,30g
Recipe 651,251,21g,6g,31g
Recipe 652,252,22g,7g,32g
Recipe 653,253,23g,8g,33g
Recipe 654,254,24g,9g,34g
Recipe 655,255,25g,10g,35g
Recipe 656,256,26g,11g,36g
Recipe 657,257,27g,12g,37g
Recipe 658,258,28g,13g,38g
Recipe 659,259,29g,14g,39g
Recipe 660,260,10g,5g,40g
Recipe 661,261,11g,6g,41g
Recipe 662,262,12g,7g,42g
Recipe 663,263,13g,8g,43g
Recipe 664,264,14g,9g,44g
Recipe 665,265,15g,10g,45g
Recipe 666,266,16g,11g,46g
Recipe 667,267,17g,12g,47g
Recipe 668,268,18g,13g,48g
Recipe 669,269,19g,14g,49g
Recipe 670,270,20g,5g,50g
Recipe 671,271,21g,6g,51g
Recipe 672,272,22g,7g,52g
Recipe 673,273,23g,8g,53g
Recipe 674,274,24g,9g,54g
Recipe 675,275,25g,10g,55g
Recipe 676,276,26g,11g,56g
Recipe 677,277,27g,12g,57g
Recipe 678,278,28g,13g,58g
Recipe 679,279,29g,14g,59g
Recipe 680,280,10g,5g,60g
Recipe 681,281,11g,6g,61g
Recipe 682,282,12g,7g,62g
Recipe 683,283,13g,8g,63g
Recipe 684,284,14g,9g,64g
Recipe 685,285,15g,10g,65g
Recipe 686,286,16g,11g,66g
Recipe 687,287,17g,12g,67g
Recipe 688,288,18g,13g,68g
Recipe 689,289,19g,14g,69g
Recipe 690,290,20g,5g,70g
Recipe 691,291,21g,6g,71g
Recipe 692,292,22g,7g,72g
Recipe 693,293,23g,8g,73g
Recipe 694,294,24g,9g,74g
Recipe 695,295,25g,10g,75g
Recipe 696,296,26g,11g,76g
Recipe 697,297,27g,12g,77g
Recipe 698,298,28g,13g,78g
Recipe 699,299,29g,14g,79g
Recipe 700,200,10g,5g,30g
Recipe 701,201,11g,6g,31g
Recipe 702,202,12g,7g,32g
Recipe 703,203,13g,8g,33g
Recipe 704,204,14g,9g,34g
Recipe 705,205,15g,10g,35g
Recipe 706,206,16g,11g,36g
Recipe 707,207,17g,12g,37g
Recipe 708,208,18g,13g,38g
Recipe 709,209,19g,14g,39g
Recipe 710,210,20g,5g,40g
Recipe 711,211,21g,6g,41g
Recipe 712,212,22g,7g,42g
Recipe 713,213,23g,8g,43g
Recipe 714,214,24g,9g,44g
Recipe 715,215,25g,10g,45g
Recipe 716,216,26g,11g,46g
Recipe 717,217,27g,12g,47g
Recipe 718,218,28g,13g,48g
Recipe 719,219,29g,14g,49g
Recipe 720,220,10g,5g,50g
Recipe 721,221,11g,6g,51g
Recipe 722,222,12g,7g,52g
Recipe 723,223,13g,8g,53g
Recipe 724,224,14g,9g,54g
Recipe 725,225,15g,10g,55g
Recipe 726,226,16g,11g,56g
Recipe 727,227,17g,12g,57g
Recipe 728,228,18g,13g,58g
Recipe 729,229,19g,14g,59g
Recipe 730,230,20g,5g,60g
Recipe 731,231,21g,6g,61g
Recipe 732,232,22g,7g,62g
Recipe 733,233,23g,8g,63g
Recipe 734,234,24g,9g,64g
Recipe 735,235,25g,10g,65g
Recipe 736,236,26g,11g,66g
Recipe 737,237,27g,12g,67g
Recipe 738,238,28g,13g,68g
Recipe 739,239,29g,14g,69g
Recipe 740,240,10g,5g,70g
Recipe 741,241,11g,6g,71g
Recipe 742,242,12g,7g,72g
Recipe 743,243,13g,8g,73g
Recipe 744,244,14g,9g,74g
Recipe 745,245,15g,10g,75g
Recipe 746,246,16g,11g,76g
Recipe 747,247,17g,12g,77g
Recipe 748,248,18g,13g,78g
Recipe 749,249,19g,14g,79g
Recipe 750,250,20g,5g,30g
Recipe 751,251,21g,6g,31g
Recipe 752,252,22g,7g,32g
Recipe 753,253,23g,8g,33g
Recipe 754,254,24g,9g,34g
Recipe 755,255,25g,10g,35g
Recipe 756,256,26g,11g,36g
Recipe 757,257,27g,12g,37g
Recipe 758,258,28g,13g,38g
Recipe 759,259,29g,14g,39g
Recipe 760,260,10g,5g,40g
Recipe 761,261,11g,6g,41g
Recipe 762,262,12g,7g,42g
Recipe 763,263,13g,8g,43g
Recipe 764,264,14g,9g,44g
Recipe 765,265,15g,10g,45g
Recipe 766,266,16g,11g,46g
Recipe 767,267,17g,12g,47g
Recipe 768,268,18g,13g,48g
Recipe 769,269,19g,14g,49g
Recipe 770,270,20g,5g,50g
Recipe 771,271,21g,6g,51g
Recipe 772,272,22g,7g,52g
Recipe 773,273,23g,8g,53g
Recipe 774,274,24g,9g,54g
Recipe 775,275,25g,10g,55g
Recipe 776,276,26g,11g,56g
Recipe 777,277,27g,12g,57g
Recipe 778,278,28g,13g,58g
Recipe 779,279,29g,14g,59g
Recipe 780,280,10g,5g,60g
Recipe 781,281,11g,6g,61g
Recipe 782,282,12g,7g,62g
Recipe 783,283,13g,8g,63g
Recipe 784,284,14g,9g,64g
Recipe 785,285,15g,10g,65g
Recipe 786,286,16g,11g,66g
Recipe 787,287,17g,12g,67g
Recipe 788,288,18g,13g,68g
Recipe 789,289,19g,14g,69g
Recipe 790,290,20g,5g,70g
Recipe 791,291,21g,6g,71g
Recipe 792,292,22g,7g,72g
Recipe 793,293,23g,8g,73g
Recipe 794,294,24g,9g,74g
Recipe 795,295,25g,10g,75g
Recipe 796,296,26g,11g,76g
Recipe 797,297,27g,12g,77g
Recipe 798,298,28g,13g,78g
Recipe 799,299,29g,14g,79g
Recipe 800,200,10g,5g,30g
Recipe 801,201,11g,6g,31g
Recipe 802,202,12g,7g,32g
Recipe 803,203,13g,8g,33g
Recipe 804,204,14g,9g,34g
Recipe 805,205,15g,10g,35g
Recipe 806,206,16g,11g,36g
Recipe 807,207,17g,12g,37g
Recipe 808,208,18g,13g,38g
Recipe 809,209,19g,14g,39g
Recipe 810,210,20g,5g,40g
Recipe 811,211,21g,6g,41g
Recipe 812,212,22g,7g,42g
Recipe 813,213,23g,8g,43g
Recipe 814,214,24g,9g,44g
Recipe 815,215,25g,10g,45g
Recipe 816,216,26g,11g,46g
Recipe 817,217,27g,12g,47g
Recipe 818,218,28g,13g,48g
Recipe 819,219,29g,14g,49g
Recipe 820,220,10g,5g,50g
Recipe 821,221,11g,6g,51g
Recipe 822,222,12g,7g,52g
Recipe 823,223,13g,8g,53g
Recipe 824,224,14g,9g,54g
Recipe 825,225,15g,10g,55g
Recipe 826,226,16g,11g,56g
Recipe 827,227,17g,12g,57g
Recipe 828,228,18g,13g,58g
Recipe 829,229,19g,14g,59g
Recipe 830,230,20g,5g,60g
Recipe 831,231,21g,6g,61g
Recipe 832,232,22g,7g,62g
Recipe 833,233,23g,8g,63g
Recipe 834,234,24g,9g,64g
Recipe 835,235,25g,10g,65g
Recipe 836,236,26g,11g,66g
Recipe 837,237,27g,12g,67g
Recipe 838,238,28g,13g,68g
Recipe 839,239,29g,14g,69g
Recipe 840,240,10g,5g,70g
Recipe 841,241,11g,6g,71g
Recipe 842,242,12g,7g,72g
Recipe 843,243,13g,8g,73g
Recipe 844,244,14g,9g,74g
Recipe 845,245,15g,10g,75g
Recipe 846,246,16g,11g,76g
Recipe 847,247,17g,12g,77g
Recipe 848,248,18g,13g,78g
Recipe 849,249,19g,14g,79g
Recipe 850,250,20g,5g,30g
Recipe 851,251,21g,6g,31g
Recipe 852,252,22g,7g,32g
Recipe 853,253,23g,8g,33g
Recipe 854,254,24g,9g,34g
Recipe 855,255,25g,10g,35g
Recipe 856,256,26g,11g,36g
Recipe 857,257,27g,12g,37g
Recipe 858,258,28g,13g,38g
Recipe 859,259,29g,14g,39g
Recipe 860,260,10g,5g,40g
Recipe 861,261,11g,6g,41g
Recipe 862,262,12g,7g,42g
Recipe 863,263,13g,8g,43g
Recipe 864,264,14g,9g,44g
Recipe 865,265,15g,10g,45g
Recipe 866,266,16g,11g,46g
Recipe 867,267,17g,12g,47g
Recipe 868,268,18g,13g,48g
Recipe 869,269,19g,14g,49g
Recipe 870,270,20g,5g,50g
Recipe 871,271,21g,6g,51g
Recipe 872,272,22g,7g,52g
Recipe 873,273,23g,8g,53g
Recipe 874,274,24g,9g,54g
Recipe 875,275,25g,10g,55g
Recipe 876,276,26g,11g,56g
Recipe 877,277,27g,12g,57g
Recipe 878,278,28g,13g,58g
Recipe 879,279,29g,14g,59g
Recipe 880,280,10g,5g,60g
Recipe 881,281,11g,6g,61g
Recipe 882,282,12g,7g,62g
Recipe 883,283,13g,8g,63g
Recipe 884,284,14g,9g,64g
Recipe 885,285,15g,10g,65g
Recipe 886,286,16g,11g,66g
Recipe 887,287,17g,12g,67g
Recipe 888,288,18g,13g,68g
Recipe 889,289,19g,14g,69g
Recipe 890,290,20g,5g,70g
Recipe 891,291,21g,6g,71g
Recipe 892,292,22g,7g,72g
Recipe 893,293,23g,8g,73g
Recipe 894,294,24g,9g,74g
Recipe 895,295,25g,10g,75g
Recipe 896,296,26g,11g,76g
Recipe 897,297,27g,12g,77g
Recipe 898,298,28g,13g,78g
Recipe 899,299,29g,14g,79g
Recipe 900,200,10g,5g,30g
Recipe 901,201,11g,6g,31g
Recipe 902,202,12g,7g,32g
Recipe 903,203,13g,8g,33g
Recipe 904,204,14g,9g,34g
Recipe 905,205,15g,10g,35g
Recipe 906,206,16g,11g,36g
Recipe 907,207,17g,12g,37g
Recipe 908,208,18g,13g,38g
Recipe 909,209,19g,14g,39g
Recipe 910,210,20g,5g,40g
Recipe 911,211,21g,6g,41g
Recipe 912,212,22g,7g,42g
Recipe 913,213,23g,8g,43g
Recipe 914,214,24g,9g,44g
Recipe 915,215,25g,10g,45g
Recipe 916,216,26g,11g,46g
Recipe 917,217,27g,12g,47g
Recipe 918,218,28g,13g,48g
Recipe 919,219,29g,14g,49g
Recipe 920,220,10g,5g,50g
Recipe 921,221,11g,6g,51g
Recipe 922,222,12g,7g,52g
Recipe 923,223,13g,8g,53g
Recipe 924,224,14g,9g,54g
Recipe 925,225,15g,10g,55g
Recipe 926,226,16g,11g,56g
Recipe 927,227,17g,12g,57g
Recipe 928,228,18g,13g,58g
Recipe 929,229,19g,14g,59g
Recipe 930,230,20g,5g,60g
Recipe 931,231,21g,6g,61g
Recipe 932,232,22g,7g,62g
Recipe 933,233,23g,8g,63g
Recipe 934,234,24g,9g,64g
Recipe 935,235,25g,10g,65g
Recipe 936,236,26g,11g,66g
Recipe 937,237,27g,12g,67g
Recipe 938,238,28g,13g,68g
Recipe 939,239,29g,14g,69g
Recipe 940,240,10g,5g,70g
Recipe 941,241,11g,6g,71g
Recipe 942,242,12g,7g,72g
Recipe 943,243,13g,8g,73g
Recipe 944,244,14g,9g,74g
Recipe 945,245,15g,10g,75g
Recipe 946,246,16g,11g,76g
Recipe 947,247,17g,12g,77g
Recipe 948,248,18g,13g,78g
Recipe 949,249,19g,14g,79g
Recipe 950,250,20g,5g,30g
Recipe 951,251,21g,6g,31g
Recipe 952,252,22g,7g,32g
Recipe 953,253,23g,8g,33g
Recipe 954,254,24g,9g,34g
Recipe 955,255,25g,10g,35g
Recipe 956,256,26g,11g,36g
Recipe 957,257,27g,12g,37g
Recipe 958,258,28g,13g,38g
Recipe 959,259,29g,14g,39g
Recipe 960,260,10g,5g,40g
Recipe 961,261,11g,6g,41g
Recipe 962,262,12g,7g,42g
Recipe 963,263,13g,8g,43g
Recipe 964,264,14g,9g,44g
Recipe 965,265,15g,10g,45g
Recipe 966,266,16g,11g,46g
Recipe 967,267,17g,12g,47g
Recipe 968,268,18g,13g,48g
Recipe 969,269,19g,14g,49g
Recipe 970,270,20g,5g,50g
Recipe 971,271,21g,6g,51g
Recipe 972,272,22g,7g,52g
Recipe 973,273,23g,8g,53g
Recipe 974,274,24g,9g,54g
Recipe 975,275,25g,10g,55g
Recipe 976,276,26g,11g,56g
Recipe 977,277,27g,12g,57g
Recipe 978,278,28g,13g,58g
Recipe 979,279,29g,14g,59g
Recipe 980,280,10g,5g,60g
Recipe 981,281,11g,6g,61g
Recipe 982,282,12g,7g,62g
Recipe 983,283,13g,8g,63g
Recipe 984,284,14g,9g,64g
Recipe 985,285,15g,10g,65g
Recipe 986,286,16g,11g,66g
Recipe 987,287,17g,12g,67g
Recipe 988,288,18g,13g,68g
Recipe 989,289,19g,14g,69g
Recipe 990,290,20g,5g,70g
Recipe 991,291,21g,6g,71g
Recipe 992,292,22g,7g,72g
Recipe 993,293,23g,8g,73g
Recipe 994,294,24g,9g,74g
Recipe 995,295,25g,10g,75g
Recipe 996,296,26g,11g,76g
Recipe 997,297,27g,12g,77g
Recipe 998,298,28g,13g,78g
Recipe 999,299,29g,14g,79g
Recipe 1000,200,10g,5g,30g
