Product Name,Category,Price,Availability,Description
Product 1,Electronics,$60,In Stock,Description for Product 1
Product 2,Clothing,$70,Out of Stock,Description for Product 2
Product 3,Home Appliances,$80,In Stock,Description for Product 3
Product 4,Books,$90,Out of Stock,Description for Product 4
Product 5,Toys,$100,In Stock,Description for Product 5
Product 6,Electronics,$110,Out of Stock,Description for Product 6
Product 7,Clothing,$120,In Stock,Description for Product 7
Product 8,Home Appliances,$130,Out of Stock,Description for Product 8
Product 9,Books,$140,In Stock,Description for Product 9
Product 10,Toys,$150,Out of Stock,Description for Product 10
Product 11,Electronics,$160,In Stock,Description for Product 11
Product 12,Clothing,$170,Out of Stock,Description for Product 12
Product 13,Home Appliances,$180,In Stock,Description for Product 13
Product 14,Books,$190,Out of Stock,Description for Product 14
Product 15,Toys,$200,In Stock,Description for Product 15
Product 16,Electronics,$210,Out of Stock,Description for Product 16
Product 17,Clothing,$220,In Stock,Description for Product 17
Product 18,Home Appliances,$230,Out of Stock,Description for Product 18
Product 19,Books,$240,In Stock,Description for Product 19
Product 20,Toys,$250,Out of Stock,Description for Product 20
Product 21,Electronics,$260,In Stock,Description for Product 21
Product 22,Clothing,$270,Out of Stock,Description for Product 22
Product 23,Home Appliances,$280,In Stock,Description for Product 23
Product 24,Books,$290,Out of Stock,Description for Product 24
Product 25,Toys,$300,In Stock,Description for Product 25
Product 26,Electronics,$310,Out of Stock,Description for Product 26
Product 27,Clothing,$320,In Stock,Description for Product 27
Product 28,Home Appliances,$330,Out of Stock,Description for Product 28
Product 29,Books,$340,In Stock,Description for Product 29
Product 30,Toys,$350,Out of Stock,Description for Product 30
Product 31,Electronics,$360,In Stock,Description for Product 31
Product 32,Clothing,$370,Out of Stock,Description for Product 32
Product 33,Home Appliances,$380,In Stock,Description for Product 33
Product 34,Books,$390,Out of Stock,Description for Product 34
Product 35,Toys,$400,In Stock,Description for Product 35
Product 36,Electronics,$410,Out of Stock,Description for Product 36
Product 37,Clothing,$420,In Stock,Description for Product 37
Product 38,Home Appliances,$430,Out of Stock,Description for Product 38
Product 39,Books,$440,In Stock,Description for Product 39
Product 40,Toys,$450,Out of Stock,Description for Product 40
Product 41,Electronics,$460,In Stock,Description for Product 41
Product 42,Clothing,$470,Out of Stock,Description for Product 42
Product 43,Home Appliances,$480,In Stock,Description for Product 43
Product 44,Books,$490,Out of Stock,Description for Product 44
Product 45,Toys,$500,In Stock,Description for Product 45
Product 46,Electronics,$510,Out of Stock,Description for Product 46
Product 47,Clothing,$520,In Stock,Description for Product 47
Product 48,Home Appliances,$530,Out of Stock,Description for Product 48
Product 49,Books,$540,In Stock,Description for Product 49
Product 50,Toys,$550,Out of Stock,Description for Product 50
Product 51,Electronics,$560,In Stock,Description for Product 51
Product 52,Clothing,$570,Out of Stock,Description for Product 52
Product 53,Home Appliances,$580,In Stock,Description for Product 53
Product 54,Books,$590,Out of Stock,Description for Product 54
Product 55,Toys,$600,In Stock,Description for Product 55
Product 56,Electronics,$610,Out of Stock,Description for Product 56
Product 57,Clothing,$620,In Stock,Description for Product 57
Product 58,Home Appliances,$630,Out of Stock,Description for Product 58
Product 59,Books,$640,In Stock,Description for Product 59
Product 60,Toys,$650,Out of Stock,Description for Product 60
Product 61,Electronics,$660,In Stock,Description for Product 61
Product 62,Clothing,$670,Out of Stock,Description for Product 62
Product 63,Home Appliances,$680,In Stock,Description for Product 63
Product 64,Books,$690,Out of Stock,Description for Product 64
Product 65,Toys,$700,In Stock,Description for Product 65
Product 66,Electronics,$710,Out of Stock,Description for Product 66
Product 67,Clothing,$720,In Stock,Description for Product 67
Product 68,Home Appliances,$730,Out of Stock,Description for Product 68
Product 69,Books,$740,In Stock,Description for Product 69
Product 70,Toys,$750,Out of Stock,Description for Product 70
Product 71,Electronics,$760,In Stock,Description for Product 71
Product 72,Clothing,$770,Out of Stock,Description for Product 72
Product 73,Home Appliances,$780,In Stock,Description for Product 73
Product 74,Books,$790,Out of Stock,Description for Product 74
Product 75,Toys,$800,In Stock,Description for Product 75
Product 76,Electronics,$810,Out of Stock,Description for Product 76
Product 77,Clothing,$820,In Stock,Description for Product 77
Product 78,Home Appliances,$830,Out of Stock,Description for Product 78
Product 79,Books,$840,In Stock,Description for Product 79
Product 80,Toys,$850,Out of Stock,Description for Product 80
Product 81,Electronics,$860,In Stock,Description for Product 81
Product 82,Clothing,$870,Out of Stock,Description for Product 82
Product 83,Home Appliances,$880,In Stock,Description for Product 83
Product 84,Books,$890,Out of Stock,Description for Product 84
Product 85,Toys,$900,In Stock,Description for Product 85
Product 86,Electronics,$910,Out of Stock,Description for Product 86
Product 87,Clothing,$920,In Stock,Description for Product 87
Product 88,Home Appliances,$930,Out of Stock,Description for Product 88
Product 89,Books,$940,In Stock,Description for Product 89
Product 90,Toys,$950,Out of Stock,Description for Product 90
Product 91,Electronics,$960,In Stock,Description for Product 91
Product 92,Clothing,$970,Out of Stock,Description for Product 92
Product 93,Home Appliances,$980,In Stock,Description for Product 93
Product 94,Books,$990,Out of Stock,Description for Product 94
Product 95,Toys,$1000,In Stock,Description for Product 95
Product 96,Electronics,$1010,Out of Stock,Description for Product 96
Product 97,Clothing,$1020,In Stock,Description for Product 97
Product 98,Home Appliances,$1030,Out of Stock,Description for Product 98
Product 99,Books,$1040,In Stock,Description for Product 99
Product 100,Toys,$1050,Out of Stock,Description for Product 100
Product 101,Electronics,$1060,In Stock,Description for Product 101
Product 102,Clothing,$1070,Out of Stock,Description for Product 102
Product 103,Home Appliances,$1080,In Stock,Description for Product 103
Product 104,Books,$1090,Out of Stock,Description for Product 104
Product 105,Toys,$1100,In Stock,Description for Product 105
Product 106,Electronics,$1110,Out of Stock,Description for Product 106
Product 107,Clothing,$1120,In Stock,Description for Product 107
Product 108,Home Appliances,$1130,Out of Stock,Description for Product 108
Product 109,Books,$1140,In Stock,Description for Product 109
Product 110,Toys,$1150,Out of Stock,Description for Product 110
Product 111,Electronics,$1160,In Stock,Description for Product 111
Product 112,Clothing,$1170,Out of Stock,Description for Product 112
Product 113,Home Appliances,$1180,In Stock,Description for Product 113
Product 114,Books,$1190,Out of Stock,Description for Product 114
Product 115,Toys,$1200,In Stock,Description for Product 115
Product 116,Electronics,$1210,Out of Stock,Description for Product 116
Product 117,Clothing,$1220,In Stock,Description for Product 117
Product 118,Home Appliances,$1230,Out of Stock,Description for Product 118
Product 119,Books,$1240,In Stock,Description for Product 119
Product 120,Toys,$1250,Out of Stock,Description for Product 120
Product 121,Electronics,$1260,In Stock,Description for Product 121
Product 122,Clothing,$1270,Out of Stock,Description for Product 122
Product 123,Home Appliances,$1280,In Stock,Description for Product 123
Product 124,Books,$1290,Out of Stock,Description for Product 124
Product 125,Toys,$1300,In Stock,Description for Product 125
Product 126,Electronics,$1310,Out of Stock,Description for Product 126
Product 127,Clothing,$1320,In Stock,Description for Product 127
Product 128,Home Appliances,$1330,Out of Stock,Description for Product 128
Product 129,Books,$1340,In Stock,Description for Product 129
Product 130,Toys,$1350,Out of Stock,Description for Product 130
Product 131,Electronics,$1360,In Stock,Description for Product 131
Product 132,Clothing,$1370,Out of Stock,Description for Product 132
Product 133,Home Appliances,$1380,In Stock,Description for Product 133
Product 134,Books,$1390,Out of Stock,Description for Product 134
Product 135,Toys,$1400,In Stock,Description for Product 135
Product 136,Electronics,$1410,Out of Stock,Description for Product 136
Product 137,Clothing,$1420,In Stock,Description for Product 137
Product 138,Home Appliances,$1430,Out of Stock,Description for Product 138
Product 139,Books,$1440,In Stock,Description for Product 139
Product 140,Toys,$1450,Out of Stock,Description for Product 140
Product 141,Electronics,$1460,In Stock,Description for Product 141
Product 142,Clothing,$1470,Out of Stock,Description for Product 142
Product 143,Home Appliances,$1480,In Stock,Description for Product 143
Product 144,Books,$1490,Out of Stock,Description for Product 144
Product 145,Toys,$1500,In Stock,Description for Product 145
Product 146,Electronics,$1510,Out of Stock,Description for Product 146
Product 147,Clothing,$1520,In Stock,Description for Product 147
Product 148,Home Appliances,$1530,Out of Stock,Description for Product 148
Product 149,Books,$1540,In Stock,Description for Product 149
Product 150,Toys,$1550,Out of Stock,Description for Product 150
Product 151,Electronics,$1560,In Stock,Description for Product 151
Product 152,Clothing,$1570,Out of Stock,Description for Product 152
Product 153,Home Appliances,$1580,In Stock,Description for Product 153
Product 154,Books,$1590,Out of Stock,Description for Product 154
Product 155,Toys,$1600,In Stock,Description for Product 155
Product 156,Electronics,$1610,Out of Stock,Description for Product 156
Product 157,Clothing,$1620,In Stock,Description for Product 157
Product 158,Home Appliances,$1630,Out of Stock,Description for Product 158
Product 159,Books,$1640,In Stock,Description for Product 159
Product 160,Toys,$1650,Out of Stock,Description for Product 160
Product 161,Electronics,$1660,In Stock,Description for Product 161
Product 162,Clothing,$1670,Out of Stock,Description for Product 162
Product 163,Home Appliances,$1680,In Stock,Description for Product 163
Product 164,Books,$1690,Out of Stock,Description for Product 164
Product 165,Toys,$1700,In Stock,Description for Product 165
Product 166,Electronics,$1710,Out of Stock,Description for Product 166
Product 167,Clothing,$1720,In Stock,Description for Product 167
Product 168,Home Appliances,$1730,Out of Stock,Description for Product 168
Product 169,Books,$1740,In Stock,Description for Product 169
Product 170,Toys,$1750,Out of Stock,Description for Product 170
Product 171,Electronics,$1760,In Stock,Description for Product 171
Product 172,Clothing,$1770,Out of Stock,Description for Product 172
Product 173,Home Appliances,$1780,In Stock,Description for Product 173
Product 174,Books,$1790,Out of Stock,Description for Product 174
Product 175,Toys,$1800,In Stock,Description for Product 175
Product 176,Electronics,$1810,Out of Stock,Description for Product 176
Product 177,Clothing,$1820,In Stock,Description for Product 177
Product 178,Home Appliances,$1830,Out of Stock,Description for Product 178
Product 179,Books,$1840,In Stock,Description for Product 179
Product 180,Toys,$1850,Out of Stock,Description for Product 180
Product 181,Electronics,$1860,In Stock,Description for Product 181
Product 182,Clothing,$1870,Out of Stock,Description for Product 182
Product 183,Home Appliances,$1880,In Stock,Description for Product 183
Product 184,Books,$1890,Out of Stock,Description for Product 184
Product 185,Toys,$1900,In Stock,Description for Product 185
Product 186,Electronics,$1910,Out of Stock,Description for Product 186
Product 187,Clothing,$1920,In Stock,Description for Product 187
Product 188,Home Appliances,$1930,Out of Stock,Description for Product 188
Product 189,Books,$1940,In Stock,Description for Product 189
Product 190,Toys,$1950,Out of Stock,Description for Product 190
Product 191,Electronics,$1960,In Stock,Description for Product 191
Product 192,Clothing,$1970,Out of Stock,Description for Product 192
Product 193,Home Appliances,$1980,In Stock,Description for Product 193
Product 194,Books,$1990,Out of Stock,Description for Product 194
Product 195,Toys,$2000,In Stock,Description for Product 195
Product 196,Electronics,$2010,Out of Stock,Description for Product 196
Product 197,Clothing,$2020,In Stock,Description for Product 197
Product 198,Home Appliances,$2030,Out of Stock,Description for Product 198
Product 199,Books,$2040,In Stock,Description for Product 199
Product 200,Toys,$2050,Out of Stock,Description for Product 200
Product 201,Electronics,$2060,In Stock,Description for Product 201
Product 202,Clothing,$2070,Out of Stock,Description for Product 202
Product 203,Home Appliances,$2080,In Stock,Description for Product 203
Product 204,Books,$2090,Out of Stock,Description for Product 204
Product 205,Toys,$2100,In Stock,Description for Product 205
Product 206,Electronics,$2110,Out of Stock,Description for Product 206
Product 207,Clothing,$2120,In Stock,Description for Product 207
Product 208,Home Appliances,$2130,Out of Stock,Description for Product 208
Product 209,Books,$2140,In Stock,Description for Product 209
Product 210,Toys,$2150,Out of Stock,Description for Product 210
Product 211,Electronics,$2160,In Stock,Description for Product 211
Product 212,Clothing,$2170,Out of Stock,Description for Product 212
Product 213,Home Appliances,$2180,In Stock,Description for Product 213
Product 214,Books,$2190,Out of Stock,Description for Product 214
Product 215,Toys,$2200,In Stock,Description for Product 215
Product 216,Electronics,$2210,Out of Stock,Description for Product 216
Product 217,Clothing,$2220,In Stock,Description for Product 217
Product 218,Home Appliances,$2230,Out of Stock,Description for Product 218
Product 219,Books,$2240,In Stock,Description for Product 219
Product 220,Toys,$2250,Out of Stock,Description for Product 220
Product 221,Electronics,$2260,In Stock,Description for Product 221
Product 222,Clothing,$2270,Out of Stock,Description for Product 222
Product 223,Home Appliances,$2280,In Stock,Description for Product 223
Product 224,Books,$2290,Out of Stock,Description for Product 224
Product 225,Toys,$2300,In Stock,Description for Product 225
Product 226,Electronics,$2310,Out of Stock,Description for Product 226
Product 227,Clothing,$2320,In Stock,Description for Product 227
Product 228,Home Appliances,$2330,Out of Stock,Description for Product 228
Product 229,Books,$2340,In Stock,Description for Product 229
Product 230,Toys,$2350,Out of Stock,Description for Product 230
Product 231,Electronics,$2360,In Stock,Description for Product 231
Product 232,Clothing,$2370,Out of Stock,Description for Product 232
Product 233,Home Appliances,$2380,In Stock,Description for Product 233
Product 234,Books,$2390,Out of Stock,Description for Product 234
Product 235,Toys,$2400,In Stock,Description for Product 235
Product 236,Electronics,$2410,Out of Stock,Description for Product 236
Product 237,Clothing,$2420,In Stock,Description for Product 237
Product 238,Home Appliances,$2430,Out of Stock,Description for Product 238
Product 239,Books,$2440,In Stock,Description for Product 239
Product 240,Toys,$2450,Out of Stock,Description for Product 240
Product 241,Electronics,$2460,In Stock,Description for Product 241
Product 242,Clothing,$2470,Out of Stock,Description for Product 242
Product 243,Home Appliances,$2480,In Stock,Description for Product 243
Product 244,Books,$2490,Out of Stock,Description for Product 244
Product 245,Toys,$2500,In Stock,Description for Product 245
Product 246,Electronics,$2510,Out of Stock,Description for Product 246
Product 247,Clothing,$2520,In Stock,Description for Product 247
Product 248,Home Appliances,$2530,Out of Stock,Description for Product 248
Product 249,Books,$2540,In Stock,Description for Product 249
Product 250,Toys,$2550,Out of Stock,Description for Product 250
Product 251,Electronics,$2560,In Stock,Description for Product 251
Product 252,Clothing,$2570,Out of Stock,Description for Product 252
Product 253,Home Appliances,$2580,In Stock,Description for Product 253
Product 254,Books,$2590,Out of Stock,Description for Product 254
Product 255,Toys,$2600,In Stock,Description for Product 255
Product 256,Electronics,$2610,Out of Stock,Description for Product 256
Product 257,Clothing,$2620,In Stock,Description for Product 257
Product 258,Home Appliances,$2630,Out of Stock,Description for Product 258
Product 259,Books,$2640,In Stock,Description for Product 259
Product 260,Toys,$2650,Out of Stock,Description for Product 260
Product 261,Electronics,$2660,In Stock,Description for Product 261
Product 262,Clothing,$2670,Out of Stock,Description for Product 262
Product 263,Home Appliances,$2680,In Stock,Description for Product 263
Product 264,Books,$2690,Out of Stock,Description for Product 264
Product 265,Toys,$2700,In Stock,Description for Product 265
Product 266,Electronics,$2710,Out of Stock,Description for Product 266
Product 267,Clothing,$2720,In Stock,Description for Product 267
Product 268,Home Appliances,$2730,Out of Stock,Description for Product 268
Product 269,Books,$2740,In Stock,Description for Product 269
Product 270,Toys,$2750,Out of Stock,Description for Product 270
Product 271,Electronics,$2760,In Stock,Description for Product 271
Product 272,Clothing,$2770,Out of Stock,Description for Product 272
Product 273,Home Appliances,$2780,In Stock,Description for Product 273
Product 274,Books,$2790,Out of Stock,Description for Product 274
Product 275,Toys,$2800,In Stock,Description for Product 275
Product 276,Electronics,$2810,Out of Stock,Description for Product 276
Product 277,Clothing,$2820,In Stock,Description for Product 277
Product 278,Home Appliances,$2830,Out of Stock,Description for Product 278
Product 279,Books,$2840,In Stock,Description for Product 279
Product 280,Toys,$2850,Out of Stock,Description for Product 280
Product 281,Electronics,$2860,In Stock,Description for Product 281
Product 282,Clothing,$2870,Out of Stock,Description for Product 282
Product 283,Home Appliances,$2880,In Stock,Description for Product 283
Product 284,Books,$2890,Out of Stock,Description for Product 284
Product 285,Toys,$2900,In Stock,Description for Product 285
Product 286,Electronics,$2910,Out of Stock,Description for Product 286
Product 287,Clothing,$2920,In Stock,Description for Product 287
Product 288,Home Appliances,$2930,Out of Stock,Description for Product 288
Product 289,Books,$2940,In Stock,Description for Product 289
Product 290,Toys,$2950,Out of Stock,Description for Product 290
Product 291,Electronics,$2960,In Stock,Description for Product 291
Product 292,Clothing,$2970,Out of Stock,Description for Product 292
Product 293,Home Appliances,$2980,In Stock,Description for Product 293
Product 294,Books,$2990,Out of Stock,Description for Product 294
Product 295,Toys,$3000,In Stock,Description for Product 295
Product 296,Electronics,$3010,Out of Stock,Description for Product 296
Product 297,Clothing,$3020,In Stock,Description for Product 297
Product 298,Home Appliances,$3030,Out of Stock,Description for Product 298
Product 299,Books,$3040,In Stock,Description for Product 299
Product 300,Toys,$3050,Out of Stock,Description for Product 300
Product 301,Electronics,$3060,In Stock,Description for Product 301
Product 302,Clothing,$3070,Out of Stock,Description for Product 302
Product 303,Home Appliances,$3080,In Stock,Description for Product 303
Product 304,Books,$3090,Out of Stock,Description for Product 304
Product 305,Toys,$3100,In Stock,Description for Product 305
Product 306,Electronics,$3110,Out of Stock,Description for Product 306
Product 307,Clothing,$3120,In Stock,Description for Product 307
Product 308,Home Appliances,$3130,Out of Stock,Description for Product 308
Product 309,Books,$3140,In Stock,Description for Product 309
Product 310,Toys,$3150,Out of Stock,Description for Product 310
Product 311,Electronics,$3160,In Stock,Description for Product 311
Product 312,Clothing,$3170,Out of Stock,Description for Product 312
Product 313,Home Appliances,$3180,In Stock,Description for Product 313
Product 314,Books,$3190,Out of Stock,Description for Product 314
Product 315,Toys,$3200,In Stock,Description for Product 315
Product 316,Electronics,$3210,Out of Stock,Description for Product 316
Product 317,Clothing,$3220,In Stock,Description for Product 317
Product 318,Home Appliances,$3230,Out of Stock,Description for Product 318
Product 319,Books,$3240,In Stock,Description for Product 319
Product 320,Toys,$3250,Out of Stock,Description for Product 320
Product 321,Electronics,$3260,In Stock,Description for Product 321
Product 322,Clothing,$3270,Out of Stock,Description for Product 322
Product 323,Home Appliances,$3280,In Stock,Description for Product 323
Product 324,Books,$3290,Out of Stock,Description for Product 324
Product 325,Toys,$3300,In Stock,Description for Product 325
Product 326,Electronics,$3310,Out of Stock,Description for Product 326
Product 327,Clothing,$3320,In Stock,Description for Product 327
Product 328,Home Appliances,$3330,Out of Stock,Description for Product 328
Product 329,Books,$3340,In Stock,Description for Product 329
Product 330,Toys,$3350,Out of Stock,Description for Product 330
Product 331,Electronics,$3360,In Stock,Description for Product 331
Product 332,Clothing,$3370,Out of Stock,Description for Product 332
Product 333,Home Appliances,$3380,In Stock,Description for Product 333
Product 334,Books,$3390,Out of Stock,Description for Product 334
Product 335,Toys,$3400,In Stock,Description for Product 335
Product 336,Electronics,$3410,Out of Stock,Description for Product 336
Product 337,Clothing,$3420,In Stock,Description for Product 337
Product 338,Home Appliances,$3430,Out of Stock,Description for Product 338
Product 339,Books,$3440,In Stock,Description for Product 339
Product 340,Toys,$3450,Out of Stock,Description for Product 340
Product 341,Electronics,$3460,In Stock,Description for Product 341
Product 342,Clothing,$3470,Out of Stock,Description for Product 342
Product 343,Home Appliances,$3480,In Stock,Description for Product 343
Product 344,Books,$3490,Out of Stock,Description for Product 344
Product 345,Toys,$3500,In Stock,Description for Product 345
Product 346,Electronics,$3510,Out of Stock,Description for Product 346
Product 347,Clothing,$3520,In Stock,Description for Product 347
Product 348,Home Appliances,$3530,Out of Stock,Description for Product 348
Product 349,Books,$3540,In Stock,Description for Product 349
Product 350,Toys,$3550,Out of Stock,Description for Product 350
Product 351,Electronics,$3560,In Stock,Description for Product 351
Product 352,Clothing,$3570,Out of Stock,Description for Product 352
Product 353,Home Appliances,$3580,In Stock,Description for Product 353
Product 354,Books,$3590,Out of Stock,Description for Product 354
Product 355,Toys,$3600,In Stock,Description for Product 355
Product 356,Electronics,$3610,Out of Stock,Description for Product 356
Product 357,Clothing,$3620,In Stock,Description for Product 357
Product 358,Home Appliances,$3630,Out of Stock,Description for Product 358
Product 359,Books,$3640,In Stock,Description for Product 359
Product 360,Toys,$3650,Out of Stock,Description for Product 360
Product 361,Electronics,$3660,In Stock,Description for Product 361
Product 362,Clothing,$3670,Out of Stock,Description for Product 362
Product 363,Home Appliances,$3680,In Stock,Description for Product 363
Product 364,Books,$3690,Out of Stock,Description for Product 364
Product 365,Toys,$3700,In Stock,Description for Product 365
Product 366,Electronics,$3710,Out of Stock,Description for Product 366
Product 367,Clothing,$3720,In Stock,Description for Product 367
Product 368,Home Appliances,$3730,Out of Stock,Description for Product 368
Product 369,Books,$3740,In Stock,Description for Product 369
Product 370,Toys,$3750,Out of Stock,Description for Product 370
Product 371,Electronics,$3760,In Stock,Description for Product 371
Product 372,Clothing,$3770,Out of Stock,Description for Product 372
Product 373,Home Appliances,$3780,In Stock,Description for Product 373
Product 374,Books,$3790,Out of Stock,Description for Product 374
Product 375,Toys,$3800,In Stock,Description for Product 375
Product 376,Electronics,$3810,Out of Stock,Description for Product 376
Product 377,Clothing,$3820,In Stock,Description for Product 377
Product 378,Home Appliances,$3830,Out of Stock,Description for Product 378
Product 379,Books,$3840,In Stock,Description for Product 379
Product 380,Toys,$3850,Out of Stock,Description for Product 380
Product 381,Electronics,$3860,In Stock,Description for Product 381
Product 382,Clothing,$3870,Out of Stock,Description for Product 382
Product 383,Home Appliances,$3880,In Stock,Description for Product 383
Product 384,Books,$3890,Out of Stock,Description for Product 384
Product 385,Toys,$3900,In Stock,Description for Product 385
Product 386,Electronics,$3910,Out of Stock,Description for Product 386
Product 387,Clothing,$3920,In Stock,Description for Product 387
Product 388,Home Appliances,$3930,Out of Stock,Description for Product 388
Product 389,Books,$3940,In Stock,Description for Product 389
Product 390,Toys,$3950,Out of Stock,Description for Product 390
Product 391,Electronics,$3960,In Stock,Description for Product 391
Product 392,Clothing,$3970,Out of Stock,Description for Product 392
Product 393,Home Appliances,$3980,In Stock,Description for Product 393
Product 394,Books,$3990,Out of Stock,Description for Product 394
Product 395,Toys,$4000,In Stock,Description for Product 395
Product 396,Electronics,$4010,Out of Stock,Description for Product 396
Product 397,Clothing,$4020,In Stock,Description for Product 397
Product 398,Home Appliances,$4030,Out of Stock,Description for Product 398
Product 399,Books,$4040,In Stock,Description for Product 399
Product 400,Toys,$4050,Out of Stock,Description for Product 400
Product 401,Electronics,$4060,In Stock,Description for Product 401
Product 402,Clothing,$4070,Out of Stock,Description for Product 402
Product 403,Home Appliances,$4080,In Stock,Description for Product 403
Product 404,Books,$4090,Out of Stock,Description for Product 404
Product 405,Toys,$4100,In Stock,Description for Product 405
Product 406,Electronics,$4110,Out of Stock,Description for Product 406
Product 407,Clothing,$4120,In Stock,Description for Product 407
Product 408,Home Appliances,$4130,Out of Stock,Description for Product 408
Product 409,Books,$4140,In Stock,Description for Product 409
Product 410,Toys,$4150,Out of Stock,Description for Product 410
Product 411,Electronics,$4160,In Stock,Description for Product 411
Product 412,Clothing,$4170,Out of Stock,Description for Product 412
Product 413,Home Appliances,$4180,In Stock,Description for Product 413
Product 414,Books,$4190,Out of Stock,Description for Product 414
Product 415,Toys,$4200,In Stock,Description for Product 415
Product 416,Electronics,$4210,Out of Stock,Description for Product 416
Product 417,Clothing,$4220,In Stock,Description for Product 417
Product 418,Home Appliances,$4230,Out of Stock,Description for Product 418
Product 419,Books,$4240,In Stock,Description for Product 419
Product 420,Toys,$4250,Out of Stock,Description for Product 420
Product 421,Electronics,$4260,In Stock,Description for Product 421
Product 422,Clothing,$4270,Out of Stock,Description for Product 422
Product 423,Home Appliances,$4280,In Stock,Description for Product 423
Product 424,Books,$4290,Out of Stock,Description for Product 424
Product 425,Toys,$4300,In Stock,Description for Product 425
Product 426,Electronics,$4310,Out of Stock,Description for Product 426
Product 427,Clothing,$4320,In Stock,Description for Product 427
Product 428,Home Appliances,$4330,Out of Stock,Description for Product 428
Product 429,Books,$4340,In Stock,Description for Product 429
Product 430,Toys,$4350,Out of Stock,Description for Product 430
Product 431,Electronics,$4360,In Stock,Description for Product 431
Product 432,Clothing,$4370,Out of Stock,Description for Product 432
Product 433,Home Appliances,$4380,In Stock,Description for Product 433
Product 434,Books,$4390,Out of Stock,Description for Product 434
Product 435,Toys,$4400,In Stock,Description for Product 435
Product 436,Electronics,$4410,Out of Stock,Description for Product 436
Product 437,Clothing,$4420,In Stock,Description for Product 437
Product 438,Home Appliances,$4430,Out of Stock,Description for Product 438
Product 439,Books,$4440,In Stock,Description for Product 439
Product 440,Toys,$4450,Out of Stock,Description for Product 440
Product 441,Electronics,$4460,In Stock,Description for Product 441
Product 442,Clothing,$4470,Out of Stock,Description for Product 442
Product 443,Home Appliances,$4480,In Stock,Description for Product 443
Product 444,Books,$4490,Out of Stock,Description for Product 444
Product 445,Toys,$4500,In Stock,Description for Product 445
Product 446,Electronics,$4510,Out of Stock,Description for Product 446
Product 447,Clothing,$4520,In Stock,Description for Product 447
Product 448,Home Appliances,$4530,Out of Stock,Description for Product 448
Product 449,Books,$4540,In Stock,Description for Product 449
Product 450,Toys,$4550,Out of Stock,Description for Product 450
Product 451,Electronics,$4560,In Stock,Description for Product 451
Product 452,Clothing,$4570,Out of Stock,Description for Product 452
Product 453,Home Appliances,$4580,In Stock,Description for Product 453
Product 454,Books,$4590,Out of Stock,Description for Product 454
Product 455,Toys,$4600,In Stock,Description for Product 455
Product 456,Electronics,$4610,Out of Stock,Description for Product 456
Product 457,Clothing,$4620,In Stock,Description for Product 457
Product 458,Home Appliances,$4630,Out of Stock,Description for Product 458
Product 459,Books,$4640,In Stock,Description for Product 459
Product 460,Toys,$4650,Out of Stock,Description for Product 460
Product 461,Electronics,$4660,In Stock,Description for Product 461
Product 462,Clothing,$4670,Out of Stock,Description for Product 462
Product 463,Home Appliances,$4680,In Stock,Description for Product 463
Product 464,Books,$4690,Out of Stock,Description for Product 464
Product 465,Toys,$4700,In Stock,Description for Product 465
Product 466,Electronics,$4710,Out of Stock,Description for Product 466
Product 467,Clothing,$4720,In Stock,Description for Product 467
Product 468,Home Appliances,$4730,Out of Stock,Description for Product 468
Product 469,Books,$4740,In Stock,Description for Product 469
Product 470,Toys,$4750,Out of Stock,Description for Product 470
Product 471,Electronics,$4760,In Stock,Description for Product 471
Product 472,Clothing,$4770,Out of Stock,Description for Product 472
Product 473,Home Appliances,$4780,In Stock,Description for Product 473
Product 474,Books,$4790,Out of Stock,Description for Product 474
Product 475,Toys,$4800,In Stock,Description for Product 475
Product 476,Electronics,$4810,Out of Stock,Description for Product 476
Product 477,Clothing,$4820,In Stock,Description for Product 477
Product 478,Home Appliances,$4830,Out of Stock,Description for Product 478
Product 479,Books,$4840,In Stock,Description for Product 479
Product 480,Toys,$4850,Out of Stock,Description for Product 480
Product 481,Electronics,$4860,In Stock,Description for Product 481
Product 482,Clothing,$4870,Out of Stock,Description for Product 482
Product 483,Home Appliances,$4880,In Stock,Description for Product 483
Product 484,Books,$4890,Out of Stock,Description for Product 484
Product 485,Toys,$4900,In Stock,Description for Product 485
Product 486,Electronics,$4910,Out of Stock,Description for Product 486
Product 487,Clothing,$4920,In Stock,Description for Product 487
Product 488,Home Appliances,$4930,Out of Stock,Description for Product 488
Product 489,Books,$4940,In Stock,Description for Product 489
Product 490,Toys,$4950,Out of Stock,Description for Product 490
Product 491,Electronics,$4960,In Stock,Description for Product 491
Product 492,Clothing,$4970,Out of Stock,Description for Product 492
Product 493,Home Appliances,$4980,In Stock,Description for Product 493
Product 494,Books,$4990,Out of Stock,Description for Product 494
Product 495,Toys,$5000,In Stock,Description for Product 495
Product 496,Electronics,$5010,Out of Stock,Description for Product 496
Product 497,Clothing,$5020,In Stock,Description for Product 497
Product 498,Home Appliances,$5030,Out of Stock,Description for Product 498
Product 499,Books,$5040,In Stock,Description for Product 499
Product 500,Toys,$5050,Out of Stock,Description for Product 500
Product 501,Electronics,$5060,In Stock,Description for Product 501
Product 502,Clothing,$5070,Out of Stock,Description for Product 502
Product 503,Home Appliances,$5080,In Stock,Description for Product 503
Product 504,Books,$5090,Out of Stock,Description for Product 504
Product 505,Toys,$5100,In Stock,Description for Product 505
Product 506,Electronics,$5110,Out of Stock,Description for Product 506
Product 507,Clothing,$5120,In Stock,Description for Product 507
Product 508,Home Appliances,$5130,Out of Stock,Description for Product 508
Product 509,Books,$5140,In Stock,Description for Product 509
Product 510,Toys,$5150,Out of Stock,Description for Product 510
Product 511,Electronics,$5160,In Stock,Description for Product 511
Product 512,Clothing,$5170,Out of Stock,Description for Product 512
Product 513,Home Appliances,$5180,In Stock,Description for Product 513
Product 514,Books,$5190,Out of Stock,Description for Product 514
Product 515,Toys,$5200,In Stock,Description for Product 515
Product 516,Electronics,$5210,Out of Stock,Description for Product 516
Product 517,Clothing,$5220,In Stock,Description for Product 517
Product 518,Home Appliances,$5230,Out of Stock,Description for Product 518
Product 519,Books,$5240,In Stock,Description for Product 519
Product 520,Toys,$5250,Out of Stock,Description for Product 520
Product 521,Electronics,$5260,In Stock,Description for Product 521
Product 522,Clothing,$5270,Out of Stock,Description for Product 522
Product 523,Home Appliances,$5280,In Stock,Description for Product 523
Product 524,Books,$5290,Out of Stock,Description for Product 524
Product 525,Toys,$5300,In Stock,Description for Product 525
Product 526,Electronics,$5310,Out of Stock,Description for Product 526
Product 527,Clothing,$5320,In Stock,Description for Product 527
Product 528,Home Appliances,$5330,Out of Stock,Description for Product 528
Product 529,Books,$5340,In Stock,Description for Product 529
Product 530,Toys,$5350,Out of Stock,Description for Product 530
Product 531,Electronics,$5360,In Stock,Description for Product 531
Product 532,Clothing,$5370,Out of Stock,Description for Product 532
Product 533,Home Appliances,$5380,In Stock,Description for Product 533
Product 534,Books,$5390,Out of Stock,Description for Product 534
Product 535,Toys,$5400,In Stock,Description for Product 535
Product 536,Electronics,$5410,Out of Stock,Description for Product 536
Product 537,Clothing,$5420,In Stock,Description for Product 537
Product 538,Home Appliances,$5430,Out of Stock,Description for Product 538
Product 539,Books,$5440,In Stock,Description for Product 539
Product 540,Toys,$5450,Out of Stock,Description for Product 540
Product 541,Electronics,$5460,In Stock,Description for Product 541
Product 542,Clothing,$5470,Out of Stock,Description for Product 542
Product 543,Home Appliances,$5480,In Stock,Description for Product 543
Product 544,Books,$5490,Out of Stock,Description for Product 544
Product 545,Toys,$5500,In Stock,Description for Product 545
Product 546,Electronics,$5510,Out of Stock,Description for Product 546
Product 547,Clothing,$5520,In Stock,Description for Product 547
Product 548,Home Appliances,$5530,Out of Stock,Description for Product 548
Product 549,Books,$5540,In Stock,Description for Product 549
Product 550,Toys,$5550,Out of Stock,Description for Product 550
Product 551,Electronics,$5560,In Stock,Description for Product 551
Product 552,Clothing,$5570,Out of Stock,Description for Product 552
Product 553,Home Appliances,$5580,In Stock,Description for Product 553
Product 554,Books,$5590,Out of Stock,Description for Product 554
Product 555,Toys,$5600,In Stock,Description for Product 555
Product 556,Electronics,$5610,Out of Stock,Description for Product 556
Product 557,Clothing,$5620,In Stock,Description for Product 557
Product 558,Home Appliances,$5630,Out of Stock,Description for Product 558
Product 559,Books,$5640,In Stock,Description for Product 559
Product 560,Toys,$5650,Out of Stock,Description for Product 560
Product 561,Electronics,$5660,In Stock,Description for Product 561
Product 562,Clothing,$5670,Out of Stock,Description for Product 562
Product 563,Home Appliances,$5680,In Stock,Description for Product 563
Product 564,Books,$5690,Out of Stock,Description for Product 564
Product 565,Toys,$5700,In Stock,Description for Product 565
Product 566,Electronics,$5710,Out of Stock,Description for Product 566
Product 567,Clothing,$5720,In Stock,Description for Product 567
Product 568,Home Appliances,$5730,Out of Stock,Description for Product 568
Product 569,Books,$5740,In Stock,Description for Product 569
Product 570,Toys,$5750,Out of Stock,Description for Product 570
Product 571,Electronics,$5760,In Stock,Description for Product 571
Product 572,Clothing,$5770,Out of Stock,Description for Product 572
Product 573,Home Appliances,$5780,In Stock,Description for Product 573
Product 574,Books,$5790,Out of Stock,Description for Product 574
Product 575,Toys,$5800,In Stock,Description for Product 575
Product 576,Electronics,$5810,Out of Stock,Description for Product 576
Product 577,Clothing,$5820,In Stock,Description for Product 577
Product 578,Home Appliances,$5830,Out of Stock,Description for Product 578
Product 579,Books,$5840,In Stock,Description for Product 579
Product 580,Toys,$5850,Out of Stock,Description for Product 580
Product 581,Electronics,$5860,In Stock,Description for Product 581
Product 582,Clothing,$5870,Out of Stock,Description for Product 582
Product 583,Home Appliances,$5880,In Stock,Description for Product 583
Product 584,Books,$5890,Out of Stock,Description for Product 584
Product 585,Toys,$5900,In Stock,Description for Product 585
Product 586,Electronics,$5910,Out of Stock,Description for Product 586
Product 587,Clothing,$5920,In Stock,Description for Product 587
Product 588,Home Appliances,$5930,Out of Stock,Description for Product 588
Product 589,Books,$5940,In Stock,Description for Product 589
Product 590,Toys,$5950,Out of Stock,Description for Product 590
Product 591,Electronics,$5960,In Stock,Description for Product 591
Product 592,Clothing,$5970,Out of Stock,Description for Product 592
Product 593,Home Appliances,$5980,In Stock,Description for Product 593
Product 594,Books,$5990,Out of Stock,Description for Product 594
Product 595,Toys,$6000,In Stock,Description for Product 595
Product 596,Electronics,$6010,Out of Stock,Description for Product 596
Product 597,Clothing,$6020,In Stock,Description for Product 597
Product 598,Home Appliances,$6030,Out of Stock,Description for Product 598
Product 599,Books,$6040,In Stock,Description for Product 599
Product 600,Toys,$6050,Out of Stock,Description for Product 600
Product 601,Electronics,$6060,In Stock,Description for Product 601
Product 602,Clothing,$6070,Out of Stock,Description for Product 602
Product 603,Home Appliances,$6080,In Stock,Description for Product 603
Product 604,Books,$6090,Out of Stock,Description for Product 604
Product 605,Toys,$6100,In Stock,Description for Product 605
Product 606,Electronics,$6110,Out of Stock,Description for Product 606
Product 607,Clothing,$6120,In Stock,Description for Product 607
Product 608,Home Appliances,$6130,Out of Stock,Description for Product 608
Product 609,Books,$6140,In Stock,Description for Product 609
Product 610,Toys,$6150,Out of Stock,Description for Product 610
Product 611,Electronics,$6160,In Stock,Description for Product 611
Product 612,Clothing,$6170,Out of Stock,Description for Product 612
Product 613,Home Appliances,$6180,In Stock,Description for Product 613
Product 614,Books,$6190,Out of Stock,Description for Product 614
Product 615,Toys,$6200,In Stock,Description for Product 615
Product 616,Electronics,$6210,Out of Stock,Description for Product 616
Product 617,Clothing,$6220,In Stock,Description for Product 617
Product 618,Home Appliances,$6230,Out of Stock,Description for Product 618
Product 619,Books,$6240,In Stock,Description for Product 619
Product 620,Toys,$6250,Out of Stock,Description for Product 620
Product 621,Electronics,$6260,In Stock,Description for Product 621
Product 622,Clothing,$6270,Out of Stock,Description for Product 622
Product 623,Home Appliances,$6280,In Stock,Description for Product 623
Product 624,Books,$6290,Out of Stock,Description for Product 624
Product 625,Toys,$6300,In Stock,Description for Product 625
Product 626,Electronics,$6310,Out of Stock,Description for Product 626
Product 627,Clothing,$6320,In Stock,Description for Product 627
Product 628,Home Appliances,$6330,Out of Stock,Description for Product 628
Product 629,Books,$6340,In Stock,Description for Product 629
Product 630,Toys,$6350,Out of Stock,Description for Product 630
Product 631,Electronics,$6360,In Stock,Description for Product 631
Product 632,Clothing,$6370,Out of Stock,Description for Product 632
Product 633,Home Appliances,$6380,In Stock,Description for Product 633
Product 634,Books,$6390,Out of Stock,Description for Product 634
Product 635,Toys,$6400,In Stock,Description for Product 635
Product 636,Electronics,$6410,Out of Stock,Description for Product 636
Product 637,Clothing,$6420,In Stock,Description for Product 637
Product 638,Home Appliances,$6430,Out of Stock,Description for Product 638
Product 639,Books,$6440,In Stock,Description for Product 639
Product 640,Toys,$6450,Out of Stock,Description for Product 640
Product 641,Electronics,$6460,In Stock,Description for Product 641
Product 642,Clothing,$6470,Out of Stock,Description for Product 642
Product 643,Home Appliances,$6480,In Stock,Description for Product 643
Product 644,Books,$6490,Out of Stock,Description for Product 644
Product 645,Toys,$6500,In Stock,Description for Product 645
Product 646,Electronics,$6510,Out of Stock,Description for Product 646
Product 647,Clothing,$6520,In Stock,Description for Product 647
Product 648,Home Appliances,$6530,Out of Stock,Description for Product 648
Product 649,Books,$6540,In Stock,Description for Product 649
Product 650,Toys,$6550,Out of Stock,Description for Product 650
Product 651,Electronics,$6560,In Stock,Description for Product 651
Product 652,Clothing,$6570,Out of Stock,Description for Product 652
Product 653,Home Appliances,$6580,In Stock,Description for Product 653
Product 654,Books,$6590,Out of Stock,Description for Product 654
Product 655,Toys,$6600,In Stock,Description for Product 655
Product 656,Electronics,$6610,Out of Stock,Description for Product 656
Product 657,Clothing,$6620,In Stock,Description for Product 657
Product 658,Home Appliances,$6630,Out of Stock,Description for Product 658
Product 659,Books,$6640,In Stock,Description for Product 659
Product 660,Toys,$6650,Out of Stock,Description for Product 660
Product 661,Electronics,$6660,In Stock,Description for Product 661
Product 662,Clothing,$6670,Out of Stock,Description for Product 662
Product 663,Home Appliances,$6680,In Stock,Description for Product 663
Product 664,Books,$6690,Out of Stock,Description for Product 664
Product 665,Toys,$6700,In Stock,Description for Product 665
Product 666,Electronics,$6710,Out of Stock,Description for Product 666
Product 667,Clothing,$6720,In Stock,Description for Product 667
Product 668,Home Appliances,$6730,Out of Stock,Description for Product 668
Product 669,Books,$6740,In Stock,Description for Product 669
Product 670,Toys,$6750,Out of Stock,Description for Product 670
Product 671,Electronics,$6760,In Stock,Description for Product 671
Product 672,Clothing,$6770,Out of Stock,Description for Product 672
Product 673,Home Appliances,$6780,In Stock,Description for Product 673
Product 674,Books,$6790,Out of Stock,Description for Product 674
Product 675,Toys,$6800,In Stock,Description for Product 675
Product 676,Electronics,$6810,Out of Stock,Description for Product 676
Product 677,Clothing,$6820,In Stock,Description for Product 677
Product 678,Home Appliances,$6830,Out of Stock,Description for Product 678
Product 679,Books,$6840,In Stock,Description for Product 679
Product 680,Toys,$6850,Out of Stock,Description for Product 680
Product 681,Electronics,$6860,In Stock,Description for Product 681
Product 682,Clothing,$6870,Out of Stock,Description for Product 682
Product 683,Home Appliances,$6880,In Stock,Description for Product 683
Product 684,Books,$6890,Out of Stock,Description for Product 684
Product 685,Toys,$6900,In Stock,Description for Product 685
Product 686,Electronics,$6910,Out of Stock,Description for Product 686
Product 687,Clothing,$6920,In Stock,Description for Product 687
Product 688,Home Appliances,$6930,Out of Stock,Description for Product 688
Product 689,Books,$6940,In Stock,Description for Product 689
Product 690,Toys,$6950,Out of Stock,Description for Product 690
Product 691,Electronics,$6960,In Stock,Description for Product 691
Product 692,Clothing,$6970,Out of Stock,Description for Product 692
Product 693,Home Appliances,$6980,In Stock,Description for Product 693
Product 694,Books,$6990,Out of Stock,Description for Product 694
Product 695,Toys,$7000,In Stock,Description for Product 695
Product 696,Electronics,$7010,Out of Stock,Description for Product 696
Product 697,Clothing,$7020,In Stock,Description for Product 697
Product 698,Home Appliances,$7030,Out of Stock,Description for Product 698
Product 699,Books,$7040,In Stock,Description for Product 699
Product 700,Toys,$7050,Out of Stock,Description for Product 700
Product 701,Electronics,$7060,In Stock,Description for Product 701
Product 702,Clothing,$7070,Out of Stock,Description for Product 702
Product 703,Home Appliances,$7080,In Stock,Description for Product 703
Product 704,Books,$7090,Out of Stock,Description for Product 704
Product 705,Toys,$7100,In Stock,Description for Product 705
Product 706,Electronics,$7110,Out of Stock,Description for Product 706
Product 707,Clothing,$7120,In Stock,Description for Product 707
Product 708,Home Appliances,$7130,Out of Stock,Description for Product 708
Product 709,Books,$7140,In Stock,Description for Product 709
Product 710,Toys,$7150,Out of Stock,Description for Product 710
Product 711,Electronics,$7160,In Stock,Description for Product 711
Product 712,Clothing,$7170,Out of Stock,Description for Product 712
Product 713,Home Appliances,$7180,In Stock,Description for Product 713
Product 714,Books,$7190,Out of Stock,Description for Product 714
Product 715,Toys,$7200,In Stock,Description for Product 715
Product 716,Electronics,$7210,Out of Stock,Description for Product 716
Product 717,Clothing,$7220,In Stock,Description for Product 717
Product 718,Home Appliances,$7230,Out of Stock,Description for Product 718
Product 719,Books,$7240,In Stock,Description for Product 719
Product 720,Toys,$7250,Out of Stock,Description for Product 720
Product 721,Electronics,$7260,In Stock,Description for Product 721
Product 722,Clothing,$7270,Out of Stock,Description for Product 722
Product 723,Home Appliances,$7280,In Stock,Description for Product 723
Product 724,Books,$7290,Out of Stock,Description for Product 724
Product 725,Toys,$7300,In Stock,Description for Product 725
Product 726,Electronics,$7310,Out of Stock,Description for Product 726
Product 727,Clothing,$7320,In Stock,Description for Product 727
Product 728,Home Appliances,$7330,Out of Stock,Description for Product 728
Product 729,Books,$7340,In Stock,Description for Product 729
Product 730,Toys,$7350,Out of Stock,Description for Product 730
Product 731,Electronics,$7360,In Stock,Description for Product 731
Product 732,Clothing,$7370,Out of Stock,Description for Product 732
Product 733,Home Appliances,$7380,In Stock,Description for Product 733
Product 734,Books,$7390,Out of Stock,Description for Product 734
Product 735,Toys,$7400,In Stock,Description for Product 735
Product 736,Electronics,$7410,Out of Stock,Description for Product 736
Product 737,Clothing,$7420,In Stock,Description for Product 737
Product 738,Home Appliances,$7430,Out of Stock,Description for Product 738
Product 739,Books,$7440,In Stock,Description for Product 739
Product 740,Toys,$7450,Out of Stock,Description for Product 740
Product 741,Electronics,$7460,In Stock,Description for Product 741
Product 742,Clothing,$7470,Out of Stock,Description for Product 742
Product 743,Home Appliances,$7480,In Stock,Description for Product 743
Product 744,Books,$7490,Out of Stock,Description for Product 744
Product 745,Toys,$7500,In Stock,Description for Product 745
Product 746,Electronics,$7510,Out of Stock,Description for Product 746
Product 747,Clothing,$7520,In Stock,Description for Product 747
Product 748,Home Appliances,$7530,Out of Stock,Description for Product 748
Product 749,Books,$7540,In Stock,Description for Product 749
Product 750,Toys,$7550,Out of Stock,Description for Product 750
Product 751,Electronics,$7560,In Stock,Description for Product 751
Product 752,Clothing,$7570,Out of Stock,Description for Product 752
Product 753,Home Appliances,$7580,In Stock,Description for Product 753
Product 754,Books,$7590,Out of Stock,Description for Product 754
Product 755,Toys,$7600,In Stock,Description for Product 755
Product 756,Electronics,$7610,Out of Stock,Description for Product 756
Product 757,Clothing,$7620,In Stock,Description for Product 757
Product 758,Home Appliances,$7630,Out of Stock,Description for Product 758
Product 759,Books,$7640,In Stock,Description for Product 759
Product 760,Toys,$7650,Out of Stock,Description for Product 760
Product 761,Electronics,$7660,In Stock,Description for Product 761
Product 762,Clothing,$7670,Out of Stock,Description for Product 762
Product 763,Home Appliances,$7680,In Stock,Description for Product 763
Product 764,Books,$7690,Out of Stock,Description for Product 764
Product 765,Toys,$7700,In Stock,Description for Product 765
Product 766,Electronics,$7710,Out of Stock,Description for Product 766
Product 767,Clothing,$7720,In Stock,Description for Product 767
Product 768,Home Appliances,$7730,Out of Stock,Description for Product 768
Product 769,Books,$7740,In Stock,Description for Product 769
Product 770,Toys,$7750,Out of Stock,Description for Product 770
Product 771,Electronics,$7760,In Stock,Description for Product 771
Product 772,Clothing,$7770,Out of Stock,Description for Product 772
Product 773,Home Appliances,$7780,In Stock,Description for Product 773
Product 774,Books,$7790,Out of Stock,Description for Product 774
Product 775,Toys,$7800,In Stock,Description for Product 775
Product 776,Electronics,$7810,Out of Stock,Description for Product 776
Product 777,Clothing,$7820,In Stock,Description for Product 777
Product 778,Home Appliances,$7830,Out of Stock,Description for Product 778
Product 779,Books,$7840,In Stock,Description for Product 779
Product 780,Toys,$7850,Out of Stock,Description for Product 780
Product 781,Electronics,$7860,In Stock,Description for Product 781
Product 782,Clothing,$7870,Out of Stock,Description for Product 782
Product 783,Home Appliances,$7880,In Stock,Description for Product 783
Product 784,Books,$7890,Out of Stock,Description for Product 784
Product 785,Toys,$7900,In Stock,Description for Product 785
Product 786,Electronics,$7910,Out of Stock,Description for Product 786
Product 787,Clothing,$7920,In Stock,Description for Product 787
Product 788,Home Appliances,$7930,Out of Stock,Description for Product 788
Product 789,Books,$7940,In Stock,Description for Product 789
Product 790,Toys,$7950,Out of Stock,Description for Product 790
Product 791,Electronics,$7960,In Stock,Description for Product 791
Product 792,Clothing,$7970,Out of Stock,Description for Product 792
Product 793,Home Appliances,$7980,In Stock,Description for Product 793
Product 794,Books,$7990,Out of Stock,Description for Product 794
Product 795,Toys,$8000,In Stock,Description for Product 795
Product 796,Electronics,$8010,Out of Stock,Description for Product 796
Product 797,Clothing,$8020,In Stock,Description for Product 797
Product 798,Home Appliances,$8030,Out of Stock,Description for Product 798
Product 799,Books,$8040,In Stock,Description for Product 799
Product 800,Toys,$8050,Out of Stock,Description for Product 800
Product 801,Electronics,$8060,In Stock,Description for Product 801
Product 802,Clothing,$8070,Out of Stock,Description for Product 802
Product 803,Home Appliances,$8080,In Stock,Description for Product 803
Product 804,Books,$8090,Out of Stock,Description for Product 804
Product 805,Toys,$8100,In Stock,Description for Product 805
Product 806,Electronics,$8110,Out of Stock,Description for Product 806
Product 807,Clothing,$8120,In Stock,Description for Product 807
Product 808,Home Appliances,$8130,Out of Stock,Description for Product 808
Product 809,Books,$8140,In Stock,Description for Product 809
Product 810,Toys,$8150,Out of Stock,Description for Product 810
Product 811,Electronics,$8160,In Stock,Description for Product 811
Product 812,Clothing,$8170,Out of Stock,Description for Product 812
Product 813,Home Appliances,$8180,In Stock,Description for Product 813
Product 814,Books,$8190,Out of Stock,Description for Product 814
Product 815,Toys,$8200,In Stock,Description for Product 815
Product 816,Electronics,$8210,Out of Stock,Description for Product 816
Product 817,Clothing,$8220,In Stock,Description for Product 817
Product 818,Home Appliances,$8230,Out of Stock,Description for Product 818
Product 819,Books,$8240,In Stock,Description for Product 819
Product 820,Toys,$8250,Out of Stock,Description for Product 820
Product 821,Electronics,$8260,In Stock,Description for Product 821
Product 822,Clothing,$8270,Out of Stock,Description for Product 822
Product 823,Home Appliances,$8280,In Stock,Description for Product 823
Product 824,Books,$8290,Out of Stock,Description for Product 824
Product 825,Toys,$8300,In Stock,Description for Product 825
Product 826,Electronics,$8310,Out of Stock,Description for Product 826
Product 827,Clothing,$8320,In Stock,Description for Product 827
Product 828,Home Appliances,$8330,Out of Stock,Description for Product 828
Product 829,Books,$8340,In Stock,Description for Product 829
Product 830,Toys,$8350,Out of Stock,Description for Product 830
Product 831,Electronics,$8360,In Stock,Description for Product 831
Product 832,Clothing,$8370,Out of Stock,Description for Product 832
Product 833,Home Appliances,$8380,In Stock,Description for Product 833
Product 834,Books,$8390,Out of Stock,Description for Product 834
Product 835,Toys,$8400,In Stock,Description for Product 835
Product 836,Electronics,$8410,Out of Stock,Description for Product 836
Product 837,Clothing,$8420,In Stock,Description for Product 837
Product 838,Home Appliances,$8430,Out of Stock,Description for Product 838
Product 839,Books,$8440,In Stock,Description for Product 839
Product 840,Toys,$8450,Out of Stock,Description for Product 840
Product 841,Electronics,$8460,In Stock,Description for Product 841
Product 842,Clothing,$8470,Out of Stock,Description for Product 842
Product 843,Home Appliances,$8480,In Stock,Description for Product 843
Product 844,Books,$8490,Out of Stock,Description for Product 844
Product 845,Toys,$8500,In Stock,Description for Product 845
Product 846,Electronics,$8510,Out of Stock,Description for Product 846
Product 847,Clothing,$8520,In Stock,Description for Product 847
Product 848,Home Appliances,$8530,Out of Stock,Description for Product 848
Product 849,Books,$8540,In Stock,Description for Product 849
Product 850,Toys,$8550,Out of Stock,Description for Product 850
Product 851,Electronics,$8560,In Stock,Description for Product 851
Product 852,Clothing,$8570,Out of Stock,Description for Product 852
Product 853,Home Appliances,$8580,In Stock,Description for Product 853
Product 854,Books,$8590,Out of Stock,Description for Product 854
Product 855,Toys,$8600,In Stock,Description for Product 855
Product 856,Electronics,$8610,Out of Stock,Description for Product 856
Product 857,Clothing,$8620,In Stock,Description for Product 857
Product 858,Home Appliances,$8630,Out of Stock,Description for Product 858
Product 859,Books,$8640,In Stock,Description for Product 859
Product 860,Toys,$8650,Out of Stock,Description for Product 860
Product 861,Electronics,$8660,In Stock,Description for Product 861
Product 862,Clothing,$8670,Out of Stock,Description for Product 862
Product 863,Home Appliances,$8680,In Stock,Description for Product 863
Product 864,Books,$8690,Out of Stock,Description for Product 864
Product 865,Toys,$8700,In Stock,Description for Product 865
Product 866,Electronics,$8710,Out of Stock,Description for Product 866
Product 867,Clothing,$8720,In Stock,Description for Product 867
Product 868,Home Appliances,$8730,Out of Stock,Description for Product 868
Product 869,Books,$8740,In Stock,Description for Product 869
Product 870,Toys,$8750,Out of Stock,Description for Product 870
Product 871,Electronics,$8760,In Stock,Description for Product 871
Product 872,Clothing,$8770,Out of Stock,Description for Product 872
Product 873,Home Appliances,$8780,In Stock,Description for Product 873
Product 874,Books,$8790,Out of Stock,Description for Product 874
Product 875,Toys,$8800,In Stock,Description for Product 875
Product 876,Electronics,$8810,Out of Stock,Description for Product 876
Product 877,Clothing,$8820,In Stock,Description for Product 877
Product 878,Home Appliances,$8830,Out of Stock,Description for Product 878
Product 879,Books,$8840,In Stock,Description for Product 879
Product 880,Toys,$8850,Out of Stock,Description for Product 880
Product 881,Electronics,$8860,In Stock,Description for Product 881
Product 882,Clothing,$8870,Out of Stock,Description for Product 882
Product 883,Home Appliances,$8880,In Stock,Description for Product 883
Product 884,Books,$8890,Out of Stock,Description for Product 884
Product 885,Toys,$8900,In Stock,Description for Product 885
Product 886,Electronics,$8910,Out of Stock,Description for Product 886
Product 887,Clothing,$8920,In Stock,Description for Product 887
Product 888,Home Appliances,$8930,Out of Stock,Description for Product 888
Product 889,Books,$8940,In Stock,Description for Product 889
Product 890,Toys,$8950,Out of Stock,Description for Product 890
Product 891,Electronics,$8960,In Stock,Description for Product 891
Product 892,Clothing,$8970,Out of Stock,Description for Product 892
Product 893,Home Appliances,$8980,In Stock,Description for Product 893
Product 894,Books,$8990,Out of Stock,Description for Product 894
Product 895,Toys,$9000,In Stock,Description for Product 895
Product 896,Electronics,$9010,Out of Stock,Description for Product 896
Product 897,Clothing,$9020,In Stock,Description for Product 897
Product 898,Home Appliances,$9030,Out of Stock,Description for Product 898
Product 899,Books,$9040,In Stock,Description for Product 899
Product 900,Toys,$9050,Out of Stock,Description for Product 900
Product 901,Electronics,$9060,In Stock,Description for Product 901
Product 902,Clothing,$9070,Out of Stock,Description for Product 902
Product 903,Home Appliances,$9080,In Stock,Description for Product 903
Product 904,Books,$9090,Out of Stock,Description for Product 904
Product 905,Toys,$9100,In Stock,Description for Product 905
Product 906,Electronics,$9110,Out of Stock,Description for Product 906
Product 907,Clothing,$9120,In Stock,Description for Product 907
Product 908,Home Appliances,$9130,Out of Stock,Description for Product 908
Product 909,Books,$9140,In Stock,Description for Product 909
Product 910,Toys,$9150,Out of Stock,Description for Product 910
Product 911,Electronics,$9160,In Stock,Description for Product 911
Product 912,Clothing,$9170,Out of Stock,Description for Product 912
Product 913,Home Appliances,$9180,In Stock,Description for Product 913
Product 914,Books,$9190,Out of Stock,Description for Product 914
Product 915,Toys,$9200,In Stock,Description for Product 915
Product 916,Electronics,$9210,Out of Stock,Description for Product 916
Product 917,Clothing,$9220,In Stock,Description for Product 917
Product 918,Home Appliances,$9230,Out of Stock,Description for Product 918
Product 919,Books,$9240,In Stock,Description for Product 919
Product 920,Toys,$9250,Out of Stock,Description for Product 920
Product 921,Electronics,$9260,In Stock,Description for Product 921
Product 922,Clothing,$9270,Out of Stock,Description for Product 922
Product 923,Home Appliances,$9280,In Stock,Description for Product 923
Product 924,Books,$9290,Out of Stock,Description for Product 924
Product 925,Toys,$9300,In Stock,Description for Product 925
Product 926,Electronics,$9310,Out of Stock,Description for Product 926
Product 927,Clothing,$9320,In Stock,Description for Product 927
Product 928,Home Appliances,$9330,Out of Stock,Description for Product 928
Product 929,Books,$9340,In Stock,Description for Product 929
Product 930,Toys,$9350,Out of Stock,Description for Product 930
Product 931,Electronics,$9360,In Stock,Description for Product 931
Product 932,Clothing,$9370,Out of Stock,Description for Product 932
Product 933,Home Appliances,$9380,In Stock,Description for Product 933
Product 934,Books,$9390,Out of Stock,Description for Product 934
Product 935,Toys,$9400,In Stock,Description for Product 935
Product 936,Electronics,$9410,Out of Stock,Description for Product 936
Product 937,Clothing,$9420,In Stock,Description for Product 937
Product 938,Home Appliances,$9430,Out of Stock,Description for Product 938
Product 939,Books,$9440,In Stock,Description for Product 939
Product 940,Toys,$9450,Out of Stock,Description for Product 940
Product 941,Electronics,$9460,In Stock,Description for Product 941
Product 942,Clothing,$9470,Out of Stock,Description for Product 942
Product 943,Home Appliances,$9480,In Stock,Description for Product 943
Product 944,Books,$9490,Out of Stock,Description for Product 944
Product 945,Toys,$9500,In Stock,Description for Product 945
Product 946,Electronics,$9510,Out of Stock,Description for Product 946
Product 947,Clothing,$9520,In Stock,Description for Product 947
Product 948,Home Appliances,$9530,Out of Stock,Description for Product 948
Product 949,Books,$9540,In Stock,Description for Product 949
Product 950,Toys,$9550,Out of Stock,Description for Product 950
Product 951,Electronics,$9560,In Stock,Description for Product 951
Product 952,Clothing,$9570,Out of Stock,Description for Product 952
Product 953,Home Appliances,$9580,In Stock,Description for Product 953
Product 954,Books,$9590,Out of Stock,Description for Product 954
Product 955,Toys,$9600,In Stock,Description for Product 955
Product 956,Electronics,$9610,Out of Stock,Description for Product 956
Product 957,Clothing,$9620,In Stock,Description for Product 957
Product 958,Home Appliances,$9630,Out of Stock,Description for Product 958
Product 959,Books,$9640,In Stock,Description for Product 959
Product 960,Toys,$9650,Out of Stock,Description for Product 960
Product 961,Electronics,$9660,In Stock,Description for Product 961
Product 962,Clothing,$9670,Out of Stock,Description for Product 962
Product 963,Home Appliances,$9680,In Stock,Description for Product 963
Product 964,Books,$9690,Out of Stock,Description for Product 964
Product 965,Toys,$9700,In Stock,Description for Product 965
Product 966,Electronics,$9710,Out of Stock,Description for Product 966
Product 967,Clothing,$9720,In Stock,Description for Product 967
Product 968,Home Appliances,$9730,Out of Stock,Description for Product 968
Product 969,Books,$9740,In Stock,Description for Product 969
Product 970,Toys,$9750,Out of Stock,Description for Product 970
Product 971,Electronics,$9760,In Stock,Description for Product 971
Product 972,Clothing,$9770,Out of Stock,Description for Product 972
Product 973,Home Appliances,$9780,In Stock,Description for Product 973
Product 974,Books,$9790,Out of Stock,Description for Product 974
Product 975,Toys,$9800,In Stock,Description for Product 975
Product 976,Electronics,$9810,Out of Stock,Description for Product 976
Product 977,Clothing,$9820,In Stock,Description for Product 977
Product 978,Home Appliances,$9830,Out of Stock,Description for Product 978
Product 979,Books,$9840,In Stock,Description for Product 979
Product 980,Toys,$9850,Out of Stock,Description for Product 980
Product 981,Electronics,$9860,In Stock,Description for Product 981
Product 982,Clothing,$9870,Out of Stock,Description for Product 982
Product 983,Home Appliances,$9880,In Stock,Description for Product 983
Product 984,Books,$9890,Out of Stock,Description for Product 984
Product 985,Toys,$9900,In Stock,Description for Product 985
Product 986,Electronics,$9910,Out of Stock,Description for Product 986
Product 987,Clothing,$9920,In Stock,Description for Product 987
Product 988,Home Appliances,$9930,Out of Stock,Description for Product 988
Product 989,Books,$9940,In Stock,Description for Product 989
Product 990,Toys,$9950,Out of Stock,Description for Product 990
Product 991,Electronics,$9960,In Stock,Description for Product 991
Product 992,Clothing,$9970,Out of Stock,Description for Product 992
Product 993,Home Appliances,$9980,In Stock,Description for Product 993
Product 994,Books,$9990,Out of Stock,Description for Product 994
Product 995,Toys,$10000,In Stock,Description for Product 995
Product 996,Electronics,$10010,Out of Stock,Description for Product 996
Product 997,Clothing,$10020,In Stock,Description for Product 997
Product 998,Home Appliances,$10030,Out of Stock,Description for Product 998
Product 999,Books,$10040,In Stock,Description for Product 999
Product 1000,Toys,$10050,Out of Stock,Description for Product 1000
