Destination,Activities,Climate,Description
Destination 1,"Activity 1, Activity 2, Activity 3",Warm,Description for Destination 1
Destination 2,"Activity 2, Activity 3, Activity 4",Moderate,Description for Destination 2
Destination 3,"Activity 3, Activity 4, Activity 5",Cold,Description for Destination 3
Destination 4,"Activity 4, Activity 5, Activity 6",Warm,Description for Destination 4
Destination 5,"Activity 5, Activity 6, Activity 7",Moderate,Description for Destination 5
Destination 6,"Activity 6, Activity 7, Activity 8",Cold,Description for Destination 6
Destination 7,"Activity 7, Activity 8, Activity 9",Warm,Description for Destination 7
Destination 8,"Activity 8, Activity 9, Activity 0",Moderate,Description for Destination 8
Destination 9,"Activity 9, Activity 0, Activity 1",Cold,Description for Destination 9
Destination 10,"Activity 0, Activity 1, Activity 2",Warm,Description for Destination 10
Destination 11,"Activity 1, Activity 2, Activity 3",Moderate,Description for Destination 11
Destination 12,"Activity 2, Activity 3, Activity 4",Cold,Description for Destination 12
Destination 13,"Activity 3, Activity 4, Activity 5",Warm,Description for Destination 13
Destination 14,"Activity 4, Activity 5, Activity 6",Moderate,Description for Destination 14
Destination 15,"Activity 5, Activity 6, Activity 7",Cold,Description for Destination 15
Destination 16,"Activity 6, Activity 7, Activity 8",Warm,Description for Destination 16
Destination 17,"Activity 7, Activity 8, Activity 9",Moderate,Description for Destination 17
Destination 18,"Activity 8, Activity 9, Activity 0",Cold,Description for Destination 18
Destination 19,"Activity 9, Activity 0, Activity 1",Warm,Description for Destination 19
Destination 20,"Activity 0, Activity 1, Activity 2",Moderate,Description for Destination 20
Destination 21,"Activity 1, Activity 2, Activity 3",Cold,Description for Destination 21
Destination 22,"Activity 2, Activity 3, Activity 4",Warm,Description for Destination 22
Destination 23,"Activity 3, Activity 4, Activity 5",Moderate,Description for Destination 23
Destination 24,"Activity 4, Activity 5, Activity 6",Cold,Description for Destination 24
Destination 25,"Activity 5, Activity 6, Activity 7",Warm,Description for Destination 25
Destination 26,"Activity 6, Activity 7, Activity 8",Moderate,Description for Destination 26
Destination 27,"Activity 7, Activity 8, Activity 9",Cold,Description for Destination 27
Destination 28,"Activity 8, Activity 9, Activity 0",Warm,Description for Destination 28
Destination 29,"Activity 9, Activity 0, Activity 1",Moderate,Description for Destination 29
Destination 30,"Activity 0, Activity 1, Activity 2",Cold,Description for Destination 30
Destination 31,"Activity 1, Activity 2, Activity 3",Warm,Description for Destination 31
Destination 32,"Activity 2, Activity 3, Activity 4",Moderate,Description for Destination 32
Destination 33,"Activity 3, Activity 4, Activity 5",Cold,Description for Destination 33
Destination 34,"Activity 4, Activity 5, Activity 6",Warm,Description for Destination 34
Destination 35,"Activity 5, Activity 6, Activity 7",Moderate,Description for Destination 35
Destination 36,"Activity 6, Activity 7, Activity 8",Cold,Description for Destination 36
Destination 37,"Activity 7, Activity 8, Activity 9",Warm,Description for Destination 37
Destination 38,"Activity 8, Activity 9, Activity 0",Moderate,Description for Destination 38
Destination 39,"Activity 9, Activity 0, Activity 1",Cold,Description for Destination 39
Destination 40,"Activity 0, Activity 1, Activity 2",Warm,Description for Destination 40
Destination 41,"Activity 1, Activity 2, Activity 3",Moderate,Description for Destination 41
Destination 42,"Activity 2, Activity 3, Activity 4",Cold,Description for Destination 42
Destination 43,"Activity 3, Activity 4, Activity 5",Warm,Description for Destination 43
Destination 44,"Activity 4, Activity 5, Activity 6",Moderate,Description for Destination 44
Destination 45,"Activity 5, Activity 6, Activity 7",Cold,Description for Destination 45
Destination 46,"Activity 6, Activity 7, Activity 8",Warm,Description for Destination 46
Destination 47,"Activity 7, Activity 8, Activity 9",Moderate,Description for Destination 47
Destination 48,"Activity 8, Activity 9, Activity 0",Cold,Description for Destination 48
Destination 49,"Activity 9, Activity 0, Activity 1",Warm,Description for Destination 49
Destination 50,"Activity 0, Activity 1, Activity 2",Moderate,Description for Destination 50
Destination 51,"Activity 1, Activity 2, Activity 3",Cold,Description for Destination 51
Destination 52,"Activity 2, Activity 3, Activity 4",Warm,Description for Destination 52
Destination 53,"Activity 3, Activity 4, Activity 5",Moderate,Description for Destination 53
Destination 54,"Activity 4, Activity 5, Activity 6",Cold,Description for Destination 54
Destination 55,"Activity 5, Activity 6, Activity 7",Warm,Description for Destination 55
Destination 56,"Activity 6, Activity 7, Activity 8",Moderate,Description for Destination 56
Destination 57,"Activity 7, Activity 8, Activity 9",Cold,Description for Destination 57
Destination 58,"Activity 8, Activity 9, Activity 0",Warm,Description for Destination 58
Destination 59,"Activity 9, Activity 0, Activity 1",Moderate,Description for Destination 59
Destination 60,"Activity 0, Activity 1, Activity 2",Cold,Description for Destination 60
Destination 61,"Activity 1, Activity 2, Activity 3",Warm,Description for Destination 61
Destination 62,"Activity 2, Activity 3, Activity 4",Moderate,Description for Destination 62
Destination 63,"Activity 3, Activity 4, Activity 5",Cold,Description for Destination 63
Destination 64,"Activity 4, Activity 5, Activity 6",Warm,Description for Destination 64
Destination 65,"Activity 5, Activity 6, Activity 7",Moderate,Description for Destination 65
Destination 66,"Activity 6, Activity 7, Activity 8",Cold,Description for Destination 66
Destination 67,"Activity 7, Activity 8, Activity 9",Warm,Description for Destination 67
Destination 68,"Activity 8, Activity 9, Activity 0",Moderate,Description for Destination 68
Destination 69,"Activity 9, Activity 0, Activity 1",Cold,Description for Destination 69
Destination 70,"Activity 0, Activity 1, Activity 2",Warm,Description for Destination 70
Destination 71,"Activity 1, Activity 2, Activity 3",Moderate,Description for Destination 71
Destination 72,"Activity 2, Activity 3, Activity 4",Cold,Description for Destination 72
Destination 73,"Activity 3, Activity 4, Activity 5",Warm,Description for Destination 73
Destination 74,"Activity 4, Activity 5, Activity 6",Moderate,Description for Destination 74
Destination 75,"Activity 5, Activity 6, Activity 7",Cold,Description for Destination 75
Destination 76,"Activity 6, Activity 7, Activity 8",Warm,Description for Destination 76
Destination 77,"Activity 7, Activity 8, Activity 9",Moderate,Description for Destination 77
Destination 78,"Activity 8, Activity 9, Activity 0",Cold,Description for Destination 78
Destination 79,"Activity 9, Activity 0, Activity 1",Warm,Description for Destination 79
Destination 80,"Activity 0, Activity 1, Activity 2",Moderate,Description for Destination 80
Destination 81,"Activity 1, Activity 2, Activity 3",Cold,Description for Destination 81
Destination 82,"Activity 2, Activity 3, Activity 4",Warm,Description for Destination 82
Destination 83,"Activity 3, Activity 4, Activity 5",Moderate,Description for Destination 83
Destination 84,"Activity 4, Activity 5, Activity 6",Cold,Description for Destination 84
Destination 85,"Activity 5, Activity 6, Activity 7",Warm,Description for Destination 85
Destination 86,"Activity 6, Activity 7, Activity 8",Moderate,Description for Destination 86
Destination 87,"Activity 7, Activity 8, Activity 9",Cold,Description for Destination 87
Destination 88,"Activity 8, Activity 9, Activity 0",Warm,Description for Destination 88
Destination 89,"Activity 9, Activity 0, Activity 1",Moderate,Description for Destination 89
Destination 90,"Activity 0, Activity 1, Activity 2",Cold,Description for Destination 90
Destination 91,"Activity 1, Activity 2, Activity 3",Warm,Description for Destination 91
Destination 92,"Activity 2, Activity 3, Activity 4",Moderate,Description for Destination 92
Destination 93,"Activity 3, Activity 4, Activity 5",Cold,Description for Destination 93
Destination 94,"Activity 4, Activity 5, Activity 6",Warm,Description for Destination 94
Destination 95,"Activity 5, Activity 6, Activity 7",Moderate,Description for Destination 95
Destination 96,"Activity 6, Activity 7, Activity 8",Cold,Description for Destination 96
Destination 97,"Activity 7, Activity 8, Activity 9",Warm,Description for Destination 97
Destination 98,"Activity 8, Activity 9, Activity 0",Moderate,Description for Destination 98
Destination 99,"Activity 9, Activity 0, Activity 1",Cold,Description for Destination 99
Destination 100,"Activity 0, Activity 1, Activity 2",Warm,Description for Destination 100
Destination 101,"Activity 1, Activity 2, Activity 3",Moderate,Description for Destination 101
Destination 102,"Activity 2, Activity 3, Activity 4",Cold,Description for Destination 102
Destination 103,"Activity 3, Activity 4, Activity 5",Warm,Description for Destination 103
Destination 104,"Activity 4, Activity 5, Activity 6",Moderate,Description for Destination 104
Destination 105,"Activity 5, Activity 6, Activity 7",Cold,Description for Destination 105
Destination 106,"Activity 6, Activity 7, Activity 8",Warm,Description for Destination 106
Destination 107,"Activity 7, Activity 8, Activity 9",Moderate,Description for Destination 107
Destination 108,"Activity 8, Activity 9, Activity 0",Cold,Description for Destination 108
Destination 109,"Activity 9, Activity 0, Activity 1",Warm,Description for Destination 109
Destination 110,"Activity 0, Activity 1, Activity 2",Moderate,Description for Destination 110
Destination 111,"Activity 1, Activity 2, Activity 3",Cold,Description for Destination 111
Destination 112,"Activity 2, Activity 3, Activity 4",Warm,Description for Destination 112
Destination 113,"Activity 3, Activity 4, Activity 5",Moderate,Description for Destination 113
Destination 114,"Activity 4, Activity 5, Activity 6",Cold,Description for Destination 114
Destination 115,"Activity 5, Activity 6, Activity 7",Warm,Description for Destination 115
Destination 116,"Activity 6, Activity 7, Activity 8",Moderate,Description for Destination 116
Destination 117,"Activity 7, Activity 8, Activity 9",Cold,Description for Destination 117
Destination 118,"Activity 8, Activity 9, Activity 0",Warm,Description for Destination 118
Destination 119,"Activity 9, Activity 0, Activity 1",Moderate,Description for Destination 119
Destination 120,"Activity 0, Activity 1, Activity 2",Cold,Description for Destination 120
Destination 121,"Activity 1, Activity 2, Activity 3",Warm,Description for Destination 121
Destination 122,"Activity 2, Activity 3, Activity 4",Moderate,Description for Destination 122
Destination 123,"Activity 3, Activity 4, Activity 5",Cold,Description for Destination 123
Destination 124,"Activity 4, Activity 5, Activity 6",Warm,Description for Destination 124
Destination 125,"Activity 5, Activity 6, Activity 7",Moderate,Description for Destination 125
Destination 126,"Activity 6, Activity 7, Activity 8",Cold,Description for Destination 126
Destination 127,"Activity 7, Activity 8, Activity 9",Warm,Description for Destination 127
Destination 128,"Activity 8, Activity 9, Activity 0",Moderate,Description for Destination 128
Destination 129,"Activity 9, Activity 0, Activity 1",Cold,Description for Destination 129
Destination 130,"Activity 0, Activity 1, Activity 2",Warm,Description for Destination 130
Destination 131,"Activity 1, Activity 2, Activity 3",Moderate,Description for Destination 131
Destination 132,"Activity 2, Activity 3, Activity 4",Cold,Description for Destination 132
Destination 133,"Activity 3, Activity 4, Activity 5",Warm,Description for Destination 133
Destination 134,"Activity 4, Activity 5, Activity 6",Moderate,Description for Destination 134
Destination 135,"Activity 5, Activity 6, Activity 7",Cold,Description for Destination 135
Destination 136,"Activity 6, Activity 7, Activity 8",Warm,Description for Destination 136
Destination 137,"Activity 7, Activity 8, Activity 9",Moderate,Description for Destination 137
Destination 138,"Activity 8, Activity 9, Activity 0",Cold,Description for Destination 138
Destination 139,"Activity 9, Activity 0, Activity 1",Warm,Description for Destination 139
Destination 140,"Activity 0, Activity 1, Activity 2",Moderate,Description for Destination 140
Destination 141,"Activity 1, Activity 2, Activity 3",Cold,Description for Destination 141
Destination 142,"Activity 2, Activity 3, Activity 4",Warm,Description for Destination 142
Destination 143,"Activity 3, Activity 4, Activity 5",Moderate,Description for Destination 143
Destination 144,"Activity 4, Activity 5, Activity 6",Cold,Description for Destination 144
Destination 145,"Activity 5, Activity 6, Activity 7",Warm,Description for Destination 145
Destination 146,"Activity 6, Activity 7, Activity 8",Moderate,Description for Destination 146
Destination 147,"Activity 7, Activity 8, Activity 9",Cold,Description for Destination 147
Destination 148,"Activity 8, Activity 9, Activity 0",Warm,Description for Destination 148
Destination 149,"Activity 9, Activity 0, Activity 1",Moderate,Description for Destination 149
Destination 150,"Activity 0, Activity 1, Activity 2",Cold,Description for Destination 150
Destination 151,"Activity 1, Activity 2, Activity 3",Warm,Description for Destination 151
Destination 152,"Activity 2, Activity 3, Activity 4",Moderate,Description for Destination 152
Destination 153,"Activity 3, Activity 4, Activity 5",Cold,Description for Destination 153
Destination 154,"Activity 4, Activity 5, Activity 6",Warm,Description for Destination 154
Destination 155,"Activity 5, Activity 6, Activity 7",Moderate,Description for Destination 155
Destination 156,"Activity 6, Activity 7, Activity 8",Cold,Description for Destination 156
Destination 157,"Activity 7, Activity 8, Activity 9",Warm,Description for Destination 157
Destination 158,"Activity 8, Activity 9, Activity 0",Moderate,Description for Destination 158
Destination 159,"Activity 9, Activity 0, Activity 1",Cold,Description for Destination 159
Destination 160,"Activity 0, Activity 1, Activity 2",Warm,Description for Destination 160
Destination 161,"Activity 1, Activity 2, Activity 3",Moderate,Description for Destination 161
Destination 162,"Activity 2, Activity 3, Activity 4",Cold,Description for Destination 162
Destination 163,"Activity 3, Activity 4, Activity 5",Warm,Description for Destination 163
Destination 164,"Activity 4, Activity 5, Activity 6",Moderate,Description for Destination 164
Destination 165,"Activity 5, Activity 6, Activity 7",Cold,Description for Destination 165
Destination 166,"Activity 6, Activity 7, Activity 8",Warm,Description for Destination 166
Destination 167,"Activity 7, Activity 8, Activity 9",Moderate,Description for Destination 167
Destination 168,"Activity 8, Activity 9, Activity 0",Cold,Description for Destination 168
Destination 169,"Activity 9, Activity 0, Activity 1",Warm,Description for Destination 169
Destination 170,"Activity 0, Activity 1, Activity 2",Moderate,Description for Destination 170
Destination 171,"Activity 1, Activity 2, Activity 3",Cold,Description for Destination 171
Destination 172,"Activity 2, Activity 3, Activity 4",Warm,Description for Destination 172
Destination 173,"Activity 3, Activity 4, Activity 5",Moderate,Description for Destination 173
Destination 174,"Activity 4, Activity 5, Activity 6",Cold,Description for Destination 174
Destination 175,"Activity 5, Activity 6, Activity 7",Warm,Description for Destination 175
Destination 176,"Activity 6, Activity 7, Activity 8",Moderate,Description for Destination 176
Destination 177,"Activity 7, Activity 8, Activity 9",Cold,Description for Destination 177
Destination 178,"Activity 8, Activity 9, Activity 0",Warm,Description for Destination 178
Destination 179,"Activity 9, Activity 0, Activity 1",Moderate,Description for Destination 179
Destination 180,"Activity 0, Activity 1, Activity 2",Cold,Description for Destination 180
Destination 181,"Activity 1, Activity 2, Activity 3",Warm,Description for Destination 181
Destination 182,"Activity 2, Activity 3, Activity 4",Moderate,Description for Destination 182
Destination 183,"Activity 3, Activity 4, Activity 5",Cold,Description for Destination 183
Destination 184,"Activity 4, Activity 5, Activity 6",Warm,Description for Destination 184
Destination 185,"Activity 5, Activity 6, Activity 7",Moderate,Description for Destination 185
Destination 186,"Activity 6, Activity 7, Activity 8",Cold,Description for Destination 186
Destination 187,"Activity 7, Activity 8, Activity 9",Warm,Description for Destination 187
Destination 188,"Activity 8, Activity 9, Activity 0",Moderate,Description for Destination 188
Destination 189,"Activity 9, Activity 0, Activity 1",Cold,Description for Destination 189
Destination 190,"Activity 0, Activity 1, Activity 2",Warm,Description for Destination 190
Destination 191,"Activity 1, Activity 2, Activity 3",Moderate,Description for Destination 191
Destination 192,"Activity 2, Activity 3, Activity 4",Cold,Description for Destination 192
Destination 193,"Activity 3, Activity 4, Activity 5",Warm,Description for Destination 193
Destination 194,"Activity 4, Activity 5, Activity 6",Moderate,Description for Destination 194
Destination 195,"Activity 5, Activity 6, Activity 7",Cold,Description for Destination 195
Destination 196,"Activity 6, Activity 7, Activity 8",Warm,Description for Destination 196
Destination 197,"Activity 7, Activity 8, Activity 9",Moderate,Description for Destination 197
Destination 198,"Activity 8, Activity 9, Activity 0",Cold,Description for Destination 198
Destination 199,"Activity 9, Activity 0, Activity 1",Warm,Description for Destination 199
Destination 200,"Activity 0, Activity 1, Activity 2",Moderate,Description for Destination 200
Destination 201,"Activity 1, Activity 2, Activity 3",Cold,Description for Destination 201
Destination 202,"Activity 2, Activity 3, Activity 4",Warm,Description for Destination 202
Destination 203,"Activity 3, Activity 4, Activity 5",Moderate,Description for Destination 203
Destination 204,"Activity 4, Activity 5, Activity 6",Cold,Description for Destination 204
Destination 205,"Activity 5, Activity 6, Activity 7",Warm,Description for Destination 205
Destination 206,"Activity 6, Activity 7, Activity 8",Moderate,Description for Destination 206
Destination 207,"Activity 7, Activity 8, Activity 9",Cold,Description for Destination 207
Destination 208,"Activity 8, Activity 9, Activity 0",Warm,Description for Destination 208
Destination 209,"Activity 9, Activity 0, Activity 1",Moderate,Description for Destination 209
Destination 210,"Activity 0, Activity 1, Activity 2",Cold,Description for Destination 210
Destination 211,"Activity 1, Activity 2, Activity 3",Warm,Description for Destination 211
Destination 212,"Activity 2, Activity 3, Activity 4",Moderate,Description for Destination 212
Destination 213,"Activity 3, Activity 4, Activity 5",Cold,Description for Destination 213
Destination 214,"Activity 4, Activity 5, Activity 6",Warm,Description for Destination 214
Destination 215,"Activity 5, Activity 6, Activity 7",Moderate,Description for Destination 215
Destination 216,"Activity 6, Activity 7, Activity 8",Cold,Description for Destination 216
Destination 217,"Activity 7, Activity 8, Activity 9",Warm,Description for Destination 217
Destination 218,"Activity 8, Activity 9, Activity 0",Moderate,Description for Destination 218
Destination 219,"Activity 9, Activity 0, Activity 1",Cold,Description for Destination 219
Destination 220,"Activity 0, Activity 1, Activity 2",Warm,Description for Destination 220
Destination 221,"Activity 1, Activity 2, Activity 3",Moderate,Description for Destination 221
Destination 222,"Activity 2, Activity 3, Activity 4",Cold,Description for Destination 222
Destination 223,"Activity 3, Activity 4, Activity 5",Warm,Description for Destination 223
Destination 224,"Activity 4, Activity 5, Activity 6",Moderate,Description for Destination 224
Destination 225,"Activity 5, Activity 6, Activity 7",Cold,Description for Destination 225
Destination 226,"Activity 6, Activity 7, Activity 8",Warm,Description for Destination 226
Destination 227,"Activity 7, Activity 8, Activity 9",Moderate,Description for Destination 227
Destination 228,"Activity 8, Activity 9, Activity 0",Cold,Description for Destination 228
Destination 229,"Activity 9, Activity 0, Activity 1",Warm,Description for Destination 229
Destination 230,"Activity 0, Activity 1, Activity 2",Moderate,Description for Destination 230
Destination 231,"Activity 1, Activity 2, Activity 3",Cold,Description for Destination 231
Destination 232,"Activity 2, Activity 3, Activity 4",Warm,Description for Destination 232
Destination 233,"Activity 3, Activity 4, Activity 5",Moderate,Description for Destination 233
Destination 234,"Activity 4, Activity 5, Activity 6",Cold,Description for Destination 234
Destination 235,"Activity 5, Activity 6, Activity 7",Warm,Description for Destination 235
Destination 236,"Activity 6, Activity 7, Activity 8",Moderate,Description for Destination 236
Destination 237,"Activity 7, Activity 8, Activity 9",Cold,Description for Destination 237
Destination 238,"Activity 8, Activity 9, Activity 0",Warm,Description for Destination 238
Destination 239,"Activity 9, Activity 0, Activity 1",Moderate,Description for Destination 239
Destination 240,"Activity 0, Activity 1, Activity 2",Cold,Description for Destination 240
Destination 241,"Activity 1, Activity 2, Activity 3",Warm,Description for Destination 241
Destination 242,"Activity 2, Activity 3, Activity 4",Moderate,Description for Destination 242
Destination 243,"Activity 3, Activity 4, Activity 5",Cold,Description for Destination 243
Destination 244,"Activity 4, Activity 5, Activity 6",Warm,Description for Destination 244
Destination 245,"Activity 5, Activity 6, Activity 7",Moderate,Description for Destination 245
Destination 246,"Activity 6, Activity 7, Activity 8",Cold,Description for Destination 246
Destination 247,"Activity 7, Activity 8, Activity 9",Warm,Description for Destination 247
Destination 248,"Activity 8, Activity 9, Activity 0",Moderate,Description for Destination 248
Destination 249,"Activity 9, Activity 0, Activity 1",Cold,Description for Destination 249
Destination 250,"Activity 0, Activity 1, Activity 2",Warm,Description for Destination 250
Destination 251,"Activity 1, Activity 2, Activity 3",Moderate,Description for Destination 251
Destination 252,"Activity 2, Activity 3, Activity 4",Cold,Description for Destination 252
Destination 253,"Activity 3, Activity 4, Activity 5",Warm,Description for Destination 253
Destination 254,"Activity 4, Activity 5, Activity 6",Moderate,Description for Destination 254
Destination 255,"Activity 5, Activity 6, Activity 7",Cold,Description for Destination 255
Destination 256,"Activity 6, Activity 7, Activity 8",Warm,Description for Destination 256
Destination 257,"Activity 7, Activity 8, Activity 9",Moderate,Description for Destination 257
Destination 258,"Activity 8, Activity 9, Activity 0",Cold,Description for Destination 258
Destination 259,"Activity 9, Activity 0, Activity 1",Warm,Description for Destination 259
Destination 260,"Activity 0, Activity 1, Activity 2",Moderate,Description for Destination 260
Destination 261,"Activity 1, Activity 2, Activity 3",Cold,Description for Destination 261
Destination 262,"Activity 2, Activity 3, Activity 4",Warm,Description for Destination 262
Destination 263,"Activity 3, Activity 4, Activity 5",Moderate,Description for Destination 263
Destination 264,"Activity 4, Activity 5, Activity 6",Cold,Description for Destination 264
Destination 265,"Activity 5, Activity 6, Activity 7",Warm,Description for Destination 265
Destination 266,"Activity 6, Activity 7, Activity 8",Moderate,Description for Destination 266
Destination 267,"Activity 7, Activity 8, Activity 9",Cold,Description for Destination 267
Destination 268,"Activity 8, Activity 9, Activity 0",Warm,Description for Destination 268
Destination 269,"Activity 9, Activity 0, Activity 1",Moderate,Description for Destination 269
Destination 270,"Activity 0, Activity 1, Activity 2",Cold,Description for Destination 270
Destination 271,"Activity 1, Activity 2, Activity 3",Warm,Description for Destination 271
Destination 272,"Activity 2, Activity 3, Activity 4",Moderate,Description for Destination 272
Destination 273,"Activity 3, Activity 4, Activity 5",Cold,Description for Destination 273
Destination 274,"Activity 4, Activity 5, Activity 6",Warm,Description for Destination 274
Destination 275,"Activity 5, Activity 6, Activity 7",Moderate,Description for Destination 275
Destination 276,"Activity 6, Activity 7, Activity 8",Cold,Description for Destination 276
Destination 277,"Activity 7, Activity 8, Activity 9",Warm,Description for Destination 277
Destination 278,"Activity 8, Activity 9, Activity 0",Moderate,Description for Destination 278
Destination 279,"Activity 9, Activity 0, Activity 1",Cold,Description for Destination 279
Destination 280,"Activity 0, Activity 1, Activity 2",Warm,Description for Destination 280
Destination 281,"Activity 1, Activity 2, Activity 3",Moderate,Description for Destination 281
Destination 282,"Activity 2, Activity 3, Activity 4",Cold,Description for Destination 282
Destination 283,"Activity 3, Activity 4, Activity 5",Warm,Description for Destination 283
Destination 284,"Activity 4, Activity 5, Activity 6",Moderate,Description for Destination 284
Destination 285,"Activity 5, Activity 6, Activity 7",Cold,Description for Destination 285
Destination 286,"Activity 6, Activity 7, Activity 8",Warm,Description for Destination 286
Destination 287,"Activity 7, Activity 8, Activity 9",Moderate,Description for Destination 287
Destination 288,"Activity 8, Activity 9, Activity 0",Cold,Description for Destination 288
Destination 289,"Activity 9, Activity 0, Activity 1",Warm,Description for Destination 289
Destination 290,"Activity 0, Activity 1, Activity 2",Moderate,Description for Destination 290
Destination 291,"Activity 1, Activity 2, Activity 3",Cold,Description for Destination 291
Destination 292,"Activity 2, Activity 3, Activity 4",Warm,Description for Destination 292
Destination 293,"Activity 3, Activity 4, Activity 5",Moderate,Description for Destination 293
Destination 294,"Activity 4, Activity 5, Activity 6",Cold,Description for Destination 294
Destination 295,"Activity 5, Activity 6, Activity 7",Warm,Description for Destination 295
Destination 296,"Activity 6, Activity 7, Activity 8",Moderate,Description for Destination 296
Destination 297,"Activity 7, Activity 8, Activity 9",Cold,Description for Destination 297
Destination 298,"Activity 8, Activity 9, Activity 0",Warm,Description for Destination 298
Destination 299,"Activity 9, Activity 0, Activity 1",Moderate,Description for Destination 299
Destination 300,"Activity 0, Activity 1, Activity 2",Cold,Description for Destination 300
Destination 301,"Activity 1, Activity 2, Activity 3",Warm,Description for Destination 301
Destination 302,"Activity 2, Activity 3, Activity 4",Moderate,Description for Destination 302
Destination 303,"Activity 3, Activity 4, Activity 5",Cold,Description for Destination 303
Destination 304,"Activity 4, Activity 5, Activity 6",Warm,Description for Destination 304
Destination 305,"Activity 5, Activity 6, Activity 7",Moderate,Description for Destination 305
Destination 306,"Activity 6, Activity 7, Activity 8",Cold,Description for Destination 306
Destination 307,"Activity 7, Activity 8, Activity 9",Warm,Description for Destination 307
Destination 308,"Activity 8, Activity 9, Activity 0",Moderate,Description for Destination 308
Destination 309,"Activity 9, Activity 0, Activity 1",Cold,Description for Destination 309
Destination 310,"Activity 0, Activity 1, Activity 2",Warm,Description for Destination 310
Destination 311,"Activity 1, Activity 2, Activity 3",Moderate,Description for Destination 311
Destination 312,"Activity 2, Activity 3, Activity 4",Cold,Description for Destination 312
Destination 313,"Activity 3, Activity 4, Activity 5",Warm,Description for Destination 313
Destination 314,"Activity 4, Activity 5, Activity 6",Moderate,Description for Destination 314
Destination 315,"Activity 5, Activity 6, Activity 7",Cold,Description for Destination 315
Destination 316,"Activity 6, Activity 7, Activity 8",Warm,Description for Destination 316
Destination 317,"Activity 7, Activity 8, Activity 9",Moderate,Description for Destination 317
Destination 318,"Activity 8, Activity 9, Activity 0",Cold,Description for Destination 318
Destination 319,"Activity 9, Activity 0, Activity 1",Warm,Description for Destination 319
Destination 320,"Activity 0, Activity 1, Activity 2",Moderate,Description for Destination 320
Destination 321,"Activity 1, Activity 2, Activity 3",Cold,Description for Destination 321
Destination 322,"Activity 2, Activity 3, Activity 4",Warm,Description for Destination 322
Destination 323,"Activity 3, Activity 4, Activity 5",Moderate,Description for Destination 323
Destination 324,"Activity 4, Activity 5, Activity 6",Cold,Description for Destination 324
Destination 325,"Activity 5, Activity 6, Activity 7",Warm,Description for Destination 325
Destination 326,"Activity 6, Activity 7, Activity 8",Moderate,Description for Destination 326
Destination 327,"Activity 7, Activity 8, Activity 9",Cold,Description for Destination 327
Destination 328,"Activity 8, Activity 9, Activity 0",Warm,Description for Destination 328
Destination 329,"Activity 9, Activity 0, Activity 1",Moderate,Description for Destination 329
Destination 330,"Activity 0, Activity 1, Activity 2",Cold,Description for Destination 330
Destination 331,"Activity 1, Activity 2, Activity 3",Warm,Description for Destination 331
Destination 332,"Activity 2, Activity 3, Activity 4",Moderate,Description for Destination 332
Destination 333,"Activity 3, Activity 4, Activity 5",Cold,Description for Destination 333
Destination 334,"Activity 4, Activity 5, Activity 6",Warm,Description for Destination 334
Destination 335,"Activity 5, Activity 6, Activity 7",Moderate,Description for Destination 335
Destination 336,"Activity 6, Activity 7, Activity 8",Cold,Description for Destination 336
Destination 337,"Activity 7, Activity 8, Activity 9",Warm,Description for Destination 337
Destination 338,"Activity 8, Activity 9, Activity 0",Moderate,Description for Destination 338
Destination 339,"Activity 9, Activity 0, Activity 1",Cold,Description for Destination 339
Destination 340,"Activity 0, Activity 1, Activity 2",Warm,Description for Destination 340
Destination 341,"Activity 1, Activity 2, Activity 3",Moderate,Description for Destination 341
Destination 342,"Activity 2, Activity 3, Activity 4",Cold,Description for Destination 342
Destination 343,"Activity 3, Activity 4, Activity 5",Warm,Description for Destination 343
Destination 344,"Activity 4, Activity 5, Activity 6",Moderate,Description for Destination 344
Destination 345,"Activity 5, Activity 6, Activity 7",Cold,Description for Destination 345
Destination 346,"Activity 6, Activity 7, Activity 8",Warm,Description for Destination 346
Destination 347,"Activity 7, Activity 8, Activity 9",Moderate,Description for Destination 347
Destination 348,"Activity 8, Activity 9, Activity 0",Cold,Description for Destination 348
Destination 349,"Activity 9, Activity 0, Activity 1",Warm,Description for Destination 349
Destination 350,"Activity 0, Activity 1, Activity 2",Moderate,Description for Destination 350
Destination 351,"Activity 1, Activity 2, Activity 3",Cold,Description for Destination 351
Destination 352,"Activity 2, Activity 3, Activity 4",Warm,Description for Destination 352
Destination 353,"Activity 3, Activity 4, Activity 5",Moderate,Description for Destination 353
Destination 354,"Activity 4, Activity 5, Activity 6",Cold,Description for Destination 354
Destination 355,"Activity 5, Activity 6, Activity 7",Warm,Description for Destination 355
Destination 356,"Activity 6, Activity 7, Activity 8",Moderate,Description for Destination 356
Destination 357,"Activity 7, Activity 8, Activity 9",Cold,Description for Destination 357
Destination 358,"Activity 8, Activity 9, Activity 0",Warm,Description for Destination 358
Destination 359,"Activity 9, Activity 0, Activity 1",Moderate,Description for Destination 359
Destination 360,"Activity 0, Activity 1, Activity 2",Cold,Description for Destination 360
Destination 361,"Activity 1, Activity 2, Activity 3",Warm,Description for Destination 361
Destination 362,"Activity 2, Activity 3, Activity 4",Moderate,Description for Destination 362
Destination 363,"Activity 3, Activity 4, Activity 5",Cold,Description for Destination 363
Destination 364,"Activity 4, Activity 5, Activity 6",Warm,Description for Destination 364
Destination 365,"Activity 5, Activity 6, Activity 7",Moderate,Description for Destination 365
Destination 366,"Activity 6, Activity 7, Activity 8",Cold,Description for Destination 366
Destination 367,"Activity 7, Activity 8, Activity 9",Warm,Description for Destination 367
Destination 368,"Activity 8, Activity 9, Activity 0",Moderate,Description for Destination 368
Destination 369,"Activity 9, Activity 0, Activity 1",Cold,Description for Destination 369
Destination 370,"Activity 0, Activity 1, Activity 2",Warm,Description for Destination 370
Destination 371,"Activity 1, Activity 2, Activity 3",Moderate,Description for Destination 371
Destination 372,"Activity 2, Activity 3, Activity 4",Cold,Description for Destination 372
Destination 373,"Activity 3, Activity 4, Activity 5",Warm,Description for Destination 373
Destination 374,"Activity 4, Activity 5, Activity 6",Moderate,Description for Destination 374
Destination 375,"Activity 5, Activity 6, Activity 7",Cold,Description for Destination 375
Destination 376,"Activity 6, Activity 7, Activity 8",Warm,Description for Destination 376
Destination 377,"Activity 7, Activity 8, Activity 9",Moderate,Description for Destination 377
Destination 378,"Activity 8, Activity 9, Activity 0",Cold,Description for Destination 378
Destination 379,"Activity 9, Activity 0, Activity 1",Warm,Description for Destination 379
Destination 380,"Activity 0, Activity 1, Activity 2",Moderate,Description for Destination 380
Destination 381,"Activity 1, Activity 2, Activity 3",Cold,Description for Destination 381
Destination 382,"Activity 2, Activity 3, Activity 4",Warm,Description for Destination 382
Destination 383,"Activity 3, Activity 4, Activity 5",Moderate,Description for Destination 383
Destination 384,"Activity 4, Activity 5, Activity 6",Cold,Description for Destination 384
Destination 385,"Activity 5, Activity 6, Activity 7",Warm,Description for Destination 385
Destination 386,"Activity 6, Activity 7, Activity 8",Moderate,Description for Destination 386
Destination 387,"Activity 7, Activity 8, Activity 9",Cold,Description for Destination 387
Destination 388,"Activity 8, Activity 9, Activity 0",Warm,Description for Destination 388
Destination 389,"Activity 9, Activity 0, Activity 1",Moderate,Description for Destination 389
Destination 390,"Activity 0, Activity 1, Activity 2",Cold,Description for Destination 390
Destination 391,"Activity 1, Activity 2, Activity 3",Warm,Description for Destination 391
Destination 392,"Activity 2, Activity 3, Activity 4",Moderate,Description for Destination 392
Destination 393,"Activity 3, Activity 4, Activity 5",Cold,Description for Destination 393
Destination 394,"Activity 4, Activity 5, Activity 6",Warm,Description for Destination 394
Destination 395,"Activity 5, Activity 6, Activity 7",Moderate,Description for Destination 395
Destination 396,"Activity 6, Activity 7, Activity 8",Cold,Description for Destination 396
Destination 397,"Activity 7, Activity 8, Activity 9",Warm,Description for Destination 397
Destination 398,"Activity 8, Activity 9, Activity 0",Moderate,Description for Destination 398
Destination 399,"Activity 9, Activity 0, Activity 1",Cold,Description for Destination 399
Destination 400,"Activity 0, Activity 1, Activity 2",Warm,Description for Destination 400
Destination 401,"Activity 1, Activity 2, Activity 3",Moderate,Description for Destination 401
Destination 402,"Activity 2, Activity 3, Activity 4",Cold,Description for Destination 402
Destination 403,"Activity 3, Activity 4, Activity 5",Warm,Description for Destination 403
Destination 404,"Activity 4, Activity 5, Activity 6",Moderate,Description for Destination 404
Destination 405,"Activity 5, Activity 6, Activity 7",Cold,Description for Destination 405
Destination 406,"Activity 6, Activity 7, Activity 8",Warm,Description for Destination 406
Destination 407,"Activity 7, Activity 8, Activity 9",Moderate,Description for Destination 407
Destination 408,"Activity 8, Activity 9, Activity 0",Cold,Description for Destination 408
Destination 409,"Activity 9, Activity 0, Activity 1",Warm,Description for Destination 409
Destination 410,"Activity 0, Activity 1, Activity 2",Moderate,Description for Destination 410
Destination 411,"Activity 1, Activity 2, Activity 3",Cold,Description for Destination 411
Destination 412,"Activity 2, Activity 3, Activity 4",Warm,Description for Destination 412
Destination 413,"Activity 3, Activity 4, Activity 5",Moderate,Description for Destination 413
Destination 414,"Activity 4, Activity 5, Activity 6",Cold,Description for Destination 414
Destination 415,"Activity 5, Activity 6, Activity 7",Warm,Description for Destination 415
Destination 416,"Activity 6, Activity 7, Activity 8",Moderate,Description for Destination 416
Destination 417,"Activity 7, Activity 8, Activity 9",Cold,Description for Destination 417
Destination 418,"Activity 8, Activity 9, Activity 0",Warm,Description for Destination 418
Destination 419,"Activity 9, Activity 0, Activity 1",Moderate,Description for Destination 419
Destination 420,"Activity 0, Activity 1, Activity 2",Cold,Description for Destination 420
Destination 421,"Activity 1, Activity 2, Activity 3",Warm,Description for Destination 421
Destination 422,"Activity 2, Activity 3, Activity 4",Moderate,Description for Destination 422
Destination 423,"Activity 3, Activity 4, Activity 5",Cold,Description for Destination 423
Destination 424,"Activity 4, Activity 5, Activity 6",Warm,Description for Destination 424
Destination 425,"Activity 5, Activity 6, Activity 7",Moderate,Description for Destination 425
Destination 426,"Activity 6, Activity 7, Activity 8",Cold,Description for Destination 426
Destination 427,"Activity 7, Activity 8, Activity 9",Warm,Description for Destination 427
Destination 428,"Activity 8, Activity 9, Activity 0",Moderate,Description for Destination 428
Destination 429,"Activity 9, Activity 0, Activity 1",Cold,Description for Destination 429
Destination 430,"Activity 0, Activity 1, Activity 2",Warm,Description for Destination 430
Destination 431,"Activity 1, Activity 2, Activity 3",Moderate,Description for Destination 431
Destination 432,"Activity 2, Activity 3, Activity 4",Cold,Description for Destination 432
Destination 433,"Activity 3, Activity 4, Activity 5",Warm,Description for Destination 433
Destination 434,"Activity 4, Activity 5, Activity 6",Moderate,Description for Destination 434
Destination 435,"Activity 5, Activity 6, Activity 7",Cold,Description for Destination 435
Destination 436,"Activity 6, Activity 7, Activity 8",Warm,Description for Destination 436
Destination 437,"Activity 7, Activity 8, Activity 9",Moderate,Description for Destination 437
Destination 438,"Activity 8, Activity 9, Activity 0",Cold,Description for Destination 438
Destination 439,"Activity 9, Activity 0, Activity 1",Warm,Description for Destination 439
Destination 440,"Activity 0, Activity 1, Activity 2",Moderate,Description for Destination 440
Destination 441,"Activity 1, Activity 2, Activity 3",Cold,Description for Destination 441
Destination 442,"Activity 2, Activity 3, Activity 4",Warm,Description for Destination 442
Destination 443,"Activity 3, Activity 4, Activity 5",Moderate,Description for Destination 443
Destination 444,"Activity 4, Activity 5, Activity 6",Cold,Description for Destination 444
Destination 445,"Activity 5, Activity 6, Activity 7",Warm,Description for Destination 445
Destination 446,"Activity 6, Activity 7, Activity 8",Moderate,Description for Destination 446
Destination 447,"Activity 7, Activity 8, Activity 9",Cold,Description for Destination 447
Destination 448,"Activity 8, Activity 9, Activity 0",Warm,Description for Destination 448
Destination 449,"Activity 9, Activity 0, Activity 1",Moderate,Description for Destination 449
Destination 450,"Activity 0, Activity 1, Activity 2",Cold,Description for Destination 450
Destination 451,"Activity 1, Activity 2, Activity 3",Warm,Description for Destination 451
Destination 452,"Activity 2, Activity 3, Activity 4",Moderate,Description for Destination 452
Destination 453,"Activity 3, Activity 4, Activity 5",Cold,Description for Destination 453
Destination 454,"Activity 4, Activity 5, Activity 6",Warm,Description for Destination 454
Destination 455,"Activity 5, Activity 6, Activity 7",Moderate,Description for Destination 455
Destination 456,"Activity 6, Activity 7, Activity 8",Cold,Description for Destination 456
Destination 457,"Activity 7, Activity 8, Activity 9",Warm,Description for Destination 457
Destination 458,"Activity 8, Activity 9, Activity 0",Moderate,Description for Destination 458
Destination 459,"Activity 9, Activity 0, Activity 1",Cold,Description for Destination 459
Destination 460,"Activity 0, Activity 1, Activity 2",Warm,Description for Destination 460
Destination 461,"Activity 1, Activity 2, Activity 3",Moderate,Description for Destination 461
Destination 462,"Activity 2, Activity 3, Activity 4",Cold,Description for Destination 462
Destination 463,"Activity 3, Activity 4, Activity 5",Warm,Description for Destination 463
Destination 464,"Activity 4, Activity 5, Activity 6",Moderate,Description for Destination 464
Destination 465,"Activity 5, Activity 6, Activity 7",Cold,Description for Destination 465
Destination 466,"Activity 6, Activity 7, Activity 8",Warm,Description for Destination 466
Destination 467,"Activity 7, Activity 8, Activity 9",Moderate,Description for Destination 467
Destination 468,"Activity 8, Activity 9, Activity 0",Cold,Description for Destination 468
Destination 469,"Activity 9, Activity 0, Activity 1",Warm,Description for Destination 469
Destination 470,"Activity 0, Activity 1, Activity 2",Moderate,Description for Destination 470
Destination 471,"Activity 1, Activity 2, Activity 3",Cold,Description for Destination 471
Destination 472,"Activity 2, Activity 3, Activity 4",Warm,Description for Destination 472
Destination 473,"Activity 3, Activity 4, Activity 5",Moderate,Description for Destination 473
Destination 474,"Activity 4, Activity 5, Activity 6",Cold,Description for Destination 474
Destination 475,"Activity 5, Activity 6, Activity 7",Warm,Description for Destination 475
Destination 476,"Activity 6, Activity 7, Activity 8",Moderate,Description for Destination 476
Destination 477,"Activity 7, Activity 8, Activity 9",Cold,Description for Destination 477
Destination 478,"Activity 8, Activity 9, Activity 0",Warm,Description for Destination 478
Destination 479,"Activity 9, Activity 0, Activity 1",Moderate,Description for Destination 479
Destination 480,"Activity 0, Activity 1, Activity 2",Cold,Description for Destination 480
Destination 481,"Activity 1, Activity 2, Activity 3",Warm,Description for Destination 481
Destination 482,"Activity 2, Activity 3, Activity 4",Moderate,Description for Destination 482
Destination 483,"Activity 3, Activity 4, Activity 5",Cold,Description for Destination 483
Destination 484,"Activity 4, Activity 5, Activity 6",Warm,Description for Destination 484
Destination 485,"Activity 5, Activity 6, Activity 7",Moderate,Description for Destination 485
Destination 486,"Activity 6, Activity 7, Activity 8",Cold,Description for Destination 486
Destination 487,"Activity 7, Activity 8, Activity 9",Warm,Description for Destination 487
Destination 488,"Activity 8, Activity 9, Activity 0",Moderate,Description for Destination 488
Destination 489,"Activity 9, Activity 0, Activity 1",Cold,Description for Destination 489
Destination 490,"Activity 0, Activity 1, Activity 2",Warm,Description for Destination 490
Destination 491,"Activity 1, Activity 2, Activity 3",Moderate,Description for Destination 491
Destination 492,"Activity 2, Activity 3, Activity 4",Cold,Description for Destination 492
Destination 493,"Activity 3, Activity 4, Activity 5",Warm,Description for Destination 493
Destination 494,"Activity 4, Activity 5, Activity 6",Moderate,Description for Destination 494
Destination 495,"Activity 5, Activity 6, Activity 7",Cold,Description for Destination 495
Destination 496,"Activity 6, Activity 7, Activity 8",Warm,Description for Destination 496
Destination 497,"Activity 7, Activity 8, Activity 9",Moderate,Description for Destination 497
Destination 498,"Activity 8, Activity 9, Activity 0",Cold,Description for Destination 498
Destination 499,"Activity 9, Activity 0, Activity 1",Warm,Description for Destination 499
Destination 500,"Activity 0, Activity 1, Activity 2",Moderate,Description for Destination 500
Destination 501,"Activity 1, Activity 2, Activity 3",Cold,Description for Destination 501
Destination 502,"Activity 2, Activity 3, Activity 4",Warm,Description for Destination 502
Destination 503,"Activity 3, Activity 4, Activity 5",Moderate,Description for Destination 503
Destination 504,"Activity 4, Activity 5, Activity 6",Cold,Description for Destination 504
Destination 505,"Activity 5, Activity 6, Activity 7",Warm,Description for Destination 505
Destination 506,"Activity 6, Activity 7, Activity 8",Moderate,Description for Destination 506
Destination 507,"Activity 7, Activity 8, Activity 9",Cold,Description for Destination 507
Destination 508,"Activity 8, Activity 9, Activity 0",Warm,Description for Destination 508
Destination 509,"Activity 9, Activity 0, Activity 1",Moderate,Description for Destination 509
Destination 510,"Activity 0, Activity 1, Activity 2",Cold,Description for Destination 510
Destination 511,"Activity 1, Activity 2, Activity 3",Warm,Description for Destination 511
Destination 512,"Activity 2, Activity 3, Activity 4",Moderate,Description for Destination 512
Destination 513,"Activity 3, Activity 4, Activity 5",Cold,Description for Destination 513
Destination 514,"Activity 4, Activity 5, Activity 6",Warm,Description for Destination 514
Destination 515,"Activity 5, Activity 6, Activity 7",Moderate,Description for Destination 515
Destination 516,"Activity 6, Activity 7, Activity 8",Cold,Description for Destination 516
Destination 517,"Activity 7, Activity 8, Activity 9",Warm,Description for Destination 517
Destination 518,"Activity 8, Activity 9, Activity 0",Moderate,Description for Destination 518
Destination 519,"Activity 9, Activity 0, Activity 1",Cold,Description for Destination 519
Destination 520,"Activity 0, Activity 1, Activity 2",Warm,Description for Destination 520
Destination 521,"Activity 1, Activity 2, Activity 3",Moderate,Description for Destination 521
Destination 522,"Activity 2, Activity 3, Activity 4",Cold,Description for Destination 522
Destination 523,"Activity 3, Activity 4, Activity 5",Warm,Description for Destination 523
Destination 524,"Activity 4, Activity 5, Activity 6",Moderate,Description for Destination 524
Destination 525,"Activity 5, Activity 6, Activity 7",Cold,Description for Destination 525
Destination 526,"Activity 6, Activity 7, Activity 8",Warm,Description for Destination 526
Destination 527,"Activity 7, Activity 8, Activity 9",Moderate,Description for Destination 527
Destination 528,"Activity 8, Activity 9, Activity 0",Cold,Description for Destination 528
Destination 529,"Activity 9, Activity 0, Activity 1",Warm,Description for Destination 529
Destination 530,"Activity 0, Activity 1, Activity 2",Moderate,Description for Destination 530
Destination 531,"Activity 1, Activity 2, Activity 3",Cold,Description for Destination 531
Destination 532,"Activity 2, Activity 3, Activity 4",Warm,Description for Destination 532
Destination 533,"Activity 3, Activity 4, Activity 5",Moderate,Description for Destination 533
Destination 534,"Activity 4, Activity 5, Activity 6",Cold,Description for Destination 534
Destination 535,"Activity 5, Activity 6, Activity 7",Warm,Description for Destination 535
Destination 536,"Activity 6, Activity 7, Activity 8",Moderate,Description for Destination 536
Destination 537,"Activity 7, Activity 8, Activity 9",Cold,Description for Destination 537
Destination 538,"Activity 8, Activity 9, Activity 0",Warm,Description for Destination 538
Destination 539,"Activity 9, Activity 0, Activity 1",Moderate,Description for Destination 539
Destination 540,"Activity 0, Activity 1, Activity 2",Cold,Description for Destination 540
Destination 541,"Activity 1, Activity 2, Activity 3",Warm,Description for Destination 541
Destination 542,"Activity 2, Activity 3, Activity 4",Moderate,Description for Destination 542
Destination 543,"Activity 3, Activity 4, Activity 5",Cold,Description for Destination 543
Destination 544,"Activity 4, Activity 5, Activity 6",Warm,Description for Destination 544
Destination 545,"Activity 5, Activity 6, Activity 7",Moderate,Description for Destination 545
Destination 546,"Activity 6, Activity 7, Activity 8",Cold,Description for Destination 546
Destination 547,"Activity 7, Activity 8, Activity 9",Warm,Description for Destination 547
Destination 548,"Activity 8, Activity 9, Activity 0",Moderate,Description for Destination 548
Destination 549,"Activity 9, Activity 0, Activity 1",Cold,Description for Destination 549
Destination 550,"Activity 0, Activity 1, Activity 2",Warm,Description for Destination 550
Destination 551,"Activity 1, Activity 2, Activity 3",Moderate,Description for Destination 551
Destination 552,"Activity 2, Activity 3, Activity 4",Cold,Description for Destination 552
Destination 553,"Activity 3, Activity 4, Activity 5",Warm,Description for Destination 553
Destination 554,"Activity 4, Activity 5, Activity 6",Moderate,Description for Destination 554
Destination 555,"Activity 5, Activity 6, Activity 7",Cold,Description for Destination 555
Destination 556,"Activity 6, Activity 7, Activity 8",Warm,Description for Destination 556
Destination 557,"Activity 7, Activity 8, Activity 9",Moderate,Description for Destination 557
Destination 558,"Activity 8, Activity 9, Activity 0",Cold,Description for Destination 558
Destination 559,"Activity 9, Activity 0, Activity 1",Warm,Description for Destination 559
Destination 560,"Activity 0, Activity 1, Activity 2",Moderate,Description for Destination 560
Destination 561,"Activity 1, Activity 2, Activity 3",Cold,Description for Destination 561
Destination 562,"Activity 2, Activity 3, Activity 4",Warm,Description for Destination 562
Destination 563,"Activity 3, Activity 4, Activity 5",Moderate,Description for Destination 563
Destination 564,"Activity 4, Activity 5, Activity 6",Cold,Description for Destination 564
Destination 565,"Activity 5, Activity 6, Activity 7",Warm,Description for Destination 565
Destination 566,"Activity 6, Activity 7, Activity 8",Moderate,Description for Destination 566
Destination 567,"Activity 7, Activity 8, Activity 9",Cold,Description for Destination 567
Destination 568,"Activity 8, Activity 9, Activity 0",Warm,Description for Destination 568
Destination 569,"Activity 9, Activity 0, Activity 1",Moderate,Description for Destination 569
Destination 570,"Activity 0, Activity 1, Activity 2",Cold,Description for Destination 570
Destination 571,"Activity 1, Activity 2, Activity 3",Warm,Description for Destination 571
Destination 572,"Activity 2, Activity 3, Activity 4",Moderate,Description for Destination 572
Destination 573,"Activity 3, Activity 4, Activity 5",Cold,Description for Destination 573
Destination 574,"Activity 4, Activity 5, Activity 6",Warm,Description for Destination 574
Destination 575,"Activity 5, Activity 6, Activity 7",Moderate,Description for Destination 575
Destination 576,"Activity 6, Activity 7, Activity 8",Cold,Description for Destination 576
Destination 577,"Activity 7, Activity 8, Activity 9",Warm,Description for Destination 577
Destination 578,"Activity 8, Activity 9, Activity 0",Moderate,Description for Destination 578
Destination 579,"Activity 9, Activity 0, Activity 1",Cold,Description for Destination 579
Destination 580,"Activity 0, Activity 1, Activity 2",Warm,Description for Destination 580
Destination 581,"Activity 1, Activity 2, Activity 3",Moderate,Description for Destination 581
Destination 582,"Activity 2, Activity 3, Activity 4",Cold,Description for Destination 582
Destination 583,"Activity 3, Activity 4, Activity 5",Warm,Description for Destination 583
Destination 584,"Activity 4, Activity 5, Activity 6",Moderate,Description for Destination 584
Destination 585,"Activity 5, Activity 6, Activity 7",Cold,Description for Destination 585
Destination 586,"Activity 6, Activity 7, Activity 8",Warm,Description for Destination 586
Destination 587,"Activity 7, Activity 8, Activity 9",Moderate,Description for Destination 587
Destination 588,"Activity 8, Activity 9, Activity 0",Cold,Description for Destination 588
Destination 589,"Activity 9, Activity 0, Activity 1",Warm,Description for Destination 589
Destination 590,"Activity 0, Activity 1, Activity 2",Moderate,Description for Destination 590
Destination 591,"Activity 1, Activity 2, Activity 3",Cold,Description for Destination 591
Destination 592,"Activity 2, Activity 3, Activity 4",Warm,Description for Destination 592
Destination 593,"Activity 3, Activity 4, Activity 5",Moderate,Description for Destination 593
Destination 594,"Activity 4, Activity 5, Activity 6",Cold,Description for Destination 594
Destination 595,"Activity 5, Activity 6, Activity 7",Warm,Description for Destination 595
Destination 596,"Activity 6, Activity 7, Activity 8",Moderate,Description for Destination 596
Destination 597,"Activity 7, Activity 8, Activity 9",Cold,Description for Destination 597
Destination 598,"Activity 8, Activity 9, Activity 0",Warm,Description for Destination 598
Destination 599,"Activity 9, Activity 0, Activity 1",Moderate,Description for Destination 599
Destination 600,"Activity 0, Activity 1, Activity 2",Cold,Description for Destination 600
Destination 601,"Activity 1, Activity 2, Activity 3",Warm,Description for Destination 601
Destination 602,"Activity 2, Activity 3, Activity 4",Moderate,Description for Destination 602
Destination 603,"Activity 3, Activity 4, Activity 5",Cold,Description for Destination 603
Destination 604,"Activity 4, Activity 5, Activity 6",Warm,Description for Destination 604
Destination 605,"Activity 5, Activity 6, Activity 7",Moderate,Description for Destination 605
Destination 606,"Activity 6, Activity 7, Activity 8",Cold,Description for Destination 606
Destination 607,"Activity 7, Activity 8, Activity 9",Warm,Description for Destination 607
Destination 608,"Activity 8, Activity 9, Activity 0",Moderate,Description for Destination 608
Destination 609,"Activity 9, Activity 0, Activity 1",Cold,Description for Destination 609
Destination 610,"Activity 0, Activity 1, Activity 2",Warm,Description for Destination 610
Destination 611,"Activity 1, Activity 2, Activity 3",Moderate,Description for Destination 611
Destination 612,"Activity 2, Activity 3, Activity 4",Cold,Description for Destination 612
Destination 613,"Activity 3, Activity 4, Activity 5",Warm,Description for Destination 613
Destination 614,"Activity 4, Activity 5, Activity 6",Moderate,Description for Destination 614
Destination 615,"Activity 5, Activity 6, Activity 7",Cold,Description for Destination 615
Destination 616,"Activity 6, Activity 7, Activity 8",Warm,Description for Destination 616
Destination 617,"Activity 7, Activity 8, Activity 9",Moderate,Description for Destination 617
Destination 618,"Activity 8, Activity 9, Activity 0",Cold,Description for Destination 618
Destination 619,"Activity 9, Activity 0, Activity 1",Warm,Description for Destination 619
Destination 620,"Activity 0, Activity 1, Activity 2",Moderate,Description for Destination 620
Destination 621,"Activity 1, Activity 2, Activity 3",Cold,Description for Destination 621
Destination 622,"Activity 2, Activity 3, Activity 4",Warm,Description for Destination 622
Destination 623,"Activity 3, Activity 4, Activity 5",Moderate,Description for Destination 623
Destination 624,"Activity 4, Activity 5, Activity 6",Cold,Description for Destination 624
Destination 625,"Activity 5, Activity 6, Activity 7",Warm,Description for Destination 625
Destination 626,"Activity 6, Activity 7, Activity 8",Moderate,Description for Destination 626
Destination 627,"Activity 7, Activity 8, Activity 9",Cold,Description for Destination 627
Destination 628,"Activity 8, Activity 9, Activity 0",Warm,Description for Destination 628
Destination 629,"Activity 9, Activity 0, Activity 1",Moderate,Description for Destination 629
Destination 630,"Activity 0, Activity 1, Activity 2",Cold,Description for Destination 630
Destination 631,"Activity 1, Activity 2, Activity 3",Warm,Description for Destination 631
Destination 632,"Activity 2, Activity 3, Activity 4",Moderate,Description for Destination 632
Destination 633,"Activity 3, Activity 4, Activity 5",Cold,Description for Destination 633
Destination 634,"Activity 4, Activity 5, Activity 6",Warm,Description for Destination 634
Destination 635,"Activity 5, Activity 6, Activity 7",Moderate,Description for Destination 635
Destination 636,"Activity 6, Activity 7, Activity 8",Cold,Description for Destination 636
Destination 637,"Activity 7, Activity 8, Activity 9",Warm,Description for Destination 637
Destination 638,"Activity 8, Activity 9, Activity 0",Moderate,Description for Destination 638
Destination 639,"Activity 9, Activity 0, Activity 1",Cold,Description for Destination 639
Destination 640,"Activity 0, Activity 1, Activity 2",Warm,Description for Destination 640
Destination 641,"Activity 1, Activity 2, Activity 3",Moderate,Description for Destination 641
Destination 642,"Activity 2, Activity 3, Activity 4",Cold,Description for Destination 642
Destination 643,"Activity 3, Activity 4, Activity 5",Warm,Description for Destination 643
Destination 644,"Activity 4, Activity 5, Activity 6",Moderate,Description for Destination 644
Destination 645,"Activity 5, Activity 6, Activity 7",Cold,Description for Destination 645
Destination 646,"Activity 6, Activity 7, Activity 8",Warm,Description for Destination 646
Destination 647,"Activity 7, Activity 8, Activity 9",Moderate,Description for Destination 647
Destination 648,"Activity 8, Activity 9, Activity 0",Cold,Description for Destination 648
Destination 649,"Activity 9, Activity 0, Activity 1",Warm,Description for Destination 649
Destination 650,"Activity 0, Activity 1, Activity 2",Moderate,Description for Destination 650
Destination 651,"Activity 1, Activity 2, Activity 3",Cold,Description for Destination 651
Destination 652,"Activity 2, Activity 3, Activity 4",Warm,Description for Destination 652
Destination 653,"Activity 3, Activity 4, Activity 5",Moderate,Description for Destination 653
Destination 654,"Activity 4, Activity 5, Activity 6",Cold,Description for Destination 654
Destination 655,"Activity 5, Activity 6, Activity 7",Warm,Description for Destination 655
Destination 656,"Activity 6, Activity 7, Activity 8",Moderate,Description for Destination 656
Destination 657,"Activity 7, Activity 8, Activity 9",Cold,Description for Destination 657
Destination 658,"Activity 8, Activity 9, Activity 0",Warm,Description for Destination 658
Destination 659,"Activity 9, Activity 0, Activity 1",Moderate,Description for Destination 659
Destination 660,"Activity 0, Activity 1, Activity 2",Cold,Description for Destination 660
Destination 661,"Activity 1, Activity 2, Activity 3",Warm,Description for Destination 661
Destination 662,"Activity 2, Activity 3, Activity 4",Moderate,Description for Destination 662
Destination 663,"Activity 3, Activity 4, Activity 5",Cold,Description for Destination 663
Destination 664,"Activity 4, Activity 5, Activity 6",Warm,Description for Destination 664
Destination 665,"Activity 5, Activity 6, Activity 7",Moderate,Description for Destination 665
Destination 666,"Activity 6, Activity 7, Activity 8",Cold,Description for Destination 666
Destination 667,"Activity 7, Activity 8, Activity 9",Warm,Description for Destination 667
Destination 668,"Activity 8, Activity 9, Activity 0",Moderate,Description for Destination 668
Destination 669,"Activity 9, Activity 0, Activity 1",Cold,Description for Destination 669
Destination 670,"Activity 0, Activity 1, Activity 2",Warm,Description for Destination 670
Destination 671,"Activity 1, Activity 2, Activity 3",Moderate,Description for Destination 671
Destination 672,"Activity 2, Activity 3, Activity 4",Cold,Description for Destination 672
Destination 673,"Activity 3, Activity 4, Activity 5",Warm,Description for Destination 673
Destination 674,"Activity 4, Activity 5, Activity 6",Moderate,Description for Destination 674
Destination 675,"Activity 5, Activity 6, Activity 7",Cold,Description for Destination 675
Destination 676,"Activity 6, Activity 7, Activity 8",Warm,Description for Destination 676
Destination 677,"Activity 7, Activity 8, Activity 9",Moderate,Description for Destination 677
Destination 678,"Activity 8, Activity 9, Activity 0",Cold,Description for Destination 678
Destination 679,"Activity 9, Activity 0, Activity 1",Warm,Description for Destination 679
Destination 680,"Activity 0, Activity 1, Activity 2",Moderate,Description for Destination 680
Destination 681,"Activity 1, Activity 2, Activity 3",Cold,Description for Destination 681
Destination 682,"Activity 2, Activity 3, Activity 4",Warm,Description for Destination 682
Destination 683,"Activity 3, Activity 4, Activity 5",Moderate,Description for Destination 683
Destination 684,"Activity 4, Activity 5, Activity 6",Cold,Description for Destination 684
Destination 685,"Activity 5, Activity 6, Activity 7",Warm,Description for Destination 685
Destination 686,"Activity 6, Activity 7, Activity 8",Moderate,Description for Destination 686
Destination 687,"Activity 7, Activity 8, Activity 9",Cold,Description for Destination 687
Destination 688,"Activity 8, Activity 9, Activity 0",Warm,Description for Destination 688
Destination 689,"Activity 9, Activity 0, Activity 1",Moderate,Description for Destination 689
Destination 690,"Activity 0, Activity 1, Activity 2",Cold,Description for Destination 690
Destination 691,"Activity 1, Activity 2, Activity 3",Warm,Description for Destination 691
Destination 692,"Activity 2, Activity 3, Activity 4",Moderate,Description for Destination 692
Destination 693,"Activity 3, Activity 4, Activity 5",Cold,Description for Destination 693
Destination 694,"Activity 4, Activity 5, Activity 6",Warm,Description for Destination 694
Destination 695,"Activity 5, Activity 6, Activity 7",Moderate,Description for Destination 695
Destination 696,"Activity 6, Activity 7, Activity 8",Cold,Description for Destination 696
Destination 697,"Activity 7, Activity 8, Activity 9",Warm,Description for Destination 697
Destination 698,"Activity 8, Activity 9, Activity 0",Moderate,Description for Destination 698
Destination 699,"Activity 9, Activity 0, Activity 1",Cold,Description for Destination 699
Destination 700,"Activity 0, Activity 1, Activity 2",Warm,Description for Destination 700
Destination 701,"Activity 1, Activity 2, Activity 3",Moderate,Description for Destination 701
Destination 702,"Activity 2, Activity 3, Activity 4",Cold,Description for Destination 702
Destination 703,"Activity 3, Activity 4, Activity 5",Warm,Description for Destination 703
Destination 704,"Activity 4, Activity 5, Activity 6",Moderate,Description for Destination 704
Destination 705,"Activity 5, Activity 6, Activity 7",Cold,Description for Destination 705
Destination 706,"Activity 6, Activity 7, Activity 8",Warm,Description for Destination 706
Destination 707,"Activity 7, Activity 8, Activity 9",Moderate,Description for Destination 707
Destination 708,"Activity 8, Activity 9, Activity 0",Cold,Description for Destination 708
Destination 709,"Activity 9, Activity 0, Activity 1",Warm,Description for Destination 709
Destination 710,"Activity 0, Activity 1, Activity 2",Moderate,Description for Destination 710
Destination 711,"Activity 1, Activity 2, Activity 3",Cold,Description for Destination 711
Destination 712,"Activity 2, Activity 3, Activity 4",Warm,Description for Destination 712
Destination 713,"Activity 3, Activity 4, Activity 5",Moderate,Description for Destination 713
Destination 714,"Activity 4, Activity 5, Activity 6",Cold,Description for Destination 714
Destination 715,"Activity 5, Activity 6, Activity 7",Warm,Description for Destination 715
Destination 716,"Activity 6, Activity 7, Activity 8",Moderate,Description for Destination 716
Destination 717,"Activity 7, Activity 8, Activity 9",Cold,Description for Destination 717
Destination 718,"Activity 8, Activity 9, Activity 0",Warm,Description for Destination 718
Destination 719,"Activity 9, Activity 0, Activity 1",Moderate,Description for Destination 719
Destination 720,"Activity 0, Activity 1, Activity 2",Cold,Description for Destination 720
Destination 721,"Activity 1, Activity 2, Activity 3",Warm,Description for Destination 721
Destination 722,"Activity 2, Activity 3, Activity 4",Moderate,Description for Destination 722
Destination 723,"Activity 3, Activity 4, Activity 5",Cold,Description for Destination 723
Destination 724,"Activity 4, Activity 5, Activity 6",Warm,Description for Destination 724
Destination 725,"Activity 5, Activity 6, Activity 7",Moderate,Description for Destination 725
Destination 726,"Activity 6, Activity 7, Activity 8",Cold,Description for Destination 726
Destination 727,"Activity 7, Activity 8, Activity 9",Warm,Description for Destination 727
Destination 728,"Activity 8, Activity 9, Activity 0",Moderate,Description for Destination 728
Destination 729,"Activity 9, Activity 0, Activity 1",Cold,Description for Destination 729
Destination 730,"Activity 0, Activity 1, Activity 2",Warm,Description for Destination 730
Destination 731,"Activity 1, Activity 2, Activity 3",Moderate,Description for Destination 731
Destination 732,"Activity 2, Activity 3, Activity 4",Cold,Description for Destination 732
Destination 733,"Activity 3, Activity 4, Activity 5",Warm,Description for Destination 733
Destination 734,"Activity 4, Activity 5, Activity 6",Moderate,Description for Destination 734
Destination 735,"Activity 5, Activity 6, Activity 7",Cold,Description for Destination 735
Destination 736,"Activity 6, Activity 7, Activity 8",Warm,Description for Destination 736
Destination 737,"Activity 7, Activity 8, Activity 9",Moderate,Description for Destination 737
Destination 738,"Activity 8, Activity 9, Activity 0",Cold,Description for Destination 738
Destination 739,"Activity 9, Activity 0, Activity 1",Warm,Description for Destination 739
Destination 740,"Activity 0, Activity 1, Activity 2",Moderate,Description for Destination 740
Destination 741,"Activity 1, Activity 2, Activity 3",Cold,Description for Destination 741
Destination 742,"Activity 2, Activity 3, Activity 4",Warm,Description for Destination 742
Destination 743,"Activity 3, Activity 4, Activity 5",Moderate,Description for Destination 743
Destination 744,"Activity 4, Activity 5, Activity 6",Cold,Description for Destination 744
Destination 745,"Activity 5, Activity 6, Activity 7",Warm,Description for Destination 745
Destination 746,"Activity 6, Activity 7, Activity 8",Moderate,Description for Destination 746
Destination 747,"Activity 7, Activity 8, Activity 9",Cold,Description for Destination 747
Destination 748,"Activity 8, Activity 9, Activity 0",Warm,Description for Destination 748
Destination 749,"Activity 9, Activity 0, Activity 1",Moderate,Description for Destination 749
Destination 750,"Activity 0, Activity 1, Activity 2",Cold,Description for Destination 750
Destination 751,"Activity 1, Activity 2, Activity 3",Warm,Description for Destination 751
Destination 752,"Activity 2, Activity 3, Activity 4",Moderate,Description for Destination 752
Destination 753,"Activity 3, Activity 4, Activity 5",Cold,Description for Destination 753
Destination 754,"Activity 4, Activity 5, Activity 6",Warm,Description for Destination 754
Destination 755,"Activity 5, Activity 6, Activity 7",Moderate,Description for Destination 755
Destination 756,"Activity 6, Activity 7, Activity 8",Cold,Description for Destination 756
Destination 757,"Activity 7, Activity 8, Activity 9",Warm,Description for Destination 757
Destination 758,"Activity 8, Activity 9, Activity 0",Moderate,Description for Destination 758
Destination 759,"Activity 9, Activity 0, Activity 1",Cold,Description for Destination 759
Destination 760,"Activity 0, Activity 1, Activity 2",Warm,Description for Destination 760
Destination 761,"Activity 1, Activity 2, Activity 3",Moderate,Description for Destination 761
Destination 762,"Activity 2, Activity 3, Activity 4",Cold,Description for Destination 762
Destination 763,"Activity 3, Activity 4, Activity 5",Warm,Description for Destination 763
Destination 764,"Activity 4, Activity 5, Activity 6",Moderate,Description for Destination 764
Destination 765,"Activity 5, Activity 6, Activity 7",Cold,Description for Destination 765
Destination 766,"Activity 6, Activity 7, Activity 8",Warm,Description for Destination 766
Destination 767,"Activity 7, Activity 8, Activity 9",Moderate,Description for Destination 767
Destination 768,"Activity 8, Activity 9, Activity 0",Cold,Description for Destination 768
Destination 769,"Activity 9, Activity 0, Activity 1",Warm,Description for Destination 769
Destination 770,"Activity 0, Activity 1, Activity 2",Moderate,Description for Destination 770
Destination 771,"Activity 1, Activity 2, Activity 3",Cold,Description for Destination 771
Destination 772,"Activity 2, Activity 3, Activity 4",Warm,Description for Destination 772
Destination 773,"Activity 3, Activity 4, Activity 5",Moderate,Description for Destination 773
Destination 774,"Activity 4, Activity 5, Activity 6",Cold,Description for Destination 774
Destination 775,"Activity 5, Activity 6, Activity 7",Warm,Description for Destination 775
Destination 776,"Activity 6, Activity 7, Activity 8",Moderate,Description for Destination 776
Destination 777,"Activity 7, Activity 8, Activity 9",Cold,Description for Destination 777
Destination 778,"Activity 8, Activity 9, Activity 0",Warm,Description for Destination 778
Destination 779,"Activity 9, Activity 0, Activity 1",Moderate,Description for Destination 779
Destination 780,"Activity 0, Activity 1, Activity 2",Cold,Description for Destination 780
Destination 781,"Activity 1, Activity 2, Activity 3",Warm,Description for Destination 781
Destination 782,"Activity 2, Activity 3, Activity 4",Moderate,Description for Destination 782
Destination 783,"Activity 3, Activity 4, Activity 5",Cold,Description for Destination 783
Destination 784,"Activity 4, Activity 5, Activity 6",Warm,Description for Destination 784
Destination 785,"Activity 5, Activity 6, Activity 7",Moderate,Description for Destination 785
Destination 786,"Activity 6, Activity 7, Activity 8",Cold,Description for Destination 786
Destination 787,"Activity 7, Activity 8, Activity 9",Warm,Description for Destination 787
Destination 788,"Activity 8, Activity 9, Activity 0",Moderate,Description for Destination 788
Destination 789,"Activity 9, Activity 0, Activity 1",Cold,Description for Destination 789
Destination 790,"Activity 0, Activity 1, Activity 2",Warm,Description for Destination 790
Destination 791,"Activity 1, Activity 2, Activity 3",Moderate,Description for Destination 791
Destination 792,"Activity 2, Activity 3, Activity 4",Cold,Description for Destination 792
Destination 793,"Activity 3, Activity 4, Activity 5",Warm,Description for Destination 793
Destination 794,"Activity 4, Activity 5, Activity 6",Moderate,Description for Destination 794
Destination 795,"Activity 5, Activity 6, Activity 7",Cold,Description for Destination 795
Destination 796,"Activity 6, Activity 7, Activity 8",Warm,Description for Destination 796
Destination 797,"Activity 7, Activity 8, Activity 9",Moderate,Description for Destination 797
Destination 798,"Activity 8, Activity 9, Activity 0",Cold,Description for Destination 798
Destination 799,"Activity 9, Activity 0, Activity 1",Warm,Description for Destination 799
Destination 800,"Activity 0, Activity 1, Activity 2",Moderate,Description for Destination 800
Destination 801,"Activity 1, Activity 2, Activity 3",Cold,Description for Destination 801
Destination 802,"Activity 2, Activity 3, Activity 4",Warm,Description for Destination 802
Destination 803,"Activity 3, Activity 4, Activity 5",Moderate,Description for Destination 803
Destination 804,"Activity 4, Activity 5, Activity 6",Cold,Description for Destination 804
Destination 805,"Activity 5, Activity 6, Activity 7",Warm,Description for Destination 805
Destination 806,"Activity 6, Activity 7, Activity 8",Moderate,Description for Destination 806
Destination 807,"Activity 7, Activity 8, Activity 9",Cold,Description for Destination 807
Destination 808,"Activity 8, Activity 9, Activity 0",Warm,Description for Destination 808
Destination 809,"Activity 9, Activity 0, Activity 1",Moderate,Description for Destination 809
Destination 810,"Activity 0, Activity 1, Activity 2",Cold,Description for Destination 810
Destination 811,"Activity 1, Activity 2, Activity 3",Warm,Description for Destination 811
Destination 812,"Activity 2, Activity 3, Activity 4",Moderate,Description for Destination 812
Destination 813,"Activity 3, Activity 4, Activity 5",Cold,Description for Destination 813
Destination 814,"Activity 4, Activity 5, Activity 6",Warm,Description for Destination 814
Destination 815,"Activity 5, Activity 6, Activity 7",Moderate,Description for Destination 815
Destination 816,"Activity 6, Activity 7, Activity 8",Cold,Description for Destination 816
Destination 817,"Activity 7, Activity 8, Activity 9",Warm,Description for Destination 817
Destination 818,"Activity 8, Activity 9, Activity 0",Moderate,Description for Destination 818
Destination 819,"Activity 9, Activity 0, Activity 1",Cold,Description for Destination 819
Destination 820,"Activity 0, Activity 1, Activity 2",Warm,Description for Destination 820
Destination 821,"Activity 1, Activity 2, Activity 3",Moderate,Description for Destination 821
Destination 822,"Activity 2, Activity 3, Activity 4",Cold,Description for Destination 822
Destination 823,"Activity 3, Activity 4, Activity 5",Warm,Description for Destination 823
Destination 824,"Activity 4, Activity 5, Activity 6",Moderate,Description for Destination 824
Destination 825,"Activity 5, Activity 6, Activity 7",Cold,Description for Destination 825
Destination 826,"Activity 6, Activity 7, Activity 8",Warm,Description for Destination 826
Destination 827,"Activity 7, Activity 8, Activity 9",Moderate,Description for Destination 827
Destination 828,"Activity 8, Activity 9, Activity 0",Cold,Description for Destination 828
Destination 829,"Activity 9, Activity 0, Activity 1",Warm,Description for Destination 829
Destination 830,"Activity 0, Activity 1, Activity 2",Moderate,Description for Destination 830
Destination 831,"Activity 1, Activity 2, Activity 3",Cold,Description for Destination 831
Destination 832,"Activity 2, Activity 3, Activity 4",Warm,Description for Destination 832
Destination 833,"Activity 3, Activity 4, Activity 5",Moderate,Description for Destination 833
Destination 834,"Activity 4, Activity 5, Activity 6",Cold,Description for Destination 834
Destination 835,"Activity 5, Activity 6, Activity 7",Warm,Description for Destination 835
Destination 836,"Activity 6, Activity 7, Activity 8",Moderate,Description for Destination 836
Destination 837,"Activity 7, Activity 8, Activity 9",Cold,Description for Destination 837
Destination 838,"Activity 8, Activity 9, Activity 0",Warm,Description for Destination 838
Destination 839,"Activity 9, Activity 0, Activity 1",Moderate,Description for Destination 839
Destination 840,"Activity 0, Activity 1, Activity 2",Cold,Description for Destination 840
Destination 841,"Activity 1, Activity 2, Activity 3",Warm,Description for Destination 841
Destination 842,"Activity 2, Activity 3, Activity 4",Moderate,Description for Destination 842
Destination 843,"Activity 3, Activity 4, Activity 5",Cold,Description for Destination 843
Destination 844,"Activity 4, Activity 5, Activity 6",Warm,Description for Destination 844
Destination 845,"Activity 5, Activity 6, Activity 7",Moderate,Description for Destination 845
Destination 846,"Activity 6, Activity 7, Activity 8",Cold,Description for Destination 846
Destination 847,"Activity 7, Activity 8, Activity 9",Warm,Description for Destination 847
Destination 848,"Activity 8, Activity 9, Activity 0",Moderate,Description for Destination 848
Destination 849,"Activity 9, Activity 0, Activity 1",Cold,Description for Destination 849
Destination 850,"Activity 0, Activity 1, Activity 2",Warm,Description for Destination 850
Destination 851,"Activity 1, Activity 2, Activity 3",Moderate,Description for Destination 851
Destination 852,"Activity 2, Activity 3, Activity 4",Cold,Description for Destination 852
Destination 853,"Activity 3, Activity 4, Activity 5",Warm,Description for Destination 853
Destination 854,"Activity 4, Activity 5, Activity 6",Moderate,Description for Destination 854
Destination 855,"Activity 5, Activity 6, Activity 7",Cold,Description for Destination 855
Destination 856,"Activity 6, Activity 7, Activity 8",Warm,Description for Destination 856
Destination 857,"Activity 7, Activity 8, Activity 9",Moderate,Description for Destination 857
Destination 858,"Activity 8, Activity 9, Activity 0",Cold,Description for Destination 858
Destination 859,"Activity 9, Activity 0, Activity 1",Warm,Description for Destination 859
Destination 860,"Activity 0, Activity 1, Activity 2",Moderate,Description for Destination 860
Destination 861,"Activity 1, Activity 2, Activity 3",Cold,Description for Destination 861
Destination 862,"Activity 2, Activity 3, Activity 4",Warm,Description for Destination 862
Destination 863,"Activity 3, Activity 4, Activity 5",Moderate,Description for Destination 863
Destination 864,"Activity 4, Activity 5, Activity 6",Cold,Description for Destination 864
Destination 865,"Activity 5, Activity 6, Activity 7",Warm,Description for Destination 865
Destination 866,"Activity 6, Activity 7, Activity 8",Moderate,Description for Destination 866
Destination 867,"Activity 7, Activity 8, Activity 9",Cold,Description for Destination 867
Destination 868,"Activity 8, Activity 9, Activity 0",Warm,Description for Destination 868
Destination 869,"Activity 9, Activity 0, Activity 1",Moderate,Description for Destination 869
Destination 870,"Activity 0, Activity 1, Activity 2",Cold,Description for Destination 870
Destination 871,"Activity 1, Activity 2, Activity 3",Warm,Description for Destination 871
Destination 872,"Activity 2, Activity 3, Activity 4",Moderate,Description for Destination 872
Destination 873,"Activity 3, Activity 4, Activity 5",Cold,Description for Destination 873
Destination 874,"Activity 4, Activity 5, Activity 6",Warm,Description for Destination 874
Destination 875,"Activity 5, Activity 6, Activity 7",Moderate,Description for Destination 875
Destination 876,"Activity 6, Activity 7, Activity 8",Cold,Description for Destination 876
Destination 877,"Activity 7, Activity 8, Activity 9",Warm,Description for Destination 877
Destination 878,"Activity 8, Activity 9, Activity 0",Moderate,Description for Destination 878
Destination 879,"Activity 9, Activity 0, Activity 1",Cold,Description for Destination 879
Destination 880,"Activity 0, Activity 1, Activity 2",Warm,Description for Destination 880
Destination 881,"Activity 1, Activity 2, Activity 3",Moderate,Description for Destination 881
Destination 882,"Activity 2, Activity 3, Activity 4",Cold,Description for Destination 882
Destination 883,"Activity 3, Activity 4, Activity 5",Warm,Description for Destination 883
Destination 884,"Activity 4, Activity 5, Activity 6",Moderate,Description for Destination 884
Destination 885,"Activity 5, Activity 6, Activity 7",Cold,Description for Destination 885
Destination 886,"Activity 6, Activity 7, Activity 8",Warm,Description for Destination 886
Destination 887,"Activity 7, Activity 8, Activity 9",Moderate,Description for Destination 887
Destination 888,"Activity 8, Activity 9, Activity 0",Cold,Description for Destination 888
Destination 889,"Activity 9, Activity 0, Activity 1",Warm,Description for Destination 889
Destination 890,"Activity 0, Activity 1, Activity 2",Moderate,Description for Destination 890
Destination 891,"Activity 1, Activity 2, Activity 3",Cold,Description for Destination 891
Destination 892,"Activity 2, Activity 3, Activity 4",Warm,Description for Destination 892
Destination 893,"Activity 3, Activity 4, Activity 5",Moderate,Description for Destination 893
Destination 894,"Activity 4, Activity 5, Activity 6",Cold,Description for Destination 894
Destination 895,"Activity 5, Activity 6, Activity 7",Warm,Description for Destination 895
Destination 896,"Activity 6, Activity 7, Activity 8",Moderate,Description for Destination 896
Destination 897,"Activity 7, Activity 8, Activity 9",Cold,Description for Destination 897
Destination 898,"Activity 8, Activity 9, Activity 0",Warm,Description for Destination 898
Destination 899,"Activity 9, Activity 0, Activity 1",Moderate,Description for Destination 899
Destination 900,"Activity 0, Activity 1, Activity 2",Cold,Description for Destination 900
Destination 901,"Activity 1, Activity 2, Activity 3",Warm,Description for Destination 901
Destination 902,"Activity 2, Activity 3, Activity 4",Moderate,Description for Destination 902
Destination 903,"Activity 3, Activity 4, Activity 5",Cold,Description for Destination 903
Destination 904,"Activity 4, Activity 5, Activity 6",Warm,Description for Destination 904
Destination 905,"Activity 5, Activity 6, Activity 7",Moderate,Description for Destination 905
Destination 906,"Activity 6, Activity 7, Activity 8",Cold,Description for Destination 906
Destination 907,"Activity 7, Activity 8, Activity 9",Warm,Description for Destination 907
Destination 908,"Activity 8, Activity 9, Activity 0",Moderate,Description for Destination 908
Destination 909,"Activity 9, Activity 0, Activity 1",Cold,Description for Destination 909
Destination 910,"Activity 0, Activity 1, Activity 2",Warm,Description for Destination 910
Destination 911,"Activity 1, Activity 2, Activity 3",Moderate,Description for Destination 911
Destination 912,"Activity 2, Activity 3, Activity 4",Cold,Description for Destination 912
Destination 913,"Activity 3, Activity 4, Activity 5",Warm,Description for Destination 913
Destination 914,"Activity 4, Activity 5, Activity 6",Moderate,Description for Destination 914
Destination 915,"Activity 5, Activity 6, Activity 7",Cold,Description for Destination 915
Destination 916,"Activity 6, Activity 7, Activity 8",Warm,Description for Destination 916
Destination 917,"Activity 7, Activity 8, Activity 9",Moderate,Description for Destination 917
Destination 918,"Activity 8, Activity 9, Activity 0",Cold,Description for Destination 918
Destination 919,"Activity 9, Activity 0, Activity 1",Warm,Description for Destination 919
Destination 920,"Activity 0, Activity 1, Activity 2",Moderate,Description for Destination 920
Destination 921,"Activity 1, Activity 2, Activity 3",Cold,Description for Destination 921
Destination 922,"Activity 2, Activity 3, Activity 4",Warm,Description for Destination 922
Destination 923,"Activity 3, Activity 4, Activity 5",Moderate,Description for Destination 923
Destination 924,"Activity 4, Activity 5, Activity 6",Cold,Description for Destination 924
Destination 925,"Activity 5, Activity 6, Activity 7",Warm,Description for Destination 925
Destination 926,"Activity 6, Activity 7, Activity 8",Moderate,Description for Destination 926
Destination 927,"Activity 7, Activity 8, Activity 9",Cold,Description for Destination 927
Destination 928,"Activity 8, Activity 9, Activity 0",Warm,Description for Destination 928
Destination 929,"Activity 9, Activity 0, Activity 1",Moderate,Description for Destination 929
Destination 930,"Activity 0, Activity 1, Activity 2",Cold,Description for Destination 930
Destination 931,"Activity 1, Activity 2, Activity 3",Warm,Description for Destination 931
Destination 932,"Activity 2, Activity 3, Activity 4",Moderate,Description for Destination 932
Destination 933,"Activity 3, Activity 4, Activity 5",Cold,Description for Destination 933
Destination 934,"Activity 4, Activity 5, Activity 6",Warm,Description for Destination 934
Destination 935,"Activity 5, Activity 6, Activity 7",Moderate,Description for Destination 935
Destination 936,"Activity 6, Activity 7, Activity 8",Cold,Description for Destination 936
Destination 937,"Activity 7, Activity 8, Activity 9",Warm,Description for Destination 937
Destination 938,"Activity 8, Activity 9, Activity 0",Moderate,Description for Destination 938
Destination 939,"Activity 9, Activity 0, Activity 1",Cold,Description for Destination 939
Destination 940,"Activity 0, Activity 1, Activity 2",Warm,Description for Destination 940
Destination 941,"Activity 1, Activity 2, Activity 3",Moderate,Description for Destination 941
Destination 942,"Activity 2, Activity 3, Activity 4",Cold,Description for Destination 942
Destination 943,"Activity 3, Activity 4, Activity 5",Warm,Description for Destination 943
Destination 944,"Activity 4, Activity 5, Activity 6",Moderate,Description for Destination 944
Destination 945,"Activity 5, Activity 6, Activity 7",Cold,Description for Destination 945
Destination 946,"Activity 6, Activity 7, Activity 8",Warm,Description for Destination 946
Destination 947,"Activity 7, Activity 8, Activity 9",Moderate,Description for Destination 947
Destination 948,"Activity 8, Activity 9, Activity 0",Cold,Description for Destination 948
Destination 949,"Activity 9, Activity 0, Activity 1",Warm,Description for Destination 949
Destination 950,"Activity 0, Activity 1, Activity 2",Moderate,Description for Destination 950
Destination 951,"Activity 1, Activity 2, Activity 3",Cold,Description for Destination 951
Destination 952,"Activity 2, Activity 3, Activity 4",Warm,Description for Destination 952
Destination 953,"Activity 3, Activity 4, Activity 5",Moderate,Description for Destination 953
Destination 954,"Activity 4, Activity 5, Activity 6",Cold,Description for Destination 954
Destination 955,"Activity 5, Activity 6, Activity 7",Warm,Description for Destination 955
Destination 956,"Activity 6, Activity 7, Activity 8",Moderate,Description for Destination 956
Destination 957,"Activity 7, Activity 8, Activity 9",Cold,Description for Destination 957
Destination 958,"Activity 8, Activity 9, Activity 0",Warm,Description for Destination 958
Destination 959,"Activity 9, Activity 0, Activity 1",Moderate,Description for Destination 959
Destination 960,"Activity 0, Activity 1, Activity 2",Cold,Description for Destination 960
Destination 961,"Activity 1, Activity 2, Activity 3",Warm,Description for Destination 961
Destination 962,"Activity 2, Activity 3, Activity 4",Moderate,Description for Destination 962
Destination 963,"Activity 3, Activity 4, Activity 5",Cold,Description for Destination 963
Destination 964,"Activity 4, Activity 5, Activity 6",Warm,Description for Destination 964
Destination 965,"Activity 5, Activity 6, Activity 7",Moderate,Description for Destination 965
Destination 966,"Activity 6, Activity 7, Activity 8",Cold,Description for Destination 966
Destination 967,"Activity 7, Activity 8, Activity 9",Warm,Description for Destination 967
Destination 968,"Activity 8, Activity 9, Activity 0",Moderate,Description for Destination 968
Destination 969,"Activity 9, Activity 0, Activity 1",Cold,Description for Destination 969
Destination 970,"Activity 0, Activity 1, Activity 2",Warm,Description for Destination 970
Destination 971,"Activity 1, Activity 2, Activity 3",Moderate,Description for Destination 971
Destination 972,"Activity 2, Activity 3, Activity 4",Cold,Description for Destination 972
Destination 973,"Activity 3, Activity 4, Activity 5",Warm,Description for Destination 973
Destination 974,"Activity 4, Activity 5, Activity 6",Moderate,Description for Destination 974
Destination 975,"Activity 5, Activity 6, Activity 7",Cold,Description for Destination 975
Destination 976,"Activity 6, Activity 7, Activity 8",Warm,Description for Destination 976
Destination 977,"Activity 7, Activity 8, Activity 9",Moderate,Description for Destination 977
Destination 978,"Activity 8, Activity 9, Activity 0",Cold,Description for Destination 978
Destination 979,"Activity 9, Activity 0, Activity 1",Warm,Description for Destination 979
Destination 980,"Activity 0, Activity 1, Activity 2",Moderate,Description for Destination 980
Destination 981,"Activity 1, Activity 2, Activity 3",Cold,Description for Destination 981
Destination 982,"Activity 2, Activity 3, Activity 4",Warm,Description for Destination 982
Destination 983,"Activity 3, Activity 4, Activity 5",Moderate,Description for Destination 983
Destination 984,"Activity 4, Activity 5, Activity 6",Cold,Description for Destination 984
Destination 985,"Activity 5, Activity 6, Activity 7",Warm,Description for Destination 985
Destination 986,"Activity 6, Activity 7, Activity 8",Moderate,Description for Destination 986
Destination 987,"Activity 7, Activity 8, Activity 9",Cold,Description for Destination 987
Destination 988,"Activity 8, Activity 9, Activity 0",Warm,Description for Destination 988
Destination 989,"Activity 9, Activity 0, Activity 1",Moderate,Description for Destination 989
Destination 990,"Activity 0, Activity 1, Activity 2",Cold,Description for Destination 990
Destination 991,"Activity 1, Activity 2, Activity 3",Warm,Description for Destination 991
Destination 992,"Activity 2, Activity 3, Activity 4",Moderate,Description for Destination 992
Destination 993,"Activity 3, Activity 4, Activity 5",Cold,Description for Destination 993
Destination 994,"Activity 4, Activity 5, Activity 6",Warm,Description for Destination 994
Destination 995,"Activity 5, Activity 6, Activity 7",Moderate,Description for Destination 995
Destination 996,"Activity 6, Activity 7, Activity 8",Cold,Description for Destination 996
Destination 997,"Activity 7, Activity 8, Activity 9",Warm,Description for Destination 997
Destination 998,"Activity 8, Activity 9, Activity 0",Moderate,Description for Destination 998
Destination 999,"Activity 9, Activity 0, Activity 1",Cold,Description for Destination 999
Destination 1000,"Activity 0, Activity 1, Activity 2",Warm,Description for Destination 1000
